  0
SECTION
  2
HEADER
  9
$ACADVER
  1
AC1032
  9
$ACADMAINTVER
 90
4
  9
$DWGCODEPAGE
  3
ANSI_1252
  9
$LASTSAVEDBY
  1
ezdxf
  9
$REQUIREDVERSIONS
160
0
  9
$INSBASE
 10
0.0
 20
0.0
 30
0.0
  9
$EXTMIN
 10
1e+20
 20
1e+20
 30
1e+20
  9
$EXTMAX
 10
-1e+20
 20
-1e+20
 30
-1e+20
  9
$LIMMIN
 10
0.0
 20
0.0
  9
$LIMMAX
 10
420.0
 20
297.0
  9
$ORTHOMODE
 70
0
  9
$REGENMODE
 70
1
  9
$FILLMODE
 70
1
  9
$QTEXTMODE
 70
0
  9
$MIRRTEXT
 70
1
  9
$LTSCALE
 40
1.0
  9
$ATTMODE
 70
1
  9
$TEXTSIZE
 40
0.1
  9
$TRACEWID
 40
1.0
  9
$TEXTSTYLE
  7
LAVA
  9
$CLAYER
  8
0
  9
$CELTYPE
  6
ByLayer
  9
$CECOLOR
 62
256
  9
$CELTSCALE
 40
1.0
  9
$DISPSILH
 70
0
  9
$DIMSCALE
 40
1.0
  9
$DIMASZ
 40
2.5
  9
$DIMEXO
 40
0.625
  9
$DIMDLI
 40
3.75
  9
$DIMRND
 40
0.0
  9
$DIMDLE
 40
0.0
  9
$DIMEXE
 40
1.25
  9
$DIMTP
 40
0.0
  9
$DIMTM
 40
0.0
  9
$DIMTXT
 40
2.5
  9
$DIMCEN
 40
2.5
  9
$DIMTSZ
 40
0.0
  9
$DIMTOL
 70
0
  9
$DIMLIM
 70
0
  9
$DIMTIH
 70
0
  9
$DIMTOH
 70
0
  9
$DIMSE1
 70
0
  9
$DIMSE2
 70
0
  9
$DIMTAD
 70
1
  9
$DIMZIN
 70
8
  9
$DIMBLK
  1

  9
$DIMASO
 70
1
  9
$DIMSHO
 70
1
  9
$DIMPOST
  1

  9
$DIMAPOST
  1

  9
$DIMALT
 70
0
  9
$DIMALTD
 70
3
  9
$DIMALTF
 40
0.03937007874
  9
$DIMLFAC
 40
1.0
  9
$DIMTOFL
 70
1
  9
$DIMTVP
 40
0.0
  9
$DIMTIX
 70
0
  9
$DIMSOXD
 70
0
  9
$DIMSAH
 70
0
  9
$DIMBLK1
  1

  9
$DIMBLK2
  1

  9
$DIMSTYLE
  2
LAVA-50
  9
$DIMCLRD
 70
0
  9
$DIMCLRE
 70
0
  9
$DIMCLRT
 70
0
  9
$DIMTFAC
 40
1.0
  9
$DIMGAP
 40
0.625
  9
$DIMJUST
 70
0
  9
$DIMSD1
 70
0
  9
$DIMSD2
 70
0
  9
$DIMTOLJ
 70
0
  9
$DIMTZIN
 70
8
  9
$DIMALTZ
 70
0
  9
$DIMALTTZ
 70
0
  9
$DIMUPT
 70
0
  9
$DIMDEC
 70
2
  9
$DIMTDEC
 70
2
  9
$DIMALTU
 70
2
  9
$DIMALTTD
 70
3
  9
$DIMTXSTY
  7
Standard
  9
$DIMAUNIT
 70
0
  9
$DIMADEC
 70
0
  9
$DIMALTRND
 40
0.0
  9
$DIMAZIN
 70
0
  9
$DIMDSEP
 70
44
  9
$DIMATFIT
 70
3
  9
$DIMFRAC
 70
0
  9
$DIMLDRBLK
  1

  9
$DIMLUNIT
 70
2
  9
$DIMLWD
 70
-2
  9
$DIMLWE
 70
-2
  9
$DIMTMOVE
 70
0
  9
$DIMFXL
 40
1.0
  9
$DIMFXLON
 70
0
  9
$DIMJOGANG
 40
0.785398163397
  9
$DIMTFILL
 70
0
  9
$DIMTFILLCLR
 70
0
  9
$DIMARCSYM
 70
0
  9
$DIMLTYPE
  6

  9
$DIMLTEX1
  6

  9
$DIMLTEX2
  6

  9
$DIMTXTDIRECTION
 70
0
  9
$LUNITS
 70
2
  9
$LUPREC
 70
3
  9
$SKETCHINC
 40
1.0
  9
$FILLETRAD
 40
10.0
  9
$AUNITS
 70
0
  9
$AUPREC
 70
1
  9
$MENU
  1
.
  9
$ELEVATION
 40
0.0
  9
$PELEVATION
 40
0.0
  9
$THICKNESS
 40
0.0
  9
$LIMCHECK
 70
0
  9
$CHAMFERA
 40
0.0
  9
$CHAMFERB
 40
0.0
  9
$CHAMFERC
 40
0.0
  9
$CHAMFERD
 40
0.0
  9
$SKPOLY
 70
0
  9
$TDCREATE
 40
2461309.979675926
  9
$TDUCREATE
 40
2458532.153996898
  9
$TDUPDATE
 40
2461309.9797800924
  9
$TDUUPDATE
 40
2458532.1544311
  9
$TDINDWG
 40
0.0
  9
$TDUSRTIMER
 40
0.0
  9
$USRTIMER
 70
1
  9
$ANGBASE
 50
0.0
  9
$ANGDIR
 70
0
  9
$PDMODE
 70
0
  9
$PDSIZE
 40
0.0
  9
$PLINEWID
 40
0.0
  9
$SPLFRAME
 70
0
  9
$SPLINETYPE
 70
6
  9
$SPLINESEGS
 70
8
  9
$HANDSEED
  5
85C
  9
$SURFTAB1
 70
6
  9
$SURFTAB2
 70
6
  9
$SURFTYPE
 70
6
  9
$SURFU
 70
6
  9
$SURFV
 70
6
  9
$UCSBASE
  2

  9
$UCSNAME
  2

  9
$UCSORG
 10
0.0
 20
0.0
 30
0.0
  9
$UCSXDIR
 10
1.0
 20
0.0
 30
0.0
  9
$UCSYDIR
 10
0.0
 20
1.0
 30
0.0
  9
$UCSORTHOREF
  2

  9
$UCSORTHOVIEW
 70
0
  9
$UCSORGTOP
 10
0.0
 20
0.0
 30
0.0
  9
$UCSORGBOTTOM
 10
0.0
 20
0.0
 30
0.0
  9
$UCSORGLEFT
 10
0.0
 20
0.0
 30
0.0
  9
$UCSORGRIGHT
 10
0.0
 20
0.0
 30
0.0
  9
$UCSORGFRONT
 10
0.0
 20
0.0
 30
0.0
  9
$UCSORGBACK
 10
0.0
 20
0.0
 30
0.0
  9
$PUCSBASE
  2

  9
$PUCSNAME
  2

  9
$PUCSORG
 10
0.0
 20
0.0
 30
0.0
  9
$PUCSXDIR
 10
1.0
 20
0.0
 30
0.0
  9
$PUCSYDIR
 10
0.0
 20
1.0
 30
0.0
  9
$PUCSORTHOREF
  2

  9
$PUCSORTHOVIEW
 70
0
  9
$PUCSORGTOP
 10
0.0
 20
0.0
 30
0.0
  9
$PUCSORGBOTTOM
 10
0.0
 20
0.0
 30
0.0
  9
$PUCSORGLEFT
 10
0.0
 20
0.0
 30
0.0
  9
$PUCSORGRIGHT
 10
0.0
 20
0.0
 30
0.0
  9
$PUCSORGFRONT
 10
0.0
 20
0.0
 30
0.0
  9
$PUCSORGBACK
 10
0.0
 20
0.0
 30
0.0
  9
$USERI1
 70
0
  9
$USERI2
 70
0
  9
$USERI3
 70
0
  9
$USERI4
 70
0
  9
$USERI5
 70
0
  9
$USERR1
 40
0.0
  9
$USERR2
 40
0.0
  9
$USERR3
 40
0.0
  9
$USERR4
 40
0.0
  9
$USERR5
 40
0.0
  9
$WORLDVIEW
 70
1
  9
$SHADEDGE
 70
3
  9
$SHADEDIF
 70
70
  9
$TILEMODE
 70
1
  9
$MAXACTVP
 70
64
  9
$PINSBASE
 10
0.0
 20
0.0
 30
0.0
  9
$PLIMCHECK
 70
0
  9
$PEXTMIN
 10
1e+20
 20
1e+20
 30
1e+20
  9
$PEXTMAX
 10
-1e+20
 20
-1e+20
 30
-1e+20
  9
$PLIMMIN
 10
0.0
 20
0.0
  9
$PLIMMAX
 10
420.0
 20
297.0
  9
$UNITMODE
 70
0
  9
$VISRETAIN
 70
1
  9
$PLINEGEN
 70
0
  9
$PSLTSCALE
 70
0
  9
$TREEDEPTH
 70
3020
  9
$CMLSTYLE
  2
Standard
  9
$CMLJUST
 70
0
  9
$CMLSCALE
 40
20.0
  9
$PROXYGRAPHICS
 70
1
  9
$MEASUREMENT
 70
1
  9
$CELWEIGHT
370
-1
  9
$ENDCAPS
280
0
  9
$JOINSTYLE
280
0
  9
$LWDISPLAY
290
1
  9
$INSUNITS
 70
6
  9
$HYPERLINKBASE
  1

  9
$STYLESHEET
  1

  9
$XEDIT
290
1
  9
$CEPSNTYPE
380
0
  9
$PSTYLEMODE
290
1
  9
$FINGERPRINTGUID
  2
{477D6F02-4993-4532-A7BB-96FBD64D2324}
  9
$VERSIONGUID
  2
{1E8A455C-AEB7-4BDA-8C34-A5B44CE3C77B}
  9
$EXTNAMES
290
1
  9
$PSVPSCALE
 40
0.0
  9
$OLESTARTUP
290
0
  9
$SORTENTS
280
127
  9
$INDEXCTL
280
0
  9
$HIDETEXT
280
1
  9
$XCLIPFRAME
280
1
  9
$HALOGAP
280
0
  9
$OBSCOLOR
 70
257
  9
$OBSLTYPE
280
0
  9
$INTERSECTIONDISPLAY
280
0
  9
$INTERSECTIONCOLOR
 70
257
  9
$DIMASSOC
280
2
  9
$PROJECTNAME
  1

  9
$CAMERADISPLAY
290
0
  9
$LENSLENGTH
 40
50.0
  9
$CAMERAHEIGHT
 40
0.0
  9
$STEPSPERSEC
 40
24.0
  9
$STEPSIZE
 40
100.0
  9
$3DDWFPREC
 40
2.0
  9
$PSOLWIDTH
 40
0.005
  9
$PSOLHEIGHT
 40
0.08
  9
$LOFTANG1
 40
1.570796326795
  9
$LOFTANG2
 40
1.570796326795
  9
$LOFTMAG1
 40
0.0
  9
$LOFTMAG2
 40
0.0
  9
$LOFTPARAM
 70
7
  9
$LOFTNORMALS
280
1
  9
$LATITUDE
 40
37.795
  9
$LONGITUDE
 40
-122.394
  9
$NORTHDIRECTION
 40
0.0
  9
$TIMEZONE
 70
-8000
  9
$LIGHTGLYPHDISPLAY
280
1
  9
$TILEMODELIGHTSYNCH
280
1
  9
$CMATERIAL
347
20
  9
$SOLIDHIST
280
0
  9
$SHOWHIST
280
1
  9
$DWFFRAME
280
2
  9
$DGNFRAME
280
2
  9
$REALWORLDSCALE
290
1
  9
$INTERFERECOLOR
 62
256
  9
$CSHADOW
280
0
  9
$SHADOWPLANELOCATION
 40
0.0
  0
ENDSEC
  0
SECTION
  2
CLASSES
  0
CLASS
  1
ACDBDICTIONARYWDFLT
  2
AcDbDictionaryWithDefault
  3
ObjectDBX Classes
 90
0
 91
0
280
0
281
0
  0
CLASS
  1
SUN
  2
AcDbSun
  3
SCENEOE
 90
1153
 91
0
280
0
281
0
  0
CLASS
  1
VISUALSTYLE
  2
AcDbVisualStyle
  3
ObjectDBX Classes
 90
4095
 91
0
280
0
281
0
  0
CLASS
  1
MATERIAL
  2
AcDbMaterial
  3
ObjectDBX Classes
 90
1153
 91
0
280
0
281
0
  0
CLASS
  1
SCALE
  2
AcDbScale
  3
ObjectDBX Classes
 90
1153
 91
0
280
0
281
0
  0
CLASS
  1
TABLESTYLE
  2
AcDbTableStyle
  3
ObjectDBX Classes
 90
4095
 91
0
280
0
281
0
  0
CLASS
  1
MLEADERSTYLE
  2
AcDbMLeaderStyle
  3
ACDB_MLEADERSTYLE_CLASS
 90
4095
 91
0
280
0
281
0
  0
CLASS
  1
DICTIONARYVAR
  2
AcDbDictionaryVar
  3
ObjectDBX Classes
 90
0
 91
0
280
0
281
0
  0
CLASS
  1
CELLSTYLEMAP
  2
AcDbCellStyleMap
  3
ObjectDBX Classes
 90
1152
 91
0
280
0
281
0
  0
CLASS
  1
MENTALRAYRENDERSETTINGS
  2
AcDbMentalRayRenderSettings
  3
SCENEOE
 90
1024
 91
0
280
0
281
0
  0
CLASS
  1
ACDBDETAILVIEWSTYLE
  2
AcDbDetailViewStyle
  3
ObjectDBX Classes
 90
1025
 91
0
280
0
281
0
  0
CLASS
  1
ACDBSECTIONVIEWSTYLE
  2
AcDbSectionViewStyle
  3
ObjectDBX Classes
 90
1025
 91
0
280
0
281
0
  0
CLASS
  1
RASTERVARIABLES
  2
AcDbRasterVariables
  3
ISM
 90
0
 91
0
280
0
281
0
  0
CLASS
  1
LAYOUT
  2
AcDbLayout
  3
ObjectDBX Classes
 90
0
 91
0
280
0
281
0
  0
CLASS
  1
ACDBPLACEHOLDER
  2
AcDbPlaceHolder
  3
ObjectDBX Classes
 90
0
 91
0
280
0
281
0
  0
ENDSEC
  0
SECTION
  2
TABLES
  0
TABLE
  2
VPORT
  5
8
330
0
100
AcDbSymbolTable
 70
1
  0
VPORT
  5
858
330
8
100
AcDbSymbolTableRecord
100
AcDbViewportTableRecord
  2
*Active
 70
0
 10
0.0
 20
0.0
 11
1.0
 21
1.0
 12
18.491999999999997
 22
-8.552999999999981
 13
0.0
 23
0.0
 14
0.5
 24
0.5
 15
0.5
 25
0.5
 16
0.0
 26
0.0
 36
1.0
 17
0.0
 27
0.0
 37
0.0
 40
22.915319999999962
 41
1.34
 42
50.0
 43
0.0
 44
0.0
 50
0.0
 51
0.0
 71
0
 72
1000
 73
1
 74
3
 75
0
 76
0
 77
0
 78
0
281
0
 65
1
110
0.0
120
0.0
130
0.0
111
1.0
121
0.0
131
0.0
112
0.0
122
1.0
132
0.0
 79
0
146
0.0
  0
ENDTAB
  0
TABLE
  2
LTYPE
  5
2
330
0
100
AcDbSymbolTable
 70
9
  0
LTYPE
  5
24
330
2
100
AcDbSymbolTableRecord
100
AcDbLinetypeTableRecord
  2
ByBlock
 70
0
  3

 72
65
 73
0
 40
0.0
  0
LTYPE
  5
25
330
2
100
AcDbSymbolTableRecord
100
AcDbLinetypeTableRecord
  2
ByLayer
 70
0
  3

 72
65
 73
0
 40
0.0
  0
LTYPE
  5
26
330
2
100
AcDbSymbolTableRecord
100
AcDbLinetypeTableRecord
  2
Continuous
 70
0
  3

 72
65
 73
0
 40
0.0
  0
LTYPE
  5
2F
330
2
100
AcDbSymbolTableRecord
100
AcDbLinetypeTableRecord
  2
LAVA_EJE
 70
0
  3
Eje  ____ _ ____ _
 72
65
 73
4
 40
0.9
 49
0.6
 74
0
 49
-0.1
 74
0
 49
0.1
 74
0
 49
-0.1
 74
0
  0
LTYPE
  5
30
330
2
100
AcDbSymbolTableRecord
100
AcDbLinetypeTableRecord
  2
LAVA_DEMOL
 70
0
  3
Demolición __ __ __
 72
65
 73
2
 40
0.18
 49
0.12
 74
0
 49
-0.06
 74
0
  0
LTYPE
  5
31
330
2
100
AcDbSymbolTableRecord
100
AcDbLinetypeTableRecord
  2
LAVA_OCULTO
 70
0
  3
Proyección / en altura ___ ___
 72
65
 73
2
 40
0.21
 49
0.15
 74
0
 49
-0.06
 74
0
  0
LTYPE
  5
32
330
2
100
AcDbSymbolTableRecord
100
AcDbLinetypeTableRecord
  2
LAVA_FINO
 70
0
  3
Fino _ _ _ _
 72
65
 73
2
 40
0.09
 49
0.06
 74
0
 49
-0.03
 74
0
  0
LTYPE
  5
33
330
2
100
AcDbSymbolTableRecord
100
AcDbLinetypeTableRecord
  2
LAVA_GAS
 70
0
  3
Gas ____ . ____ .
 72
65
 73
4
 40
0.4
 49
0.28
 74
0
 49
-0.05
 74
0
 49
0.02
 74
0
 49
-0.05
 74
0
  0
LTYPE
  5
34
330
2
100
AcDbSymbolTableRecord
100
AcDbLinetypeTableRecord
  2
LAVA_COND
 70
0
  3
Condicional ___ . ___ .
 72
65
 73
4
 40
0.24
 49
0.14
 74
0
 49
-0.04
 74
0
 49
0.02
 74
0
 49
-0.04
 74
0
  0
ENDTAB
  0
TABLE
  2
LAYER
  5
1
330
0
100
AcDbSymbolTable
 70
38
  0
LAYER
  5
27
330
1
100
AcDbSymbolTableRecord
100
AcDbLayerTableRecord
  2
0
 70
0
 62
7
  6
Continuous
370
-3
390
13
347
21
  0
LAYER
  5
28
330
1
100
AcDbSymbolTableRecord
100
AcDbLayerTableRecord
  2
Defpoints
 70
0
 62
7
  6
Continuous
290
0
370
-3
390
13
347
21
  0
LAYER
  5
94
330
1
100
AcDbSymbolTableRecord
100
AcDbLayerTableRecord
  2
A-ZONA-TRAMA
 70
0
 62
8
  6
Continuous
370
5
390
13
347
21
1001
AcAecLayerStandard
1000

1000
Relleno transparente de zonas
  0
LAYER
  5
97
330
1
100
AcDbSymbolTableRecord
100
AcDbLayerTableRecord
  2
A-ZONA
 70
0
 62
8
  6
LAVA_FINO
370
18
390
13
347
21
1001
AcAecLayerStandard
1000

1000
Zonas operativas: límite, nombre y área
  0
LAYER
  5
A3
330
1
100
AcDbSymbolTableRecord
100
AcDbLayerTableRecord
  2
A-EJE
 70
0
 62
8
  6
LAVA_EJE
370
13
390
13
347
21
1001
AcAecLayerStandard
1000

1000
Ejes de columnas A-B-C / 1-2
  0
LAYER
  5
B8
330
1
100
AcDbSymbolTableRecord
100
AcDbLayerTableRecord
  2
A-COTA
 70
0
 62
7
  6
Continuous
370
13
390
13
347
21
1001
AcAecLayerStandard
1000

1000
Cotas (entidades DIMENSION, estilo LAVA-50)
  0
LAYER
  5
D7
330
1
100
AcDbSymbolTableRecord
100
AcDbLayerTableRecord
  2
A-ESCALERA
 70
0
 62
8
  6
Continuous
370
18
390
13
347
21
1001
AcAecLayerStandard
1000

1000
Escalera del edificio (fuera del local)
  0
LAYER
  5
ED
330
1
100
AcDbSymbolTableRecord
100
AcDbLayerTableRecord
  2
A-DUCTO
 70
0
 62
8
  6
Continuous
370
18
390
13
347
21
1001
AcAecLayerStandard
1000

1000
Ductos existentes (shafts)
  0
LAYER
  5
FF
330
1
100
AcDbSymbolTableRecord
100
AcDbLayerTableRecord
  2
A-MURO-EXIST-TRAMA
 70
0
 62
253
  6
Continuous
370
5
390
13
347
21
1001
AcAecLayerStandard
1000

1000
Trama de muro existente
  0
LAYER
  5
101
330
1
100
AcDbSymbolTableRecord
100
AcDbLayerTableRecord
  2
A-MURO-EXIST
 70
0
 62
8
  6
Continuous
370
35
390
13
347
21
1001
AcAecLayerStandard
1000

1000
EXISTING WALL: muro existente que se mantiene (contorno)
  0
LAYER
  5
10A
330
1
100
AcDbSymbolTableRecord
100
AcDbLayerTableRecord
  2
A-COLUMNA-TRAMA
 70
0
 62
8
  6
Continuous
370
5
390
13
347
21
1001
AcAecLayerStandard
1000

1000
Relleno de columnas
  0
LAYER
  5
10C
330
1
100
AcDbSymbolTableRecord
100
AcDbLayerTableRecord
  2
A-COLUMNA
 70
0
 62
7
  6
Continuous
370
50
390
13
347
21
1001
AcAecLayerStandard
1000

1000
Columnas (contorno)
  0
LAYER
  5
118
330
1
100
AcDbSymbolTableRecord
100
AcDbLayerTableRecord
  2
A-VIDRIO
 70
0
 62
4
  6
Continuous
370
25
390
13
347
21
1001
AcAecLayerStandard
1000

1000
Vidrio: vitrinas, ventana, vidrio de la división NW-1
  0
LAYER
  5
11F
330
1
100
AcDbSymbolTableRecord
100
AcDbLayerTableRecord
  2
A-MURO-DEMOL-TRAMA
 70
0
 62
11
  6
Continuous
370
5
390
13
347
21
1001
AcAecLayerStandard
1000

1000
Trama de demolición
  0
LAYER
  5
121
330
1
100
AcDbSymbolTableRecord
100
AcDbLayerTableRecord
  2
A-MURO-DEMOL
 70
0
 62
1
  6
LAVA_DEMOL
370
35
390
13
347
21
1001
AcAecLayerStandard
1000

1000
WALL TO DEMOLISH: muro / vidrio / tramo a demoler
  0
LAYER
  5
12D
330
1
100
AcDbSymbolTableRecord
100
AcDbLayerTableRecord
  2
A-RETIRO
 70
0
 62
1
  6
LAVA_DEMOL
370
25
390
13
347
21
1001
AcAecLayerStandard
1000

1000
Equipo existente a retirar
  0
LAYER
  5
12F
330
1
100
AcDbSymbolTableRecord
100
AcDbLayerTableRecord
  2
A-MURO-NUEVO-TRAMA
 70
0
 62
7
  6
Continuous
370
5
390
13
347
21
1001
AcAecLayerStandard
1000

1000
Relleno sólido de muro nuevo
  0
LAYER
  5
131
330
1
100
AcDbSymbolTableRecord
100
AcDbLayerTableRecord
  2
A-MURO-NUEVO
 70
0
 62
7
  6
Continuous
370
70
390
13
347
21
1001
AcAecLayerStandard
1000

1000
NEW PROPOSED WALL: muro / división nueva
  0
LAYER
  5
136
330
1
100
AcDbSymbolTableRecord
100
AcDbLayerTableRecord
  2
A-PUERTA
 70
0
 62
150
  6
Continuous
370
25
390
13
347
21
1001
AcAecLayerStandard
1000

1000
Puertas y vanos con giro de hoja
  0
LAYER
  5
13C
330
1
100
AcDbSymbolTableRecord
100
AcDbLayerTableRecord
  2
A-PUERTA-COND
 70
0
 62
1
  6
LAVA_COND
370
25
390
13
347
21
1001
AcAecLayerStandard
1000

1000
Puerta / vano CONDICIONAL (requiere aprobación)
  0
LAYER
  5
145
330
1
100
AcDbSymbolTableRecord
100
AcDbLayerTableRecord
  2
A-CONTEXTO
 70
0
 62
9
  6
LAVA_FINO
370
13
390
13
347
21
1001
AcAecLayerStandard
1000

1000
Contexto fuera del local (puertas vecinas, terraza)
  0
LAYER
  5
14B
330
1
100
AcDbSymbolTableRecord
100
AcDbLayerTableRecord
  2
A-MOBILIARIO
 70
0
 62
94
  6
Continuous
370
18
390
13
347
21
1001
AcAecLayerStandard
1000

1000
Mesas, sillas y bancas corridas
  0
LAYER
  5
1B4
330
1
100
AcDbSymbolTableRecord
100
AcDbLayerTableRecord
  2
A-DECOR
 70
0
 62
32
  6
Continuous
370
13
390
13
347
21
1001
AcAecLayerStandard
1000

1000
Decoración: celosía, letrero, afiches, luminarias decorativas
  0
LAYER
  5
1E9
330
1
100
AcDbSymbolTableRecord
100
AcDbLayerTableRecord
  2
A-EQUIPO
 70
0
 62
30
  6
Continuous
370
25
390
13
347
21
1001
AcAecLayerStandard
1000

1000
Equipos de cocina / barra en piso (trazo grueso = frente de trabajo)
  0
LAYER
  5
1EC
330
1
100
AcDbSymbolTableRecord
100
AcDbLayerTableRecord
  2
A-EQUIPO-DESPEJE
 70
0
 62
-8
  6
LAVA_FINO
370
9
390
13
347
21
1001
AcAecLayerStandard
1000

1000
Despeje libre exigido frente a cada equipo
  0
LAYER
  5
1FA
330
1
100
AcDbSymbolTableRecord
100
AcDbLayerTableRecord
  2
A-EQUIPO-ALTO
 70
0
 62
30
  6
LAVA_OCULTO
370
35
390
13
347
21
1001
AcAecLayerStandard
1000

1000
Equipos en altura: campanas (proyección)
  0
LAYER
  5
205
330
1
100
AcDbSymbolTableRecord
100
AcDbLayerTableRecord
  2
P-SANITARIO
 70
0
 62
5
  6
Continuous
370
25
390
13
347
21
1001
AcAecLayerStandard
1000

1000
Artefactos sanitarios, trampa de grasa, puntos húmedos existentes WP, desagües
  0
LAYER
  5
24F
330
1
100
AcDbSymbolTableRecord
100
AcDbLayerTableRecord
  2
A-EQUIPO-TEXTO
 70
0
 62
7
  6
Continuous
370
13
390
13
347
21
1001
AcAecLayerStandard
1000

1000
Rótulos de equipos: tag · nombre · medida (* = DIMENSION TO VERIFY)
  0
LAYER
  5
29F
330
1
100
AcDbSymbolTableRecord
100
AcDbLayerTableRecord
  2
A-FLUJO
 70
0
 62
-5
  6
Continuous
370
25
390
13
347
21
1001
AcAecLayerStandard
1000

1000
Flujos operativos (limpio / sucio / platos / clientes / delivery)
  0
LAYER
  5
4A6
330
1
100
AcDbSymbolTableRecord
100
AcDbLayerTableRecord
  2
A-COTA-DEMO
 70
0
 62
-1
  6
Continuous
370
13
390
13
347
21
1001
AcAecLayerStandard
1000

1000
Cotas del estado Marna’s y corrimiento (lámina A-102)
  0
LAYER
  5
4E3
330
1
100
AcDbSymbolTableRecord
100
AcDbLayerTableRecord
  2
A-NOTA-CLAVE
 70
0
 62
7
  6
Continuous
370
18
390
13
347
21
1001
AcAecLayerStandard
1000

1000
Notas clave numeradas (mismas que la lámina A-101)
  0
LAYER
  5
4F8
330
1
100
AcDbSymbolTableRecord
100
AcDbLayerTableRecord
  2
S-SEGURIDAD
 70
0
 62
1
  6
Continuous
370
25
390
13
347
21
1001
AcAecLayerStandard
1000

1000
Salidas, rótulos SALIDA, luces de emergencia, extintores, detectores, pulsadores
  0
LAYER
  5
54E
330
1
100
AcDbSymbolTableRecord
100
AcDbLayerTableRecord
  2
M-GAS
 70
0
 62
40
  6
LAVA_GAS
370
35
390
13
347
21
1001
AcAecLayerStandard
1000

1000
Gas de la red del centro comercial: acometida, llaves, solenoide, manifold (esquemático)
  0
LAYER
  5
55D
330
1
100
AcDbSymbolTableRecord
100
AcDbLayerTableRecord
  2
M-EXTRACCION
 70
0
 62
6
  6
Continuous
370
35
390
13
347
21
1001
AcAecLayerStandard
1000

1000
Extracción EXT-1 / EXT-2 y chimenea EXT-3: collarines y ductos verticales
  0
LAYER
  5
569
330
1
100
AcDbSymbolTableRecord
100
AcDbLayerTableRecord
  2
M-AIRE
 70
0
 62
140
  6
Continuous
370
25
390
13
347
21
1001
AcAecLayerStandard
1000

1000
Aire de reposición AR-1 (difusores y riser propuesto de M-102)
  0
LAYER
  5
572
330
1
100
AcDbSymbolTableRecord
100
AcDbLayerTableRecord
  2
E-TABLERO
 70
0
 62
200
  6
Continuous
370
35
390
13
347
21
1001
AcAecLayerStandard
1000

1000
Tablero eléctrico y espacio de trabajo
  0
LAYER
  5
585
330
1
100
AcDbSymbolTableRecord
100
AcDbLayerTableRecord
  2
S-EGRESO
 70
0
 62
-230
  6
LAVA_OCULTO
370
18
390
13
347
21
1001
AcAecLayerStandard
1000

1000
Recorridos de egreso medidos (data/life_safety_calcs.json)
  0
LAYER
  5
5FC
330
1
100
AcDbSymbolTableRecord
100
AcDbLayerTableRecord
  2
A-TEXTO
 70
0
 62
7
  6
Continuous
370
18
390
13
347
21
1001
AcAecLayerStandard
1000

1000
Textos, rótulo, notas y cuadros
  0
ENDTAB
  0
TABLE
  2
STYLE
  5
5
330
0
100
AcDbSymbolTable
 70
3
  0
STYLE
  5
29
330
5
100
AcDbSymbolTableRecord
100
AcDbTextStyleTableRecord
  2
Standard
 70
0
 40
0.0
 41
1.0
 50
0.0
 71
0
 42
2.5
  3
txt
  4

  0
STYLE
  5
35
330
5
100
AcDbSymbolTableRecord
100
AcDbTextStyleTableRecord
  2
LAVA
 70
0
 40
0.0
 41
1.0
 50
0.0
 71
0
 42
2.5
  3
arial.ttf
  4

  0
STYLE
  5
36
330
5
100
AcDbSymbolTableRecord
100
AcDbTextStyleTableRecord
  2
LAVA-B
 70
0
 40
0.0
 41
1.0
 50
0.0
 71
0
 42
2.5
  3
arialbd.ttf
  4

  0
ENDTAB
  0
TABLE
  2
VIEW
  5
7
330
0
100
AcDbSymbolTable
 70
0
  0
ENDTAB
  0
TABLE
  2
UCS
  5
6
330
0
100
AcDbSymbolTable
 70
1
  0
UCS
  5
40
330
6
100
AcDbSymbolTableRecord
100
AcDbUCSTableRecord
  2
LAVA-DATOS
 70
0
 10
0.0
 20
0.0
 30
0.0
 11
1.0
 21
0.0
 31
0.0
 12
0.0
 22
-1.0
 32
0.0
  0
ENDTAB
  0
TABLE
  2
APPID
  5
3
330
0
100
AcDbSymbolTable
 70
4
  0
APPID
  5
2A
330
3
100
AcDbSymbolTableRecord
100
AcDbRegAppTableRecord
  2
ACAD
 70
0
  0
APPID
  5
95
330
3
100
AcDbSymbolTableRecord
100
AcDbRegAppTableRecord
  2
AcAecLayerStandard
 70
0
  0
APPID
  5
859
330
3
100
AcDbSymbolTableRecord
100
AcDbRegAppTableRecord
  2
HATCHBACKGROUNDCOLOR
 70
0
  0
APPID
  5
85A
330
3
100
AcDbSymbolTableRecord
100
AcDbRegAppTableRecord
  2
EZDXF
 70
0
  0
ENDTAB
  0
TABLE
  2
DIMSTYLE
  5
4
330
0
100
AcDbSymbolTable
 70
2
100
AcDbDimStyleTable
  0
DIMSTYLE
105
2B
330
4
100
AcDbSymbolTableRecord
100
AcDbDimStyleTableRecord
  2
Standard
 70
0
 40
1.0
 41
2.5
 42
0.625
 43
3.75
 44
1.25
 45
0.0
 46
0.0
 47
0.0
 48
0.0
 49
2.5
140
2.5
141
2.5
142
0.0
143
0.03937007874
144
1.0
145
0.0
146
1.0
147
0.625
148
0.0
 69
0
 70
0
 71
0
 72
0
 73
0
 74
0
 75
0
 76
0
 77
1
 78
8
 79
3
170
0
171
3
172
1
173
0
174
0
175
0
176
0
177
0
178
0
179
2
271
2
272
2
273
2
274
3
275
0
276
0
277
2
278
44
279
0
280
0
281
0
282
0
283
0
284
8
285
0
286
0
288
0
289
3
290
0
371
-2
372
-2
  0
DIMSTYLE
105
37
330
4
100
AcDbSymbolTableRecord
100
AcDbDimStyleTableRecord
  2
LAVA-50
 70
0
 40
1.0
 41
0.06
 42
0.03
 43
3.75
 44
0.06
 45
0.0
 46
0.05
 47
0.0
 48
0.0
 49
2.5
140
0.075
141
2.5
142
0.0
143
0.03937007874
144
1.0
145
0.0
146
1.0
147
0.025
148
0.0
 69
0
 70
0
 71
0
 72
0
 73
0
 74
0
 75
0
 76
0
 77
1
 78
0
 79
3
170
0
171
3
172
1
173
0
174
0
175
0
176
256
177
256
178
256
179
2
271
2
272
2
273
2
274
3
275
0
276
0
277
2
278
46
279
0
280
0
281
0
282
0
283
0
284
8
285
0
286
0
288
0
289
3
290
0
340
35
342
38
371
-2
372
-2
  0
ENDTAB
  0
TABLE
  2
BLOCK_RECORD
  5
9
330
0
100
AcDbSymbolTable
 70
56
  0
BLOCK_RECORD
  5
17
330
9
100
AcDbSymbolTableRecord
100
AcDbBlockTableRecord
  2
*Model_Space
340
1A
 70
0
280
1
281
0
  0
BLOCK_RECORD
  5
1B
330
9
100
AcDbSymbolTableRecord
100
AcDbBlockTableRecord
  2
*Paper_Space
340
1E
 70
0
280
1
281
0
  0
BLOCK_RECORD
  5
38
330
9
100
AcDbSymbolTableRecord
100
AcDbBlockTableRecord
  2
_ARCHTICK
340
0
 70
0
280
1
281
0
  0
BLOCK_RECORD
  5
3C
330
9
100
AcDbSymbolTableRecord
100
AcDbBlockTableRecord
  2
_CLOSEDFILLED
340
0
 70
0
280
1
281
0
  0
BLOCK_RECORD
  5
41
330
9
100
AcDbSymbolTableRecord
100
AcDbBlockTableRecord
  2
LAVA-SALIDA
340
0
 70
6
280
1
281
0
  0
BLOCK_RECORD
  5
46
330
9
100
AcDbSymbolTableRecord
100
AcDbBlockTableRecord
  2
LAVA-LUZ-EMERG
340
0
 70
6
280
1
281
0
  0
BLOCK_RECORD
  5
4C
330
9
100
AcDbSymbolTableRecord
100
AcDbBlockTableRecord
  2
LAVA-EXTINTOR
340
0
 70
6
280
1
281
0
  0
BLOCK_RECORD
  5
52
330
9
100
AcDbSymbolTableRecord
100
AcDbBlockTableRecord
  2
LAVA-DETECTOR
340
0
 70
6
280
1
281
0
  0
BLOCK_RECORD
  5
57
330
9
100
AcDbSymbolTableRecord
100
AcDbBlockTableRecord
  2
LAVA-PULSADOR
340
0
 70
6
280
1
281
0
  0
BLOCK_RECORD
  5
5C
330
9
100
AcDbSymbolTableRecord
100
AcDbBlockTableRecord
  2
LAVA-VALVULA
340
0
 70
6
280
1
281
0
  0
BLOCK_RECORD
  5
60
330
9
100
AcDbSymbolTableRecord
100
AcDbBlockTableRecord
  2
LAVA-SOLENOIDE
340
0
 70
6
280
1
281
0
  0
BLOCK_RECORD
  5
66
330
9
100
AcDbSymbolTableRecord
100
AcDbBlockTableRecord
  2
LAVA-DIFUSOR
340
0
 70
6
280
1
281
0
  0
BLOCK_RECORD
  5
6D
330
9
100
AcDbSymbolTableRecord
100
AcDbBlockTableRecord
  2
LAVA-DUCTO-V
340
0
 70
6
280
1
281
0
  0
BLOCK_RECORD
  5
73
330
9
100
AcDbSymbolTableRecord
100
AcDbBlockTableRecord
  2
LAVA-DESAGUE
340
0
 70
6
280
1
281
0
  0
BLOCK_RECORD
  5
79
330
9
100
AcDbSymbolTableRecord
100
AcDbBlockTableRecord
  2
LAVA-EJE
340
0
 70
6
280
1
281
0
  0
BLOCK_RECORD
  5
7E
330
9
100
AcDbSymbolTableRecord
100
AcDbBlockTableRecord
  2
LAVA-ROTULO
340
0
 70
6
280
1
281
0
  0
BLOCK_RECORD
  5
BA
330
9
100
AcDbSymbolTableRecord
100
AcDbBlockTableRecord
  2
*D1
340
0
 70
0
280
1
281
0
  0
BLOCK_RECORD
  5
C9
330
9
100
AcDbSymbolTableRecord
100
AcDbBlockTableRecord
  2
*D2
340
0
 70
0
280
1
281
0
  0
BLOCK_RECORD
  5
2A9
330
9
100
AcDbSymbolTableRecord
100
AcDbBlockTableRecord
  2
*D3
340
0
 70
0
280
1
281
0
  0
BLOCK_RECORD
  5
2B8
330
9
100
AcDbSymbolTableRecord
100
AcDbBlockTableRecord
  2
*D4
340
0
 70
0
280
1
281
0
  0
BLOCK_RECORD
  5
2C7
330
9
100
AcDbSymbolTableRecord
100
AcDbBlockTableRecord
  2
*D5
340
0
 70
0
280
1
281
0
  0
BLOCK_RECORD
  5
2D6
330
9
100
AcDbSymbolTableRecord
100
AcDbBlockTableRecord
  2
*D6
340
0
 70
0
280
1
281
0
  0
BLOCK_RECORD
  5
2E5
330
9
100
AcDbSymbolTableRecord
100
AcDbBlockTableRecord
  2
*D7
340
0
 70
0
280
1
281
0
  0
BLOCK_RECORD
  5
2F4
330
9
100
AcDbSymbolTableRecord
100
AcDbBlockTableRecord
  2
*D8
340
0
 70
0
280
1
281
0
  0
BLOCK_RECORD
  5
303
330
9
100
AcDbSymbolTableRecord
100
AcDbBlockTableRecord
  2
*D9
340
0
 70
0
280
1
281
0
  0
BLOCK_RECORD
  5
312
330
9
100
AcDbSymbolTableRecord
100
AcDbBlockTableRecord
  2
*D10
340
0
 70
0
280
1
281
0
  0
BLOCK_RECORD
  5
321
330
9
100
AcDbSymbolTableRecord
100
AcDbBlockTableRecord
  2
*D11
340
0
 70
0
280
1
281
0
  0
BLOCK_RECORD
  5
330
330
9
100
AcDbSymbolTableRecord
100
AcDbBlockTableRecord
  2
*D12
340
0
 70
0
280
1
281
0
  0
BLOCK_RECORD
  5
33F
330
9
100
AcDbSymbolTableRecord
100
AcDbBlockTableRecord
  2
*D13
340
0
 70
0
280
1
281
0
  0
BLOCK_RECORD
  5
34E
330
9
100
AcDbSymbolTableRecord
100
AcDbBlockTableRecord
  2
*D14
340
0
 70
0
280
1
281
0
  0
BLOCK_RECORD
  5
35D
330
9
100
AcDbSymbolTableRecord
100
AcDbBlockTableRecord
  2
*D15
340
0
 70
0
280
1
281
0
  0
BLOCK_RECORD
  5
36C
330
9
100
AcDbSymbolTableRecord
100
AcDbBlockTableRecord
  2
*D16
340
0
 70
0
280
1
281
0
  0
BLOCK_RECORD
  5
37B
330
9
100
AcDbSymbolTableRecord
100
AcDbBlockTableRecord
  2
*D17
340
0
 70
0
280
1
281
0
  0
BLOCK_RECORD
  5
38A
330
9
100
AcDbSymbolTableRecord
100
AcDbBlockTableRecord
  2
*D18
340
0
 70
0
280
1
281
0
  0
BLOCK_RECORD
  5
399
330
9
100
AcDbSymbolTableRecord
100
AcDbBlockTableRecord
  2
*D19
340
0
 70
0
280
1
281
0
  0
BLOCK_RECORD
  5
3A8
330
9
100
AcDbSymbolTableRecord
100
AcDbBlockTableRecord
  2
*D20
340
0
 70
0
280
1
281
0
  0
BLOCK_RECORD
  5
3B7
330
9
100
AcDbSymbolTableRecord
100
AcDbBlockTableRecord
  2
*D21
340
0
 70
0
280
1
281
0
  0
BLOCK_RECORD
  5
3C6
330
9
100
AcDbSymbolTableRecord
100
AcDbBlockTableRecord
  2
*D22
340
0
 70
0
280
1
281
0
  0
BLOCK_RECORD
  5
3D5
330
9
100
AcDbSymbolTableRecord
100
AcDbBlockTableRecord
  2
*D23
340
0
 70
0
280
1
281
0
  0
BLOCK_RECORD
  5
3E4
330
9
100
AcDbSymbolTableRecord
100
AcDbBlockTableRecord
  2
*D24
340
0
 70
0
280
1
281
0
  0
BLOCK_RECORD
  5
3F3
330
9
100
AcDbSymbolTableRecord
100
AcDbBlockTableRecord
  2
*D25
340
0
 70
0
280
1
281
0
  0
BLOCK_RECORD
  5
402
330
9
100
AcDbSymbolTableRecord
100
AcDbBlockTableRecord
  2
*D26
340
0
 70
0
280
1
281
0
  0
BLOCK_RECORD
  5
411
330
9
100
AcDbSymbolTableRecord
100
AcDbBlockTableRecord
  2
*D27
340
0
 70
0
280
1
281
0
  0
BLOCK_RECORD
  5
420
330
9
100
AcDbSymbolTableRecord
100
AcDbBlockTableRecord
  2
*D28
340
0
 70
0
280
1
281
0
  0
BLOCK_RECORD
  5
42F
330
9
100
AcDbSymbolTableRecord
100
AcDbBlockTableRecord
  2
*D29
340
0
 70
0
280
1
281
0
  0
BLOCK_RECORD
  5
43E
330
9
100
AcDbSymbolTableRecord
100
AcDbBlockTableRecord
  2
*D30
340
0
 70
0
280
1
281
0
  0
BLOCK_RECORD
  5
44D
330
9
100
AcDbSymbolTableRecord
100
AcDbBlockTableRecord
  2
*D31
340
0
 70
0
280
1
281
0
  0
BLOCK_RECORD
  5
45C
330
9
100
AcDbSymbolTableRecord
100
AcDbBlockTableRecord
  2
*D32
340
0
 70
0
280
1
281
0
  0
BLOCK_RECORD
  5
46B
330
9
100
AcDbSymbolTableRecord
100
AcDbBlockTableRecord
  2
*D33
340
0
 70
0
280
1
281
0
  0
BLOCK_RECORD
  5
47A
330
9
100
AcDbSymbolTableRecord
100
AcDbBlockTableRecord
  2
*D34
340
0
 70
0
280
1
281
0
  0
BLOCK_RECORD
  5
489
330
9
100
AcDbSymbolTableRecord
100
AcDbBlockTableRecord
  2
*D35
340
0
 70
0
280
1
281
0
  0
BLOCK_RECORD
  5
498
330
9
100
AcDbSymbolTableRecord
100
AcDbBlockTableRecord
  2
*D36
340
0
 70
0
280
1
281
0
  0
BLOCK_RECORD
  5
4A8
330
9
100
AcDbSymbolTableRecord
100
AcDbBlockTableRecord
  2
*D37
340
0
 70
0
280
1
281
0
  0
BLOCK_RECORD
  5
4B7
330
9
100
AcDbSymbolTableRecord
100
AcDbBlockTableRecord
  2
*D38
340
0
 70
0
280
1
281
0
  0
BLOCK_RECORD
  5
4C6
330
9
100
AcDbSymbolTableRecord
100
AcDbBlockTableRecord
  2
*D39
340
0
 70
0
280
1
281
0
  0
BLOCK_RECORD
  5
4D5
330
9
100
AcDbSymbolTableRecord
100
AcDbBlockTableRecord
  2
*D40
340
0
 70
0
280
1
281
0
  0
ENDTAB
  0
ENDSEC
  0
SECTION
  2
BLOCKS
  0
BLOCK
  5
18
330
17
100
AcDbEntity
  8
0
100
AcDbBlockBegin
  2
*Model_Space
 70
0
 10
0.0
 20
0.0
 30
0.0
  3
*Model_Space
  1

  0
ENDBLK
  5
19
330
17
100
AcDbEntity
  8
0
100
AcDbBlockEnd
  0
BLOCK
  5
1C
330
1B
100
AcDbEntity
  8
0
100
AcDbBlockBegin
  2
*Paper_Space
 70
0
 10
0.0
 20
0.0
 30
0.0
  3
*Paper_Space
  1

  0
ENDBLK
  5
1D
330
1B
100
AcDbEntity
  8
0
100
AcDbBlockEnd
  0
BLOCK
  5
39
330
38
100
AcDbEntity
  8
0
100
AcDbBlockBegin
  2
_ARCHTICK
 70
0
 10
0.0
 20
0.0
 30
0.0
  3
_ARCHTICK
  1

  0
LWPOLYLINE
  5
3B
330
38
100
AcDbEntity
  8
0
  6
BYBLOCK
 62
0
100
AcDbPolyline
 90
2
 70
0
 43
0.15
 10
-0.5
 20
-0.5
 10
0.5
 20
0.5
  0
ENDBLK
  5
3A
330
38
100
AcDbEntity
  8
0
100
AcDbBlockEnd
  0
BLOCK
  5
3D
330
3C
100
AcDbEntity
  8
0
100
AcDbBlockBegin
  2
_CLOSEDFILLED
 70
0
 10
0.0
 20
0.0
 30
0.0
  3
_CLOSEDFILLED
  1

  0
SOLID
  5
3F
330
3C
100
AcDbEntity
  8
0
  6
BYBLOCK
 62
0
100
AcDbTrace
 10
-1.0
 20
0.16439898372402537
 30
0.0
 11
0.0
 21
0.0
 31
0.0
 12
-1.0
 22
-0.16439898372402537
 32
0.0
 13
-1.0
 23
-0.16439898372402537
 33
0.0
  0
ENDBLK
  5
3E
330
3C
100
AcDbEntity
  8
0
100
AcDbBlockEnd
  0
BLOCK
  5
42
330
41
100
AcDbEntity
  8
0
100
AcDbBlockBegin
  2
LAVA-SALIDA
 70
0
 10
0.0
 20
0.0
 30
0.0
  3
LAVA-SALIDA
  1

  0
LWPOLYLINE
  5
44
330
41
100
AcDbEntity
  8
0
100
AcDbPolyline
 90
4
 70
1
 10
-0.19
 20
-0.075
 10
0.19
 20
-0.075
 10
0.19
 20
0.075
 10
-0.19
 20
0.075
  0
TEXT
  5
45
330
41
100
AcDbEntity
  8
0
100
AcDbText
 10
0.0
 20
0.0
 30
0.0
 40
0.06
  1
SALIDA
  7
LAVA-B
 72
1
 11
0.0
 21
0.0
 31
0.0
100
AcDbText
 73
2
  0
ENDBLK
  5
43
330
41
100
AcDbEntity
  8
0
100
AcDbBlockEnd
  0
BLOCK
  5
47
330
46
100
AcDbEntity
  8
0
100
AcDbBlockBegin
  2
LAVA-LUZ-EMERG
 70
0
 10
0.0
 20
0.0
 30
0.0
  3
LAVA-LUZ-EMERG
  1

  0
LWPOLYLINE
  5
49
330
46
100
AcDbEntity
  8
0
100
AcDbPolyline
 90
4
 70
1
 10
-0.13
 20
-0.045
 10
0.13
 20
-0.045
 10
0.13
 20
0.045
 10
-0.13
 20
0.045
  0
CIRCLE
  5
4A
330
46
100
AcDbEntity
  8
0
100
AcDbCircle
 10
-0.07
 20
0.0
 30
0.0
 40
0.03
  0
CIRCLE
  5
4B
330
46
100
AcDbEntity
  8
0
100
AcDbCircle
 10
0.07
 20
0.0
 30
0.0
 40
0.03
  0
ENDBLK
  5
48
330
46
100
AcDbEntity
  8
0
100
AcDbBlockEnd
  0
BLOCK
  5
4D
330
4C
100
AcDbEntity
  8
0
100
AcDbBlockBegin
  2
LAVA-EXTINTOR
 70
2
 10
0.0
 20
0.0
 30
0.0
  3
LAVA-EXTINTOR
  1

  0
CIRCLE
  5
4F
330
4C
100
AcDbEntity
  8
0
100
AcDbCircle
 10
0.0
 20
0.0
 30
0.0
 40
0.12
  0
LWPOLYLINE
  5
50
330
4C
100
AcDbEntity
  8
0
100
AcDbPolyline
 90
2
 70
0
 10
-0.085
 20
-0.085
 10
0.085
 20
-0.085
  0
ATTDEF
  5
51
330
4C
100
AcDbEntity
  8
0
100
AcDbText
 10
0.0
 20
0.01
 30
0.0
 40
0.055
  1
ABC
  7
LAVA-B
 72
1
 11
0.0
 21
0.01
 31
0.0
100
AcDbAttributeDefinition
  3

  2
CLASE
 70
0
 74
2
 71
1
 72
0
 11
0.0
 21
0.01
 31
0.0
  0
ENDBLK
  5
4E
330
4C
100
AcDbEntity
  8
0
100
AcDbBlockEnd
  0
BLOCK
  5
53
330
52
100
AcDbEntity
  8
0
100
AcDbBlockBegin
  2
LAVA-DETECTOR
 70
2
 10
0.0
 20
0.0
 30
0.0
  3
LAVA-DETECTOR
  1

  0
CIRCLE
  5
55
330
52
100
AcDbEntity
  8
0
100
AcDbCircle
 10
0.0
 20
0.0
 30
0.0
 40
0.1
  0
ATTDEF
  5
56
330
52
100
AcDbEntity
  8
0
100
AcDbText
 10
0.0
 20
0.0
 30
0.0
 40
0.05
  1
DH
  7
LAVA-B
 72
1
 11
0.0
 21
0.0
 31
0.0
100
AcDbAttributeDefinition
  3

  2
TIPO
 70
0
 74
2
 71
1
 72
0
 11
0.0
 21
0.0
 31
0.0
  0
ENDBLK
  5
54
330
52
100
AcDbEntity
  8
0
100
AcDbBlockEnd
  0
BLOCK
  5
58
330
57
100
AcDbEntity
  8
0
100
AcDbBlockBegin
  2
LAVA-PULSADOR
 70
0
 10
0.0
 20
0.0
 30
0.0
  3
LAVA-PULSADOR
  1

  0
LWPOLYLINE
  5
5A
330
57
100
AcDbEntity
  8
0
100
AcDbPolyline
 90
4
 70
1
 10
-0.09
 20
-0.09
 10
0.09
 20
-0.09
 10
0.09
 20
0.09
 10
-0.09
 20
0.09
  0
TEXT
  5
5B
330
57
100
AcDbEntity
  8
0
100
AcDbText
 10
0.0
 20
0.0
 30
0.0
 40
0.06
  1
PM
  7
LAVA-B
 72
1
 11
0.0
 21
0.0
 31
0.0
100
AcDbText
 73
2
  0
ENDBLK
  5
59
330
57
100
AcDbEntity
  8
0
100
AcDbBlockEnd
  0
BLOCK
  5
5D
330
5C
100
AcDbEntity
  8
0
100
AcDbBlockBegin
  2
LAVA-VALVULA
 70
0
 10
0.0
 20
0.0
 30
0.0
  3
LAVA-VALVULA
  1

  0
LWPOLYLINE
  5
5F
330
5C
100
AcDbEntity
  8
0
100
AcDbPolyline
 90
4
 70
1
 10
-0.08
 20
-0.05
 10
0.08
 20
0.05
 10
0.08
 20
-0.05
 10
-0.08
 20
0.05
  0
ENDBLK
  5
5E
330
5C
100
AcDbEntity
  8
0
100
AcDbBlockEnd
  0
BLOCK
  5
61
330
60
100
AcDbEntity
  8
0
100
AcDbBlockBegin
  2
LAVA-SOLENOIDE
 70
0
 10
0.0
 20
0.0
 30
0.0
  3
LAVA-SOLENOIDE
  1

  0
LWPOLYLINE
  5
63
330
60
100
AcDbEntity
  8
0
100
AcDbPolyline
 90
4
 70
1
 10
-0.08
 20
-0.05
 10
0.08
 20
0.05
 10
0.08
 20
-0.05
 10
-0.08
 20
0.05
  0
LINE
  5
64
330
60
100
AcDbEntity
  8
0
100
AcDbLine
 10
0.0
 20
0.0
 30
0.0
 11
0.0
 21
0.1
 31
0.0
  0
LWPOLYLINE
  5
65
330
60
100
AcDbEntity
  8
0
100
AcDbPolyline
 90
4
 70
1
 10
-0.045
 20
0.1
 10
0.045
 20
0.1
 10
0.045
 20
0.17
 10
-0.045
 20
0.17
  0
ENDBLK
  5
62
330
60
100
AcDbEntity
  8
0
100
AcDbBlockEnd
  0
BLOCK
  5
67
330
66
100
AcDbEntity
  8
0
100
AcDbBlockBegin
  2
LAVA-DIFUSOR
 70
0
 10
0.0
 20
0.0
 30
0.0
  3
LAVA-DIFUSOR
  1

  0
LWPOLYLINE
  5
69
330
66
100
AcDbEntity
  8
0
100
AcDbPolyline
 90
4
 70
1
 10
-0.2
 20
-0.2
 10
0.2
 20
-0.2
 10
0.2
 20
0.2
 10
-0.2
 20
0.2
  0
LWPOLYLINE
  5
6A
330
66
100
AcDbEntity
  8
0
100
AcDbPolyline
 90
4
 70
1
 10
-0.11
 20
-0.11
 10
0.11
 20
-0.11
 10
0.11
 20
0.11
 10
-0.11
 20
0.11
  0
LINE
  5
6B
330
66
100
AcDbEntity
  8
0
100
AcDbLine
 10
-0.2
 20
0.2
 30
0.0
 11
0.2
 21
-0.2
 31
0.0
  0
LINE
  5
6C
330
66
100
AcDbEntity
  8
0
100
AcDbLine
 10
-0.2
 20
-0.2
 30
0.0
 11
0.2
 21
0.2
 31
0.0
  0
ENDBLK
  5
68
330
66
100
AcDbEntity
  8
0
100
AcDbBlockEnd
  0
BLOCK
  5
6E
330
6D
100
AcDbEntity
  8
0
100
AcDbBlockBegin
  2
LAVA-DUCTO-V
 70
0
 10
0.0
 20
0.0
 30
0.0
  3
LAVA-DUCTO-V
  1

  0
CIRCLE
  5
70
330
6D
100
AcDbEntity
  8
0
100
AcDbCircle
 10
0.0
 20
0.0
 30
0.0
 40
0.13
  0
LINE
  5
71
330
6D
100
AcDbEntity
  8
0
100
AcDbLine
 10
-0.092
 20
0.092
 30
0.0
 11
0.092
 21
-0.092
 31
0.0
  0
LINE
  5
72
330
6D
100
AcDbEntity
  8
0
100
AcDbLine
 10
-0.092
 20
-0.092
 30
0.0
 11
0.092
 21
0.092
 31
0.0
  0
ENDBLK
  5
6F
330
6D
100
AcDbEntity
  8
0
100
AcDbBlockEnd
  0
BLOCK
  5
74
330
73
100
AcDbEntity
  8
0
100
AcDbBlockBegin
  2
LAVA-DESAGUE
 70
0
 10
0.0
 20
0.0
 30
0.0
  3
LAVA-DESAGUE
  1

  0
CIRCLE
  5
76
330
73
100
AcDbEntity
  8
0
100
AcDbCircle
 10
0.0
 20
0.0
 30
0.0
 40
0.07
  0
LINE
  5
77
330
73
100
AcDbEntity
  8
0
100
AcDbLine
 10
-0.07
 20
0.0
 30
0.0
 11
0.07
 21
0.0
 31
0.0
  0
LINE
  5
78
330
73
100
AcDbEntity
  8
0
100
AcDbLine
 10
0.0
 20
-0.07
 30
0.0
 11
0.0
 21
0.07
 31
0.0
  0
ENDBLK
  5
75
330
73
100
AcDbEntity
  8
0
100
AcDbBlockEnd
  0
BLOCK
  5
7A
330
79
100
AcDbEntity
  8
0
100
AcDbBlockBegin
  2
LAVA-EJE
 70
2
 10
0.0
 20
0.0
 30
0.0
  3
LAVA-EJE
  1

  0
CIRCLE
  5
7C
330
79
100
AcDbEntity
  8
0
100
AcDbCircle
 10
0.0
 20
0.0
 30
0.0
 40
0.2
  0
ATTDEF
  5
7D
330
79
100
AcDbEntity
  8
0
100
AcDbText
 10
0.0
 20
0.0
 30
0.0
 40
0.17
  1
A
  7
LAVA-B
 72
1
 11
0.0
 21
0.0
 31
0.0
100
AcDbAttributeDefinition
  3

  2
EJE
 70
0
 74
2
 71
1
 72
0
 11
0.0
 21
0.0
 31
0.0
  0
ENDBLK
  5
7B
330
79
100
AcDbEntity
  8
0
100
AcDbBlockEnd
  0
BLOCK
  5
7F
330
7E
100
AcDbEntity
  8
0
100
AcDbBlockBegin
  2
LAVA-ROTULO
 70
2
 10
0.0
 20
0.0
 30
0.0
  3
LAVA-ROTULO
  1

  0
LWPOLYLINE
  5
81
330
7E
100
AcDbEntity
  8
0
370
50
100
AcDbPolyline
 90
4
 70
1
 10
0.0
 20
0.0
 10
10.0
 20
0.0
 10
10.0
 20
-3.6
 10
0.0
 20
-3.6
  0
LINE
  5
82
330
7E
100
AcDbEntity
  8
0
100
AcDbLine
 10
7.0
 20
0.0
 30
0.0
 11
7.0
 21
-3.6
 31
0.0
  0
LINE
  5
83
330
7E
100
AcDbEntity
  8
0
100
AcDbLine
 10
0.0
 20
-2.55
 30
0.0
 11
7.0
 21
-2.55
 31
0.0
  0
TEXT
  5
84
330
7E
100
AcDbEntity
  8
0
100
AcDbText
 10
0.25
 20
-0.62
 30
0.0
 40
0.42
  1
LAVA
  7
LAVA-B
 11
0.25
 21
-0.62
 31
0.0
100
AcDbText
  0
TEXT
  5
85
330
7E
100
AcDbEntity
  8
0
100
AcDbText
 10
1.95
 20
-0.62
 30
0.0
 40
0.11
  1
CONTEMPORARY FIRE & BBQ
  7
LAVA-B
 11
1.95
 21
-0.62
 31
0.0
100
AcDbText
  0
ATTDEF
  5
86
330
7E
100
AcDbEntity
  8
0
100
AcDbText
 10
0.25
 20
-0.98
 30
0.0
 40
0.1
  1

  7
LAVA-B
 11
0.25
 21
-0.98
 31
0.0
100
AcDbAttributeDefinition
  3

  2
PROYECTO
 70
0
 71
1
 72
0
 11
0.25
 21
-0.98
 31
0.0
  0
ATTDEF
  5
87
330
7E
100
AcDbEntity
  8
0
100
AcDbText
 10
0.25
 20
-1.24
 30
0.0
 40
0.08
  1

  7
LAVA
 11
0.25
 21
-1.24
 31
0.0
100
AcDbAttributeDefinition
  3

  2
UBICACION
 70
0
 71
1
 72
0
 11
0.25
 21
-1.24
 31
0.0
  0
ATTDEF
  5
88
330
7E
100
AcDbEntity
  8
0
100
AcDbText
 10
0.25
 20
-1.62
 30
0.0
 40
0.15
  1

  7
LAVA-B
 11
0.25
 21
-1.62
 31
0.0
100
AcDbAttributeDefinition
  3

  2
DOCUMENTO
 70
0
 71
1
 72
0
 11
0.25
 21
-1.62
 31
0.0
  0
ATTDEF
  5
89
330
7E
100
AcDbEntity
  8
0
100
AcDbText
 10
0.25
 20
-1.95
 30
0.0
 40
0.085
  1

  7
LAVA-B
 11
0.25
 21
-1.95
 31
0.0
100
AcDbAttributeDefinition
  3

  2
ESTADO
 70
0
 71
1
 72
0
 11
0.25
 21
-1.95
 31
0.0
  0
ATTDEF
  5
8A
330
7E
100
AcDbEntity
  8
0
100
AcDbText
 10
0.25
 20
-2.2
 30
0.0
 40
0.075
  1

  7
LAVA
 11
0.25
 21
-2.2
 31
0.0
100
AcDbAttributeDefinition
  3

  2
NOTA
 70
0
 71
1
 72
0
 11
0.25
 21
-2.2
 31
0.0
  0
ATTDEF
  5
8B
330
7E
100
AcDbEntity
  8
0
100
AcDbText
 10
0.25
 20
-2.85
 30
0.0
 40
0.075
  1

  7
LAVA
 11
0.25
 21
-2.85
 31
0.0
100
AcDbAttributeDefinition
  3

  2
ESCALA
 70
0
 71
1
 72
0
 11
0.25
 21
-2.85
 31
0.0
  0
ATTDEF
  5
8C
330
7E
100
AcDbEntity
  8
0
100
AcDbText
 10
0.25
 20
-3.1
 30
0.0
 40
0.075
  1

  7
LAVA
 11
0.25
 21
-3.1
 31
0.0
100
AcDbAttributeDefinition
  3

  2
VERSION
 70
0
 71
1
 72
0
 11
0.25
 21
-3.1
 31
0.0
  0
ATTDEF
  5
8D
330
7E
100
AcDbEntity
  8
0
100
AcDbText
 10
0.25
 20
-3.35
 30
0.0
 40
0.075
  1

  7
LAVA
 11
0.25
 21
-3.35
 31
0.0
100
AcDbAttributeDefinition
  3

  2
ARCHIVO
 70
0
 71
1
 72
0
 11
0.25
 21
-3.35
 31
0.0
  0
TEXT
  5
8E
330
7E
100
AcDbEntity
  8
0
100
AcDbText
 10
7.2
 20
-0.35
 30
0.0
 40
0.08
  1
PROFESIONAL RESPONSABLE (CFIA)
  7
LAVA-B
 11
7.2
 21
-0.35
 31
0.0
100
AcDbText
  0
ATTDEF
  5
8F
330
7E
100
AcDbEntity
  8
0
100
AcDbText
 10
7.2
 20
-0.75
 30
0.0
 40
0.075
  1
Nombre: ________________
  7
LAVA
 11
7.2
 21
-0.75
 31
0.0
100
AcDbAttributeDefinition
  3

  2
PROFESIONAL
 70
0
 71
1
 72
0
 11
7.2
 21
-0.75
 31
0.0
  0
ATTDEF
  5
90
330
7E
100
AcDbEntity
  8
0
100
AcDbText
 10
7.2
 20
-1.05
 30
0.0
 40
0.075
  1
Carné CFIA: __________
  7
LAVA
 11
7.2
 21
-1.05
 31
0.0
100
AcDbAttributeDefinition
  3

  2
CARNE_CFIA
 70
0
 71
1
 72
0
 11
7.2
 21
-1.05
 31
0.0
  0
ATTDEF
  5
91
330
7E
100
AcDbEntity
  8
0
100
AcDbText
 10
7.2
 20
-1.35
 30
0.0
 40
0.075
  1
Disciplina: arquitectura
  7
LAVA
 11
7.2
 21
-1.35
 31
0.0
100
AcDbAttributeDefinition
  3

  2
DISCIPLINA
 70
0
 71
1
 72
0
 11
7.2
 21
-1.35
 31
0.0
  0
TEXT
  5
92
330
7E
100
AcDbEntity
  8
0
100
AcDbText
 10
7.2
 20
-1.75
 30
0.0
 40
0.075
  1
Firma / sello:
  7
LAVA
 11
7.2
 21
-1.75
 31
0.0
100
AcDbText
  0
LWPOLYLINE
  5
93
330
7E
100
AcDbEntity
  8
0
  6
LAVA_FINO
100
AcDbPolyline
 90
4
 70
1
 10
7.2
 20
-1.9
 10
9.8
 20
-1.9
 10
9.8
 20
-3.35
 10
7.2
 20
-3.35
  0
ENDBLK
  5
80
330
7E
100
AcDbEntity
  8
0
100
AcDbBlockEnd
  0
BLOCK
  5
BB
330
BA
100
AcDbEntity
  8
0
100
AcDbBlockBegin
  2
*D1
 70
1
 10
0.0
 20
0.0
 30
0.0
  3
*D1
  1

  0
LINE
  5
BD
330
BA
100
AcDbEntity
  8
0
100
AcDbLine
 10
0.0
 20
2.25
 30
0.0
 11
0.0
 21
1.9199999999999997
 31
0.0
  0
LINE
  5
BE
330
BA
100
AcDbEntity
  8
0
100
AcDbLine
 10
7.8
 20
2.25
 30
0.0
 11
7.8
 21
1.9199999999999997
 31
0.0
  0
INSERT
  5
BF
330
BA
100
AcDbEntity
  8
A-COTA
100
AcDbBlockReference
  2
_ARCHTICK
 10
0.0
 20
1.9799999999999998
 30
0.0
 41
0.06
 42
0.06
 50
180.0
  0
INSERT
  5
C1
330
BA
100
AcDbEntity
  8
A-COTA
100
AcDbBlockReference
  2
_ARCHTICK
 10
7.8
 20
1.9799999999999998
 30
0.0
 41
0.06
 42
0.06
  0
LINE
  5
C3
330
BA
100
AcDbEntity
  8
0
100
AcDbLine
 10
-0.05
 20
1.9799999999999998
 30
0.0
 11
7.85
 21
1.9799999999999998
 31
0.0
  0
MTEXT
  5
C4
330
BA
100
AcDbEntity
  8
A-COTA
100
AcDbMText
 10
3.9
 20
2.0424999999999995
 30
0.0
 40
0.075
 71
5
  1
7.80
  7
LAVA
  0
POINT
  5
C5
330
BA
100
AcDbEntity
  8
Defpoints
100
AcDbPoint
 10
0.0
 20
1.9799999999999998
 30
0.0
  0
POINT
  5
C6
330
BA
100
AcDbEntity
  8
Defpoints
100
AcDbPoint
 10
0.0
 20
2.28
 30
0.0
  0
POINT
  5
C7
330
BA
100
AcDbEntity
  8
Defpoints
100
AcDbPoint
 10
7.8
 20
2.28
 30
0.0
  0
ENDBLK
  5
BC
330
BA
100
AcDbEntity
  8
0
100
AcDbBlockEnd
  0
BLOCK
  5
CA
330
C9
100
AcDbEntity
  8
0
100
AcDbBlockBegin
  2
*D2
 70
1
 10
0.0
 20
0.0
 30
0.0
  3
*D2
  1

  0
LINE
  5
CC
330
C9
100
AcDbEntity
  8
0
100
AcDbLine
 10
7.8
 20
2.25
 30
0.0
 11
7.8
 21
1.9199999999999997
 31
0.0
  0
LINE
  5
CD
330
C9
100
AcDbEntity
  8
0
100
AcDbLine
 10
16.3
 20
2.25
 30
0.0
 11
16.3
 21
1.9199999999999997
 31
0.0
  0
INSERT
  5
CE
330
C9
100
AcDbEntity
  8
A-COTA
100
AcDbBlockReference
  2
_ARCHTICK
 10
7.8
 20
1.9799999999999998
 30
0.0
 41
0.06
 42
0.06
 50
180.0
  0
INSERT
  5
D0
330
C9
100
AcDbEntity
  8
A-COTA
100
AcDbBlockReference
  2
_ARCHTICK
 10
16.3
 20
1.9799999999999998
 30
0.0
 41
0.06
 42
0.06
  0
LINE
  5
D2
330
C9
100
AcDbEntity
  8
0
100
AcDbLine
 10
7.75
 20
1.9799999999999998
 30
0.0
 11
16.35
 21
1.9799999999999998
 31
0.0
  0
MTEXT
  5
D3
330
C9
100
AcDbEntity
  8
A-COTA
100
AcDbMText
 10
12.05
 20
2.0424999999999995
 30
0.0
 40
0.075
 71
5
  1
8.50
  7
LAVA
  0
POINT
  5
D4
330
C9
100
AcDbEntity
  8
Defpoints
100
AcDbPoint
 10
7.8
 20
1.9799999999999998
 30
0.0
  0
POINT
  5
D5
330
C9
100
AcDbEntity
  8
Defpoints
100
AcDbPoint
 10
7.8
 20
2.28
 30
0.0
  0
POINT
  5
D6
330
C9
100
AcDbEntity
  8
Defpoints
100
AcDbPoint
 10
16.3
 20
2.28
 30
0.0
  0
ENDBLK
  5
CB
330
C9
100
AcDbEntity
  8
0
100
AcDbBlockEnd
  0
BLOCK
  5
2AA
330
2A9
100
AcDbEntity
  8
0
100
AcDbBlockBegin
  2
*D3
 70
1
 10
0.0
 20
0.0
 30
0.0
  3
*D3
  1

  0
LINE
  5
2AC
330
2A9
100
AcDbEntity
  8
0
100
AcDbLine
 10
-0.085
 20
0.594
 30
0.0
 11
-0.085
 21
1.1099999999999999
 31
0.0
  0
LINE
  5
2AD
330
2A9
100
AcDbEntity
  8
0
100
AcDbLine
 10
4.325
 20
0.03
 30
0.0
 11
4.325
 21
1.1099999999999999
 31
0.0
  0
INSERT
  5
2AE
330
2A9
100
AcDbEntity
  8
A-COTA
100
AcDbBlockReference
  2
_ARCHTICK
 10
-0.085
 20
1.0499999999999998
 30
0.0
 41
0.06
 42
0.06
 50
180.0
  0
INSERT
  5
2B0
330
2A9
100
AcDbEntity
  8
A-COTA
100
AcDbBlockReference
  2
_ARCHTICK
 10
4.325
 20
1.0499999999999998
 30
0.0
 41
0.06
 42
0.06
  0
LINE
  5
2B2
330
2A9
100
AcDbEntity
  8
0
100
AcDbLine
 10
-0.135
 20
1.0499999999999998
 30
0.0
 11
4.375
 21
1.0499999999999998
 31
0.0
  0
MTEXT
  5
2B3
330
2A9
100
AcDbEntity
  8
A-COTA
100
AcDbMText
 10
2.12
 20
1.1124999999999998
 30
0.0
 40
0.075
 71
5
  1
4.41 cocina
  7
LAVA
  0
POINT
  5
2B4
330
2A9
100
AcDbEntity
  8
Defpoints
100
AcDbPoint
 10
-0.085
 20
1.0499999999999998
 30
0.0
  0
POINT
  5
2B5
330
2A9
100
AcDbEntity
  8
Defpoints
100
AcDbPoint
 10
-0.085
 20
0.564
 30
0.0
  0
POINT
  5
2B6
330
2A9
100
AcDbEntity
  8
Defpoints
100
AcDbPoint
 10
4.325
 20
-0.0
 30
0.0
  0
ENDBLK
  5
2AB
330
2A9
100
AcDbEntity
  8
0
100
AcDbBlockEnd
  0
BLOCK
  5
2B9
330
2B8
100
AcDbEntity
  8
0
100
AcDbBlockBegin
  2
*D4
 70
1
 10
0.0
 20
0.0
 30
0.0
  3
*D4
  1

  0
LINE
  5
2BB
330
2B8
100
AcDbEntity
  8
0
100
AcDbLine
 10
4.325
 20
0.03
 30
0.0
 11
4.325
 21
1.11
 31
0.0
  0
LINE
  5
2BC
330
2B8
100
AcDbEntity
  8
0
100
AcDbLine
 10
4.475
 20
0.03
 30
0.0
 11
4.475
 21
1.11
 31
0.0
  0
INSERT
  5
2BD
330
2B8
100
AcDbEntity
  8
A-COTA
100
AcDbBlockReference
  2
_ARCHTICK
 10
4.325
 20
1.05
 30
0.0
 41
0.06
 42
0.06
 50
180.0
  0
INSERT
  5
2BF
330
2B8
100
AcDbEntity
  8
A-COTA
100
AcDbBlockReference
  2
_ARCHTICK
 10
4.475
 20
1.05
 30
0.0
 41
0.06
 42
0.06
  0
LINE
  5
2C1
330
2B8
100
AcDbEntity
  8
0
100
AcDbLine
 10
4.275
 20
1.05
 30
0.0
 11
4.5249999999999995
 21
1.05
 31
0.0
  0
MTEXT
  5
2C2
330
2B8
100
AcDbEntity
  8
A-COTA
100
AcDbMText
 10
4.4
 20
1.1725
 30
0.0
 40
0.075
 71
5
  1
0.15
  7
LAVA
  0
POINT
  5
2C3
330
2B8
100
AcDbEntity
  8
Defpoints
100
AcDbPoint
 10
4.325
 20
1.05
 30
0.0
  0
POINT
  5
2C4
330
2B8
100
AcDbEntity
  8
Defpoints
100
AcDbPoint
 10
4.325
 20
-0.0
 30
0.0
  0
POINT
  5
2C5
330
2B8
100
AcDbEntity
  8
Defpoints
100
AcDbPoint
 10
4.475
 20
-0.0
 30
0.0
  0
ENDBLK
  5
2BA
330
2B8
100
AcDbEntity
  8
0
100
AcDbBlockEnd
  0
BLOCK
  5
2C8
330
2C7
100
AcDbEntity
  8
0
100
AcDbBlockBegin
  2
*D5
 70
1
 10
0.0
 20
0.0
 30
0.0
  3
*D5
  1

  0
LINE
  5
2CA
330
2C7
100
AcDbEntity
  8
0
100
AcDbLine
 10
4.475
 20
0.03
 30
0.0
 11
4.475
 21
1.11
 31
0.0
  0
LINE
  5
2CB
330
2C7
100
AcDbEntity
  8
0
100
AcDbLine
 10
16.285
 20
-0.27
 30
0.0
 11
16.285
 21
1.11
 31
0.0
  0
INSERT
  5
2CC
330
2C7
100
AcDbEntity
  8
A-COTA
100
AcDbBlockReference
  2
_ARCHTICK
 10
4.475
 20
1.05
 30
0.0
 41
0.06
 42
0.06
 50
180.0
  0
INSERT
  5
2CE
330
2C7
100
AcDbEntity
  8
A-COTA
100
AcDbBlockReference
  2
_ARCHTICK
 10
16.285
 20
1.05
 30
0.0
 41
0.06
 42
0.06
  0
LINE
  5
2D0
330
2C7
100
AcDbEntity
  8
0
100
AcDbLine
 10
4.425
 20
1.05
 30
0.0
 11
16.335
 21
1.05
 31
0.0
  0
MTEXT
  5
2D1
330
2C7
100
AcDbEntity
  8
A-COTA
100
AcDbMText
 10
10.379999999999999
 20
1.1125
 30
0.0
 40
0.075
 71
5
  1
11.81 salón + barra
  7
LAVA
  0
POINT
  5
2D2
330
2C7
100
AcDbEntity
  8
Defpoints
100
AcDbPoint
 10
4.475
 20
1.05
 30
0.0
  0
POINT
  5
2D3
330
2C7
100
AcDbEntity
  8
Defpoints
100
AcDbPoint
 10
4.475
 20
-0.0
 30
0.0
  0
POINT
  5
2D4
330
2C7
100
AcDbEntity
  8
Defpoints
100
AcDbPoint
 10
16.285
 20
-0.3
 30
0.0
  0
ENDBLK
  5
2C9
330
2C7
100
AcDbEntity
  8
0
100
AcDbBlockEnd
  0
BLOCK
  5
2D7
330
2D6
100
AcDbEntity
  8
0
100
AcDbBlockBegin
  2
*D6
 70
1
 10
0.0
 20
0.0
 30
0.0
  3
*D6
  1

  0
LINE
  5
2D9
330
2D6
100
AcDbEntity
  8
0
100
AcDbLine
 10
-0.085
 20
0.594
 30
0.0
 11
-0.085
 21
1.51
 31
0.0
  0
LINE
  5
2DA
330
2D6
100
AcDbEntity
  8
0
100
AcDbLine
 10
16.285
 20
-0.27
 30
0.0
 11
16.285
 21
1.51
 31
0.0
  0
INSERT
  5
2DB
330
2D6
100
AcDbEntity
  8
A-COTA
100
AcDbBlockReference
  2
_ARCHTICK
 10
-0.085
 20
1.45
 30
0.0
 41
0.06
 42
0.06
 50
180.0
  0
INSERT
  5
2DD
330
2D6
100
AcDbEntity
  8
A-COTA
100
AcDbBlockReference
  2
_ARCHTICK
 10
16.285
 20
1.45
 30
0.0
 41
0.06
 42
0.06
  0
LINE
  5
2DF
330
2D6
100
AcDbEntity
  8
0
100
AcDbLine
 10
-0.135
 20
1.45
 30
0.0
 11
16.335
 21
1.45
 31
0.0
  0
MTEXT
  5
2E0
330
2D6
100
AcDbEntity
  8
A-COTA
100
AcDbMText
 10
8.1
 20
1.5125
 30
0.0
 40
0.075
 71
5
  1
16.37 interior
  7
LAVA
  0
POINT
  5
2E1
330
2D6
100
AcDbEntity
  8
Defpoints
100
AcDbPoint
 10
-0.085
 20
1.45
 30
0.0
  0
POINT
  5
2E2
330
2D6
100
AcDbEntity
  8
Defpoints
100
AcDbPoint
 10
-0.085
 20
0.564
 30
0.0
  0
POINT
  5
2E3
330
2D6
100
AcDbEntity
  8
Defpoints
100
AcDbPoint
 10
16.285
 20
-0.3
 30
0.0
  0
ENDBLK
  5
2D8
330
2D6
100
AcDbEntity
  8
0
100
AcDbBlockEnd
  0
BLOCK
  5
2E6
330
2E5
100
AcDbEntity
  8
0
100
AcDbBlockBegin
  2
*D7
 70
1
 10
0.0
 20
0.0
 30
0.0
  3
*D7
  1

  0
LINE
  5
2E8
330
2E5
100
AcDbEntity
  8
0
100
AcDbLine
 10
16.315
 20
-0.116
 30
0.0
 11
17.009999999999998
 21
-0.116
 31
0.0
  0
LINE
  5
2E9
330
2E5
100
AcDbEntity
  8
0
100
AcDbLine
 10
16.315
 20
-1.643
 30
0.0
 11
17.009999999999998
 21
-1.643
 31
0.0
  0
INSERT
  5
2EA
330
2E5
100
AcDbEntity
  8
A-COTA
100
AcDbBlockReference
  2
_ARCHTICK
 10
16.95
 20
-0.116
 30
0.0
 41
0.06
 42
0.06
 50
270.0
  0
INSERT
  5
2EC
330
2E5
100
AcDbEntity
  8
A-COTA
100
AcDbBlockReference
  2
_ARCHTICK
 10
16.95
 20
-1.643
 30
0.0
 41
0.06
 42
0.06
 50
90.0
  0
LINE
  5
2EE
330
2E5
100
AcDbEntity
  8
0
100
AcDbLine
 10
16.95
 20
-0.066
 30
0.0
 11
16.95
 21
-1.693
 31
0.0
  0
MTEXT
  5
2EF
330
2E5
100
AcDbEntity
  8
A-COTA
100
AcDbMText
 10
17.0125
 20
-0.8795
 30
0.0
 40
0.075
 71
5
  1
1.53
  7
LAVA
 50
90.0
  0
POINT
  5
2F0
330
2E5
100
AcDbEntity
  8
Defpoints
100
AcDbPoint
 10
16.95
 20
-0.116
 30
0.0
  0
POINT
  5
2F1
330
2E5
100
AcDbEntity
  8
Defpoints
100
AcDbPoint
 10
16.285
 20
-0.116
 30
0.0
  0
POINT
  5
2F2
330
2E5
100
AcDbEntity
  8
Defpoints
100
AcDbPoint
 10
16.285
 20
-1.643
 30
0.0
  0
ENDBLK
  5
2E7
330
2E5
100
AcDbEntity
  8
0
100
AcDbBlockEnd
  0
BLOCK
  5
2F5
330
2F4
100
AcDbEntity
  8
0
100
AcDbBlockBegin
  2
*D8
 70
1
 10
0.0
 20
0.0
 30
0.0
  3
*D8
  1

  0
LINE
  5
2F7
330
2F4
100
AcDbEntity
  8
0
100
AcDbLine
 10
16.315
 20
-1.643
 30
0.0
 11
17.009999999999998
 21
-1.643
 31
0.0
  0
LINE
  5
2F8
330
2F4
100
AcDbEntity
  8
0
100
AcDbLine
 10
16.315
 20
-3.643
 30
0.0
 11
17.009999999999998
 21
-3.643
 31
0.0
  0
INSERT
  5
2F9
330
2F4
100
AcDbEntity
  8
A-COTA
100
AcDbBlockReference
  2
_ARCHTICK
 10
16.95
 20
-1.643
 30
0.0
 41
0.06
 42
0.06
 50
270.0
  0
INSERT
  5
2FB
330
2F4
100
AcDbEntity
  8
A-COTA
100
AcDbBlockReference
  2
_ARCHTICK
 10
16.95
 20
-3.643
 30
0.0
 41
0.06
 42
0.06
 50
90.0
  0
LINE
  5
2FD
330
2F4
100
AcDbEntity
  8
0
100
AcDbLine
 10
16.95
 20
-1.593
 30
0.0
 11
16.95
 21
-3.6929999999999996
 31
0.0
  0
MTEXT
  5
2FE
330
2F4
100
AcDbEntity
  8
A-COTA
100
AcDbMText
 10
17.0125
 20
-2.643
 30
0.0
 40
0.075
 71
5
  1
2.00 entrada
  7
LAVA
 50
90.0
  0
POINT
  5
2FF
330
2F4
100
AcDbEntity
  8
Defpoints
100
AcDbPoint
 10
16.95
 20
-1.643
 30
0.0
  0
POINT
  5
300
330
2F4
100
AcDbEntity
  8
Defpoints
100
AcDbPoint
 10
16.285
 20
-1.643
 30
0.0
  0
POINT
  5
301
330
2F4
100
AcDbEntity
  8
Defpoints
100
AcDbPoint
 10
16.285
 20
-3.643
 30
0.0
  0
ENDBLK
  5
2F6
330
2F4
100
AcDbEntity
  8
0
100
AcDbBlockEnd
  0
BLOCK
  5
304
330
303
100
AcDbEntity
  8
0
100
AcDbBlockBegin
  2
*D9
 70
1
 10
0.0
 20
0.0
 30
0.0
  3
*D9
  1

  0
LINE
  5
306
330
303
100
AcDbEntity
  8
0
100
AcDbLine
 10
16.315
 20
-3.643
 30
0.0
 11
17.009999999999998
 21
-3.643
 31
0.0
  0
LINE
  5
307
330
303
100
AcDbEntity
  8
0
100
AcDbLine
 10
16.315
 20
-4.986
 30
0.0
 11
17.009999999999998
 21
-4.986
 31
0.0
  0
INSERT
  5
308
330
303
100
AcDbEntity
  8
A-COTA
100
AcDbBlockReference
  2
_ARCHTICK
 10
16.95
 20
-3.643
 30
0.0
 41
0.06
 42
0.06
 50
270.0
  0
INSERT
  5
30A
330
303
100
AcDbEntity
  8
A-COTA
100
AcDbBlockReference
  2
_ARCHTICK
 10
16.95
 20
-4.986
 30
0.0
 41
0.06
 42
0.06
 50
90.0
  0
LINE
  5
30C
330
303
100
AcDbEntity
  8
0
100
AcDbLine
 10
16.95
 20
-3.593
 30
0.0
 11
16.95
 21
-5.036
 31
0.0
  0
MTEXT
  5
30D
330
303
100
AcDbEntity
  8
A-COTA
100
AcDbMText
 10
17.0125
 20
-4.3145
 30
0.0
 40
0.075
 71
5
  1
1.34
  7
LAVA
 50
90.0
  0
POINT
  5
30E
330
303
100
AcDbEntity
  8
Defpoints
100
AcDbPoint
 10
16.95
 20
-3.643
 30
0.0
  0
POINT
  5
30F
330
303
100
AcDbEntity
  8
Defpoints
100
AcDbPoint
 10
16.285
 20
-3.643
 30
0.0
  0
POINT
  5
310
330
303
100
AcDbEntity
  8
Defpoints
100
AcDbPoint
 10
16.285
 20
-4.986
 30
0.0
  0
ENDBLK
  5
305
330
303
100
AcDbEntity
  8
0
100
AcDbBlockEnd
  0
BLOCK
  5
313
330
312
100
AcDbEntity
  8
0
100
AcDbBlockBegin
  2
*D10
 70
1
 10
0.0
 20
0.0
 30
0.0
  3
*D10
  1

  0
LINE
  5
315
330
312
100
AcDbEntity
  8
0
100
AcDbLine
 10
16.315
 20
-0.116
 30
0.0
 11
17.38
 21
-0.116
 31
0.0
  0
LINE
  5
316
330
312
100
AcDbEntity
  8
0
100
AcDbLine
 10
16.315
 20
-4.986
 30
0.0
 11
17.38
 21
-4.986
 31
0.0
  0
INSERT
  5
317
330
312
100
AcDbEntity
  8
A-COTA
100
AcDbBlockReference
  2
_ARCHTICK
 10
17.32
 20
-0.116
 30
0.0
 41
0.06
 42
0.06
 50
270.0
  0
INSERT
  5
319
330
312
100
AcDbEntity
  8
A-COTA
100
AcDbBlockReference
  2
_ARCHTICK
 10
17.32
 20
-4.986
 30
0.0
 41
0.06
 42
0.06
 50
90.0
  0
LINE
  5
31B
330
312
100
AcDbEntity
  8
0
100
AcDbLine
 10
17.32
 20
-0.066
 30
0.0
 11
17.32
 21
-5.036
 31
0.0
  0
MTEXT
  5
31C
330
312
100
AcDbEntity
  8
A-COTA
100
AcDbMText
 10
17.3825
 20
-2.551
 30
0.0
 40
0.075
 71
5
  1
4.87 interior
  7
LAVA
 50
90.0
  0
POINT
  5
31D
330
312
100
AcDbEntity
  8
Defpoints
100
AcDbPoint
 10
17.32
 20
-0.116
 30
0.0
  0
POINT
  5
31E
330
312
100
AcDbEntity
  8
Defpoints
100
AcDbPoint
 10
16.285
 20
-0.116
 30
0.0
  0
POINT
  5
31F
330
312
100
AcDbEntity
  8
Defpoints
100
AcDbPoint
 10
16.285
 20
-4.986
 30
0.0
  0
ENDBLK
  5
314
330
312
100
AcDbEntity
  8
0
100
AcDbBlockEnd
  0
BLOCK
  5
322
330
321
100
AcDbEntity
  8
0
100
AcDbBlockBegin
  2
*D11
 70
1
 10
0.0
 20
0.0
 30
0.0
  3
*D11
  1

  0
LINE
  5
324
330
321
100
AcDbEntity
  8
0
100
AcDbLine
 10
3.345
 20
-0.116
 30
0.0
 11
2.79
 21
-0.116
 31
0.0
  0
LINE
  5
325
330
321
100
AcDbEntity
  8
0
100
AcDbLine
 10
3.345
 20
-0.516
 30
0.0
 11
2.79
 21
-0.516
 31
0.0
  0
INSERT
  5
326
330
321
100
AcDbEntity
  8
A-COTA
100
AcDbBlockReference
  2
_ARCHTICK
 10
2.85
 20
-0.116
 30
0.0
 41
0.06
 42
0.06
 50
270.0
  0
INSERT
  5
328
330
321
100
AcDbEntity
  8
A-COTA
100
AcDbBlockReference
  2
_ARCHTICK
 10
2.85
 20
-0.516
 30
0.0
 41
0.06
 42
0.06
 50
90.0
  0
LINE
  5
32A
330
321
100
AcDbEntity
  8
0
100
AcDbLine
 10
2.85
 20
-0.066
 30
0.0
 11
2.85
 21
-0.5660000000000001
 31
0.0
  0
MTEXT
  5
32B
330
321
100
AcDbEntity
  8
A-COTA
100
AcDbMText
 10
2.9125
 20
-0.316
 30
0.0
 40
0.075
 71
5
  1
0.40
  7
LAVA
 50
90.0
  0
POINT
  5
32C
330
321
100
AcDbEntity
  8
Defpoints
100
AcDbPoint
 10
2.85
 20
-0.116
 30
0.0
  0
POINT
  5
32D
330
321
100
AcDbEntity
  8
Defpoints
100
AcDbPoint
 10
3.375
 20
-0.116
 30
0.0
  0
POINT
  5
32E
330
321
100
AcDbEntity
  8
Defpoints
100
AcDbPoint
 10
3.375
 20
-0.516
 30
0.0
  0
ENDBLK
  5
323
330
321
100
AcDbEntity
  8
0
100
AcDbBlockEnd
  0
BLOCK
  5
331
330
330
100
AcDbEntity
  8
0
100
AcDbBlockBegin
  2
*D12
 70
1
 10
0.0
 20
0.0
 30
0.0
  3
*D12
  1

  0
LINE
  5
333
330
330
100
AcDbEntity
  8
0
100
AcDbLine
 10
3.345
 20
-0.516
 30
0.0
 11
2.79
 21
-0.516
 31
0.0
  0
LINE
  5
334
330
330
100
AcDbEntity
  8
0
100
AcDbLine
 10
3.345
 20
-0.916
 30
0.0
 11
2.79
 21
-0.916
 31
0.0
  0
INSERT
  5
335
330
330
100
AcDbEntity
  8
A-COTA
100
AcDbBlockReference
  2
_ARCHTICK
 10
2.85
 20
-0.516
 30
0.0
 41
0.06
 42
0.06
 50
270.0
  0
INSERT
  5
337
330
330
100
AcDbEntity
  8
A-COTA
100
AcDbBlockReference
  2
_ARCHTICK
 10
2.85
 20
-0.916
 30
0.0
 41
0.06
 42
0.06
 50
90.0
  0
LINE
  5
339
330
330
100
AcDbEntity
  8
0
100
AcDbLine
 10
2.85
 20
-0.466
 30
0.0
 11
2.85
 21
-0.9660000000000001
 31
0.0
  0
MTEXT
  5
33A
330
330
100
AcDbEntity
  8
A-COTA
100
AcDbMText
 10
2.9125
 20
-0.716
 30
0.0
 40
0.075
 71
5
  1
0.40
  7
LAVA
 50
90.0
  0
POINT
  5
33B
330
330
100
AcDbEntity
  8
Defpoints
100
AcDbPoint
 10
2.85
 20
-0.516
 30
0.0
  0
POINT
  5
33C
330
330
100
AcDbEntity
  8
Defpoints
100
AcDbPoint
 10
3.375
 20
-0.516
 30
0.0
  0
POINT
  5
33D
330
330
100
AcDbEntity
  8
Defpoints
100
AcDbPoint
 10
3.375
 20
-0.916
 30
0.0
  0
ENDBLK
  5
332
330
330
100
AcDbEntity
  8
0
100
AcDbBlockEnd
  0
BLOCK
  5
340
330
33F
100
AcDbEntity
  8
0
100
AcDbBlockBegin
  2
*D13
 70
1
 10
0.0
 20
0.0
 30
0.0
  3
*D13
  1

  0
LINE
  5
342
330
33F
100
AcDbEntity
  8
0
100
AcDbLine
 10
3.345
 20
-0.916
 30
0.0
 11
2.79
 21
-0.916
 31
0.0
  0
LINE
  5
343
330
33F
100
AcDbEntity
  8
0
100
AcDbLine
 10
3.345
 20
-1.616
 30
0.0
 11
2.79
 21
-1.616
 31
0.0
  0
INSERT
  5
344
330
33F
100
AcDbEntity
  8
A-COTA
100
AcDbBlockReference
  2
_ARCHTICK
 10
2.85
 20
-0.916
 30
0.0
 41
0.06
 42
0.06
 50
270.0
  0
INSERT
  5
346
330
33F
100
AcDbEntity
  8
A-COTA
100
AcDbBlockReference
  2
_ARCHTICK
 10
2.85
 20
-1.616
 30
0.0
 41
0.06
 42
0.06
 50
90.0
  0
LINE
  5
348
330
33F
100
AcDbEntity
  8
0
100
AcDbLine
 10
2.85
 20
-0.866
 30
0.0
 11
2.85
 21
-1.6660000000000001
 31
0.0
  0
MTEXT
  5
349
330
33F
100
AcDbEntity
  8
A-COTA
100
AcDbMText
 10
2.9125
 20
-1.266
 30
0.0
 40
0.075
 71
5
  1
0.70
  7
LAVA
 50
90.0
  0
POINT
  5
34A
330
33F
100
AcDbEntity
  8
Defpoints
100
AcDbPoint
 10
2.85
 20
-0.916
 30
0.0
  0
POINT
  5
34B
330
33F
100
AcDbEntity
  8
Defpoints
100
AcDbPoint
 10
3.375
 20
-0.916
 30
0.0
  0
POINT
  5
34C
330
33F
100
AcDbEntity
  8
Defpoints
100
AcDbPoint
 10
3.375
 20
-1.616
 30
0.0
  0
ENDBLK
  5
341
330
33F
100
AcDbEntity
  8
0
100
AcDbBlockEnd
  0
BLOCK
  5
34F
330
34E
100
AcDbEntity
  8
0
100
AcDbBlockBegin
  2
*D14
 70
1
 10
0.0
 20
0.0
 30
0.0
  3
*D14
  1

  0
LINE
  5
351
330
34E
100
AcDbEntity
  8
0
100
AcDbLine
 10
3.345
 20
-1.616
 30
0.0
 11
2.79
 21
-1.616
 31
0.0
  0
LINE
  5
352
330
34E
100
AcDbEntity
  8
0
100
AcDbLine
 10
3.345
 20
-2.416
 30
0.0
 11
2.79
 21
-2.416
 31
0.0
  0
INSERT
  5
353
330
34E
100
AcDbEntity
  8
A-COTA
100
AcDbBlockReference
  2
_ARCHTICK
 10
2.85
 20
-1.616
 30
0.0
 41
0.06
 42
0.06
 50
270.0
  0
INSERT
  5
355
330
34E
100
AcDbEntity
  8
A-COTA
100
AcDbBlockReference
  2
_ARCHTICK
 10
2.85
 20
-2.416
 30
0.0
 41
0.06
 42
0.06
 50
90.0
  0
LINE
  5
357
330
34E
100
AcDbEntity
  8
0
100
AcDbLine
 10
2.85
 20
-1.566
 30
0.0
 11
2.85
 21
-2.4659999999999997
 31
0.0
  0
MTEXT
  5
358
330
34E
100
AcDbEntity
  8
A-COTA
100
AcDbMText
 10
2.9125
 20
-2.016
 30
0.0
 40
0.075
 71
5
  1
0.80
  7
LAVA
 50
90.0
  0
POINT
  5
359
330
34E
100
AcDbEntity
  8
Defpoints
100
AcDbPoint
 10
2.85
 20
-1.616
 30
0.0
  0
POINT
  5
35A
330
34E
100
AcDbEntity
  8
Defpoints
100
AcDbPoint
 10
3.375
 20
-1.616
 30
0.0
  0
POINT
  5
35B
330
34E
100
AcDbEntity
  8
Defpoints
100
AcDbPoint
 10
3.375
 20
-2.416
 30
0.0
  0
ENDBLK
  5
350
330
34E
100
AcDbEntity
  8
0
100
AcDbBlockEnd
  0
BLOCK
  5
35E
330
35D
100
AcDbEntity
  8
0
100
AcDbBlockBegin
  2
*D15
 70
1
 10
0.0
 20
0.0
 30
0.0
  3
*D15
  1

  0
LINE
  5
360
330
35D
100
AcDbEntity
  8
0
100
AcDbLine
 10
3.395
 20
-2.416
 30
0.0
 11
2.7899999999999996
 21
-2.416
 31
0.0
  0
LINE
  5
361
330
35D
100
AcDbEntity
  8
0
100
AcDbLine
 10
3.395
 20
-3.916
 30
0.0
 11
2.7899999999999996
 21
-3.916
 31
0.0
  0
INSERT
  5
362
330
35D
100
AcDbEntity
  8
A-COTA
100
AcDbBlockReference
  2
_ARCHTICK
 10
2.8499999999999996
 20
-2.416
 30
0.0
 41
0.06
 42
0.06
 50
270.0
  0
INSERT
  5
364
330
35D
100
AcDbEntity
  8
A-COTA
100
AcDbBlockReference
  2
_ARCHTICK
 10
2.8499999999999996
 20
-3.916
 30
0.0
 41
0.06
 42
0.06
 50
90.0
  0
LINE
  5
366
330
35D
100
AcDbEntity
  8
0
100
AcDbLine
 10
2.8499999999999996
 20
-2.366
 30
0.0
 11
2.8499999999999996
 21
-3.9659999999999997
 31
0.0
  0
MTEXT
  5
367
330
35D
100
AcDbEntity
  8
A-COTA
100
AcDbMText
 10
2.9124999999999996
 20
-3.166
 30
0.0
 40
0.075
 71
5
  1
1.50
  7
LAVA
 50
90.0
  0
POINT
  5
368
330
35D
100
AcDbEntity
  8
Defpoints
100
AcDbPoint
 10
2.8499999999999996
 20
-2.416
 30
0.0
  0
POINT
  5
369
330
35D
100
AcDbEntity
  8
Defpoints
100
AcDbPoint
 10
3.425
 20
-2.416
 30
0.0
  0
POINT
  5
36A
330
35D
100
AcDbEntity
  8
Defpoints
100
AcDbPoint
 10
3.425
 20
-3.916
 30
0.0
  0
ENDBLK
  5
35F
330
35D
100
AcDbEntity
  8
0
100
AcDbBlockEnd
  0
BLOCK
  5
36D
330
36C
100
AcDbEntity
  8
0
100
AcDbBlockBegin
  2
*D16
 70
1
 10
0.0
 20
0.0
 30
0.0
  3
*D16
  1

  0
LINE
  5
36F
330
36C
100
AcDbEntity
  8
0
100
AcDbLine
 10
3.395
 20
-3.966
 30
0.0
 11
2.7899999999999996
 21
-3.966
 31
0.0
  0
LINE
  5
370
330
36C
100
AcDbEntity
  8
0
100
AcDbLine
 10
3.395
 20
-4.986
 30
0.0
 11
2.7899999999999996
 21
-4.986
 31
0.0
  0
INSERT
  5
371
330
36C
100
AcDbEntity
  8
A-COTA
100
AcDbBlockReference
  2
_ARCHTICK
 10
2.8499999999999996
 20
-3.966
 30
0.0
 41
0.06
 42
0.06
 50
270.0
  0
INSERT
  5
373
330
36C
100
AcDbEntity
  8
A-COTA
100
AcDbBlockReference
  2
_ARCHTICK
 10
2.8499999999999996
 20
-4.986
 30
0.0
 41
0.06
 42
0.06
 50
90.0
  0
LINE
  5
375
330
36C
100
AcDbEntity
  8
0
100
AcDbLine
 10
2.8499999999999996
 20
-3.9160000000000004
 30
0.0
 11
2.8499999999999996
 21
-5.036
 31
0.0
  0
MTEXT
  5
376
330
36C
100
AcDbEntity
  8
A-COTA
100
AcDbMText
 10
2.9124999999999996
 20
-4.476
 30
0.0
 40
0.075
 71
5
  1
1.02
  7
LAVA
 50
90.0
  0
POINT
  5
377
330
36C
100
AcDbEntity
  8
Defpoints
100
AcDbPoint
 10
2.8499999999999996
 20
-3.966
 30
0.0
  0
POINT
  5
378
330
36C
100
AcDbEntity
  8
Defpoints
100
AcDbPoint
 10
3.425
 20
-3.966
 30
0.0
  0
POINT
  5
379
330
36C
100
AcDbEntity
  8
Defpoints
100
AcDbPoint
 10
3.425
 20
-4.986
 30
0.0
  0
ENDBLK
  5
36E
330
36C
100
AcDbEntity
  8
0
100
AcDbBlockEnd
  0
BLOCK
  5
37C
330
37B
100
AcDbEntity
  8
0
100
AcDbBlockBegin
  2
*D17
 70
1
 10
0.0
 20
0.0
 30
0.0
  3
*D17
  1

  0
LINE
  5
37E
330
37B
100
AcDbEntity
  8
0
100
AcDbLine
 10
-0.115
 20
-1.0
 30
0.0
 11
-1.01
 21
-1.0
 31
0.0
  0
LINE
  5
37F
330
37B
100
AcDbEntity
  8
0
100
AcDbLine
 10
-0.115
 20
-2.4
 30
0.0
 11
-1.01
 21
-2.4
 31
0.0
  0
INSERT
  5
380
330
37B
100
AcDbEntity
  8
A-COTA
100
AcDbBlockReference
  2
_ARCHTICK
 10
-0.95
 20
-1.0
 30
0.0
 41
0.06
 42
0.06
 50
270.0
  0
INSERT
  5
382
330
37B
100
AcDbEntity
  8
A-COTA
100
AcDbBlockReference
  2
_ARCHTICK
 10
-0.95
 20
-2.4
 30
0.0
 41
0.06
 42
0.06
 50
90.0
  0
LINE
  5
384
330
37B
100
AcDbEntity
  8
0
100
AcDbLine
 10
-0.95
 20
-0.95
 30
0.0
 11
-0.95
 21
-2.4499999999999997
 31
0.0
  0
MTEXT
  5
385
330
37B
100
AcDbEntity
  8
A-COTA
100
AcDbMText
 10
-0.8875
 20
-1.7
 30
0.0
 40
0.075
 71
5
  1
1.40 smoker
  7
LAVA
 50
90.0
  0
POINT
  5
386
330
37B
100
AcDbEntity
  8
Defpoints
100
AcDbPoint
 10
-0.95
 20
-1.0
 30
0.0
  0
POINT
  5
387
330
37B
100
AcDbEntity
  8
Defpoints
100
AcDbPoint
 10
-0.085
 20
-1.0
 30
0.0
  0
POINT
  5
388
330
37B
100
AcDbEntity
  8
Defpoints
100
AcDbPoint
 10
-0.085
 20
-2.4
 30
0.0
  0
ENDBLK
  5
37D
330
37B
100
AcDbEntity
  8
0
100
AcDbBlockEnd
  0
BLOCK
  5
38B
330
38A
100
AcDbEntity
  8
0
100
AcDbBlockBegin
  2
*D18
 70
1
 10
0.0
 20
0.0
 30
0.0
  3
*D18
  1

  0
LINE
  5
38D
330
38A
100
AcDbEntity
  8
0
100
AcDbLine
 10
-0.115
 20
-2.55
 30
0.0
 11
-1.01
 21
-2.55
 31
0.0
  0
LINE
  5
38E
330
38A
100
AcDbEntity
  8
0
100
AcDbLine
 10
-0.115
 20
-3.15
 30
0.0
 11
-1.01
 21
-3.15
 31
0.0
  0
INSERT
  5
38F
330
38A
100
AcDbEntity
  8
A-COTA
100
AcDbBlockReference
  2
_ARCHTICK
 10
-0.95
 20
-2.55
 30
0.0
 41
0.06
 42
0.06
 50
270.0
  0
INSERT
  5
391
330
38A
100
AcDbEntity
  8
A-COTA
100
AcDbBlockReference
  2
_ARCHTICK
 10
-0.95
 20
-3.15
 30
0.0
 41
0.06
 42
0.06
 50
90.0
  0
LINE
  5
393
330
38A
100
AcDbEntity
  8
0
100
AcDbLine
 10
-0.95
 20
-2.5
 30
0.0
 11
-0.95
 21
-3.1999999999999997
 31
0.0
  0
MTEXT
  5
394
330
38A
100
AcDbEntity
  8
A-COTA
100
AcDbMText
 10
-0.8875
 20
-2.8499999999999996
 30
0.0
 40
0.075
 71
5
  1
0.60
  7
LAVA
 50
90.0
  0
POINT
  5
395
330
38A
100
AcDbEntity
  8
Defpoints
100
AcDbPoint
 10
-0.95
 20
-2.55
 30
0.0
  0
POINT
  5
396
330
38A
100
AcDbEntity
  8
Defpoints
100
AcDbPoint
 10
-0.085
 20
-2.55
 30
0.0
  0
POINT
  5
397
330
38A
100
AcDbEntity
  8
Defpoints
100
AcDbPoint
 10
-0.085
 20
-3.15
 30
0.0
  0
ENDBLK
  5
38C
330
38A
100
AcDbEntity
  8
0
100
AcDbBlockEnd
  0
BLOCK
  5
39A
330
399
100
AcDbEntity
  8
0
100
AcDbBlockBegin
  2
*D19
 70
1
 10
0.0
 20
0.0
 30
0.0
  3
*D19
  1

  0
LINE
  5
39C
330
399
100
AcDbEntity
  8
0
100
AcDbLine
 10
-0.115
 20
-3.4
 30
0.0
 11
-1.01
 21
-3.4
 31
0.0
  0
LINE
  5
39D
330
399
100
AcDbEntity
  8
0
100
AcDbLine
 10
-0.115
 20
-4.4
 30
0.0
 11
-1.01
 21
-4.4
 31
0.0
  0
INSERT
  5
39E
330
399
100
AcDbEntity
  8
A-COTA
100
AcDbBlockReference
  2
_ARCHTICK
 10
-0.95
 20
-3.4
 30
0.0
 41
0.06
 42
0.06
 50
270.0
  0
INSERT
  5
3A0
330
399
100
AcDbEntity
  8
A-COTA
100
AcDbBlockReference
  2
_ARCHTICK
 10
-0.95
 20
-4.4
 30
0.0
 41
0.06
 42
0.06
 50
90.0
  0
LINE
  5
3A2
330
399
100
AcDbEntity
  8
0
100
AcDbLine
 10
-0.95
 20
-3.35
 30
0.0
 11
-0.95
 21
-4.45
 31
0.0
  0
MTEXT
  5
3A3
330
399
100
AcDbEntity
  8
A-COTA
100
AcDbMText
 10
-0.8875
 20
-3.9000000000000004
 30
0.0
 40
0.075
 71
5
  1
1.00 leña
  7
LAVA
 50
90.0
  0
POINT
  5
3A4
330
399
100
AcDbEntity
  8
Defpoints
100
AcDbPoint
 10
-0.95
 20
-3.4
 30
0.0
  0
POINT
  5
3A5
330
399
100
AcDbEntity
  8
Defpoints
100
AcDbPoint
 10
-0.085
 20
-3.4
 30
0.0
  0
POINT
  5
3A6
330
399
100
AcDbEntity
  8
Defpoints
100
AcDbPoint
 10
-0.085
 20
-4.4
 30
0.0
  0
ENDBLK
  5
39B
330
399
100
AcDbEntity
  8
0
100
AcDbBlockEnd
  0
BLOCK
  5
3A9
330
3A8
100
AcDbEntity
  8
0
100
AcDbBlockBegin
  2
*D20
 70
1
 10
0.0
 20
0.0
 30
0.0
  3
*D20
  1

  0
LINE
  5
3AB
330
3A8
100
AcDbEntity
  8
0
100
AcDbLine
 10
-0.115
 20
-5.1
 30
0.0
 11
-0.81
 21
-5.1
 31
0.0
  0
LINE
  5
3AC
330
3A8
100
AcDbEntity
  8
0
100
AcDbLine
 10
-0.115
 20
-7.9
 30
0.0
 11
-0.81
 21
-7.9
 31
0.0
  0
INSERT
  5
3AD
330
3A8
100
AcDbEntity
  8
A-COTA
100
AcDbBlockReference
  2
_ARCHTICK
 10
-0.75
 20
-5.1
 30
0.0
 41
0.06
 42
0.06
 50
270.0
  0
INSERT
  5
3AF
330
3A8
100
AcDbEntity
  8
A-COTA
100
AcDbBlockReference
  2
_ARCHTICK
 10
-0.75
 20
-7.9
 30
0.0
 41
0.06
 42
0.06
 50
90.0
  0
LINE
  5
3B1
330
3A8
100
AcDbEntity
  8
0
100
AcDbLine
 10
-0.75
 20
-5.05
 30
0.0
 11
-0.75
 21
-7.95
 31
0.0
  0
MTEXT
  5
3B2
330
3A8
100
AcDbEntity
  8
A-COTA
100
AcDbMText
 10
-0.6875
 20
-6.5
 30
0.0
 40
0.075
 71
5
  1
2.80 almacén seco
  7
LAVA
 50
90.0
  0
POINT
  5
3B3
330
3A8
100
AcDbEntity
  8
Defpoints
100
AcDbPoint
 10
-0.75
 20
-5.1
 30
0.0
  0
POINT
  5
3B4
330
3A8
100
AcDbEntity
  8
Defpoints
100
AcDbPoint
 10
-0.085
 20
-5.1
 30
0.0
  0
POINT
  5
3B5
330
3A8
100
AcDbEntity
  8
Defpoints
100
AcDbPoint
 10
-0.085
 20
-7.9
 30
0.0
  0
ENDBLK
  5
3AA
330
3A8
100
AcDbEntity
  8
0
100
AcDbBlockEnd
  0
BLOCK
  5
3B8
330
3B7
100
AcDbEntity
  8
0
100
AcDbBlockBegin
  2
*D21
 70
1
 10
0.0
 20
0.0
 30
0.0
  3
*D21
  1

  0
LINE
  5
3BA
330
3B7
100
AcDbEntity
  8
0
100
AcDbLine
 10
-0.03
 20
-9.55
 30
0.0
 11
-0.81
 21
-9.55
 31
0.0
  0
LINE
  5
3BB
330
3B7
100
AcDbEntity
  8
0
100
AcDbLine
 10
-0.03
 20
-10.75
 30
0.0
 11
-0.81
 21
-10.75
 31
0.0
  0
INSERT
  5
3BC
330
3B7
100
AcDbEntity
  8
A-COTA
100
AcDbBlockReference
  2
_ARCHTICK
 10
-0.75
 20
-9.55
 30
0.0
 41
0.06
 42
0.06
 50
270.0
  0
INSERT
  5
3BE
330
3B7
100
AcDbEntity
  8
A-COTA
100
AcDbBlockReference
  2
_ARCHTICK
 10
-0.75
 20
-10.75
 30
0.0
 41
0.06
 42
0.06
 50
90.0
  0
LINE
  5
3C0
330
3B7
100
AcDbEntity
  8
0
100
AcDbLine
 10
-0.75
 20
-9.5
 30
0.0
 11
-0.75
 21
-10.8
 31
0.0
  0
MTEXT
  5
3C1
330
3B7
100
AcDbEntity
  8
A-COTA
100
AcDbMText
 10
-0.6875
 20
-10.15
 30
0.0
 40
0.075
 71
5
  1
1.20 mesa
  7
LAVA
 50
90.0
  0
POINT
  5
3C2
330
3B7
100
AcDbEntity
  8
Defpoints
100
AcDbPoint
 10
-0.75
 20
-9.55
 30
0.0
  0
POINT
  5
3C3
330
3B7
100
AcDbEntity
  8
Defpoints
100
AcDbPoint
 10
0.0
 20
-9.55
 30
0.0
  0
POINT
  5
3C4
330
3B7
100
AcDbEntity
  8
Defpoints
100
AcDbPoint
 10
0.0
 20
-10.75
 30
0.0
  0
ENDBLK
  5
3B9
330
3B7
100
AcDbEntity
  8
0
100
AcDbBlockEnd
  0
BLOCK
  5
3C7
330
3C6
100
AcDbEntity
  8
0
100
AcDbBlockBegin
  2
*D22
 70
1
 10
0.0
 20
0.0
 30
0.0
  3
*D22
  1

  0
LINE
  5
3C9
330
3C6
100
AcDbEntity
  8
0
100
AcDbLine
 10
-0.115
 20
-4.986
 30
0.0
 11
-1.26
 21
-4.986
 31
0.0
  0
LINE
  5
3CA
330
3C6
100
AcDbEntity
  8
0
100
AcDbLine
 10
-0.03
 20
-11.486
 30
0.0
 11
-1.26
 21
-11.486
 31
0.0
  0
INSERT
  5
3CB
330
3C6
100
AcDbEntity
  8
A-COTA
100
AcDbBlockReference
  2
_ARCHTICK
 10
-1.2
 20
-4.986
 30
0.0
 41
0.06
 42
0.06
 50
270.0
  0
INSERT
  5
3CD
330
3C6
100
AcDbEntity
  8
A-COTA
100
AcDbBlockReference
  2
_ARCHTICK
 10
-1.2
 20
-11.486
 30
0.0
 41
0.06
 42
0.06
 50
90.0
  0
LINE
  5
3CF
330
3C6
100
AcDbEntity
  8
0
100
AcDbLine
 10
-1.2
 20
-4.936
 30
0.0
 11
-1.2
 21
-11.536000000000001
 31
0.0
  0
MTEXT
  5
3D0
330
3C6
100
AcDbEntity
  8
A-COTA
100
AcDbMText
 10
-1.2675
 20
-6.936
 30
0.0
 40
0.075
 71
5
  1
6.50 ala servicio
  7
LAVA
 50
90.0
  0
POINT
  5
3D1
330
3C6
100
AcDbEntity
  8
Defpoints
100
AcDbPoint
 10
-1.2
 20
-4.986
 30
0.0
  0
POINT
  5
3D2
330
3C6
100
AcDbEntity
  8
Defpoints
100
AcDbPoint
 10
-0.085
 20
-4.986
 30
0.0
  0
POINT
  5
3D3
330
3C6
100
AcDbEntity
  8
Defpoints
100
AcDbPoint
 10
0.0
 20
-11.486
 30
0.0
  0
ENDBLK
  5
3C8
330
3C6
100
AcDbEntity
  8
0
100
AcDbBlockEnd
  0
BLOCK
  5
3D6
330
3D5
100
AcDbEntity
  8
0
100
AcDbBlockBegin
  2
*D23
 70
1
 10
0.0
 20
0.0
 30
0.0
  3
*D23
  1

  0
LINE
  5
3D8
330
3D5
100
AcDbEntity
  8
0
100
AcDbLine
 10
0.0
 20
-11.645999999999999
 30
0.0
 11
0.0
 21
-12.14
 31
0.0
  0
LINE
  5
3D9
330
3D5
100
AcDbEntity
  8
0
100
AcDbLine
 10
2.56
 20
-11.645999999999999
 30
0.0
 11
2.56
 21
-12.14
 31
0.0
  0
INSERT
  5
3DA
330
3D5
100
AcDbEntity
  8
A-COTA
100
AcDbBlockReference
  2
_ARCHTICK
 10
0.0
 20
-12.08
 30
0.0
 41
0.06
 42
0.06
 50
180.0
  0
INSERT
  5
3DC
330
3D5
100
AcDbEntity
  8
A-COTA
100
AcDbBlockReference
  2
_ARCHTICK
 10
2.56
 20
-12.08
 30
0.0
 41
0.06
 42
0.06
  0
LINE
  5
3DE
330
3D5
100
AcDbEntity
  8
0
100
AcDbLine
 10
-0.05
 20
-12.08
 30
0.0
 11
2.61
 21
-12.08
 31
0.0
  0
MTEXT
  5
3DF
330
3D5
100
AcDbEntity
  8
A-COTA
100
AcDbMText
 10
1.28
 20
-12.0175
 30
0.0
 40
0.075
 71
5
  1
2.56
  7
LAVA
  0
POINT
  5
3E0
330
3D5
100
AcDbEntity
  8
Defpoints
100
AcDbPoint
 10
0.0
 20
-12.08
 30
0.0
  0
POINT
  5
3E1
330
3D5
100
AcDbEntity
  8
Defpoints
100
AcDbPoint
 10
0.0
 20
-11.616
 30
0.0
  0
POINT
  5
3E2
330
3D5
100
AcDbEntity
  8
Defpoints
100
AcDbPoint
 10
2.56
 20
-11.616
 30
0.0
  0
ENDBLK
  5
3D7
330
3D5
100
AcDbEntity
  8
0
100
AcDbBlockEnd
  0
BLOCK
  5
3E5
330
3E4
100
AcDbEntity
  8
0
100
AcDbBlockBegin
  2
*D24
 70
1
 10
0.0
 20
0.0
 30
0.0
  3
*D24
  1

  0
LINE
  5
3E7
330
3E4
100
AcDbEntity
  8
0
100
AcDbLine
 10
2.56
 20
-11.645999999999999
 30
0.0
 11
2.56
 21
-12.14
 31
0.0
  0
LINE
  5
3E8
330
3E4
100
AcDbEntity
  8
0
100
AcDbLine
 10
3.46
 20
-11.645999999999999
 30
0.0
 11
3.46
 21
-12.14
 31
0.0
  0
INSERT
  5
3E9
330
3E4
100
AcDbEntity
  8
A-COTA
100
AcDbBlockReference
  2
_ARCHTICK
 10
2.56
 20
-12.08
 30
0.0
 41
0.06
 42
0.06
 50
180.0
  0
INSERT
  5
3EB
330
3E4
100
AcDbEntity
  8
A-COTA
100
AcDbBlockReference
  2
_ARCHTICK
 10
3.46
 20
-12.08
 30
0.0
 41
0.06
 42
0.06
  0
LINE
  5
3ED
330
3E4
100
AcDbEntity
  8
0
100
AcDbLine
 10
2.5100000000000002
 20
-12.08
 30
0.0
 11
3.51
 21
-12.08
 31
0.0
  0
MTEXT
  5
3EE
330
3E4
100
AcDbEntity
  8
A-COTA
100
AcDbMText
 10
3.01
 20
-12.0175
 30
0.0
 40
0.075
 71
5
  1
0.90
  7
LAVA
  0
POINT
  5
3EF
330
3E4
100
AcDbEntity
  8
Defpoints
100
AcDbPoint
 10
2.56
 20
-12.08
 30
0.0
  0
POINT
  5
3F0
330
3E4
100
AcDbEntity
  8
Defpoints
100
AcDbPoint
 10
2.56
 20
-11.616
 30
0.0
  0
POINT
  5
3F1
330
3E4
100
AcDbEntity
  8
Defpoints
100
AcDbPoint
 10
3.46
 20
-11.616
 30
0.0
  0
ENDBLK
  5
3E6
330
3E4
100
AcDbEntity
  8
0
100
AcDbBlockEnd
  0
BLOCK
  5
3F4
330
3F3
100
AcDbEntity
  8
0
100
AcDbBlockBegin
  2
*D25
 70
1
 10
0.0
 20
0.0
 30
0.0
  3
*D25
  1

  0
LINE
  5
3F6
330
3F3
100
AcDbEntity
  8
0
100
AcDbLine
 10
3.46
 20
-11.645999999999999
 30
0.0
 11
3.46
 21
-12.14
 31
0.0
  0
LINE
  5
3F7
330
3F3
100
AcDbEntity
  8
0
100
AcDbLine
 10
4.51
 20
-11.645999999999999
 30
0.0
 11
4.51
 21
-12.14
 31
0.0
  0
INSERT
  5
3F8
330
3F3
100
AcDbEntity
  8
A-COTA
100
AcDbBlockReference
  2
_ARCHTICK
 10
3.46
 20
-12.08
 30
0.0
 41
0.06
 42
0.06
 50
180.0
  0
INSERT
  5
3FA
330
3F3
100
AcDbEntity
  8
A-COTA
100
AcDbBlockReference
  2
_ARCHTICK
 10
4.51
 20
-12.08
 30
0.0
 41
0.06
 42
0.06
  0
LINE
  5
3FC
330
3F3
100
AcDbEntity
  8
0
100
AcDbLine
 10
3.41
 20
-12.08
 30
0.0
 11
4.56
 21
-12.08
 31
0.0
  0
MTEXT
  5
3FD
330
3F3
100
AcDbEntity
  8
A-COTA
100
AcDbMText
 10
3.985
 20
-12.0175
 30
0.0
 40
0.075
 71
5
  1
1.05
  7
LAVA
  0
POINT
  5
3FE
330
3F3
100
AcDbEntity
  8
Defpoints
100
AcDbPoint
 10
3.46
 20
-12.08
 30
0.0
  0
POINT
  5
3FF
330
3F3
100
AcDbEntity
  8
Defpoints
100
AcDbPoint
 10
3.46
 20
-11.616
 30
0.0
  0
POINT
  5
400
330
3F3
100
AcDbEntity
  8
Defpoints
100
AcDbPoint
 10
4.51
 20
-11.616
 30
0.0
  0
ENDBLK
  5
3F5
330
3F3
100
AcDbEntity
  8
0
100
AcDbBlockEnd
  0
BLOCK
  5
403
330
402
100
AcDbEntity
  8
0
100
AcDbBlockBegin
  2
*D26
 70
1
 10
0.0
 20
0.0
 30
0.0
  3
*D26
  1

  0
LINE
  5
405
330
402
100
AcDbEntity
  8
0
100
AcDbLine
 10
0.0
 20
-11.645999999999999
 30
0.0
 11
0.0
 21
-12.48
 31
0.0
  0
LINE
  5
406
330
402
100
AcDbEntity
  8
0
100
AcDbLine
 10
4.51
 20
-11.665999999999999
 30
0.0
 11
4.51
 21
-12.48
 31
0.0
  0
INSERT
  5
407
330
402
100
AcDbEntity
  8
A-COTA
100
AcDbBlockReference
  2
_ARCHTICK
 10
0.0
 20
-12.42
 30
0.0
 41
0.06
 42
0.06
 50
180.0
  0
INSERT
  5
409
330
402
100
AcDbEntity
  8
A-COTA
100
AcDbBlockReference
  2
_ARCHTICK
 10
4.51
 20
-12.42
 30
0.0
 41
0.06
 42
0.06
  0
LINE
  5
40B
330
402
100
AcDbEntity
  8
0
100
AcDbLine
 10
-0.05
 20
-12.42
 30
0.0
 11
4.56
 21
-12.42
 31
0.0
  0
MTEXT
  5
40C
330
402
100
AcDbEntity
  8
A-COTA
100
AcDbMText
 10
2.255
 20
-12.3575
 30
0.0
 40
0.075
 71
5
  1
4.51 ancho ala
  7
LAVA
  0
POINT
  5
40D
330
402
100
AcDbEntity
  8
Defpoints
100
AcDbPoint
 10
0.0
 20
-12.42
 30
0.0
  0
POINT
  5
40E
330
402
100
AcDbEntity
  8
Defpoints
100
AcDbPoint
 10
0.0
 20
-11.616
 30
0.0
  0
POINT
  5
40F
330
402
100
AcDbEntity
  8
Defpoints
100
AcDbPoint
 10
4.51
 20
-11.636
 30
0.0
  0
ENDBLK
  5
404
330
402
100
AcDbEntity
  8
0
100
AcDbBlockEnd
  0
BLOCK
  5
412
330
411
100
AcDbEntity
  8
0
100
AcDbBlockBegin
  2
*D27
 70
1
 10
0.0
 20
0.0
 30
0.0
  3
*D27
  1

  0
LINE
  5
414
330
411
100
AcDbEntity
  8
0
100
AcDbLine
 10
2.275
 20
-0.37
 30
0.0
 11
2.275
 21
-0.34
 31
0.0
  0
LINE
  5
415
330
411
100
AcDbEntity
  8
0
100
AcDbLine
 10
3.375
 20
-0.37
 30
0.0
 11
3.375
 21
-0.34
 31
0.0
  0
INSERT
  5
416
330
411
100
AcDbEntity
  8
A-COTA
100
AcDbBlockReference
  2
_ARCHTICK
 10
2.275
 20
-0.4
 30
0.0
 41
0.06
 42
0.06
 50
180.0
  0
INSERT
  5
418
330
411
100
AcDbEntity
  8
A-COTA
100
AcDbBlockReference
  2
_ARCHTICK
 10
3.375
 20
-0.4
 30
0.0
 41
0.06
 42
0.06
  0
LINE
  5
41A
330
411
100
AcDbEntity
  8
0
100
AcDbLine
 10
2.225
 20
-0.4
 30
0.0
 11
3.425
 21
-0.4
 31
0.0
  0
MTEXT
  5
41B
330
411
100
AcDbEntity
  8
A-COTA
100
AcDbMText
 10
2.517
 20
-0.3325
 30
0.0
 40
0.075
 71
5
  1
1.10
  7
LAVA
  0
POINT
  5
41C
330
411
100
AcDbEntity
  8
Defpoints
100
AcDbPoint
 10
2.275
 20
-0.4
 30
0.0
  0
POINT
  5
41D
330
411
100
AcDbEntity
  8
Defpoints
100
AcDbPoint
 10
2.275
 20
-0.4
 30
0.0
  0
POINT
  5
41E
330
411
100
AcDbEntity
  8
Defpoints
100
AcDbPoint
 10
3.375
 20
-0.4
 30
0.0
  0
ENDBLK
  5
413
330
411
100
AcDbEntity
  8
0
100
AcDbBlockEnd
  0
BLOCK
  5
421
330
420
100
AcDbEntity
  8
0
100
AcDbBlockBegin
  2
*D28
 70
1
 10
0.0
 20
0.0
 30
0.0
  3
*D28
  1

  0
LINE
  5
423
330
420
100
AcDbEntity
  8
0
100
AcDbLine
 10
0.665
 20
-1.22
 30
0.0
 11
0.665
 21
-1.19
 31
0.0
  0
LINE
  5
424
330
420
100
AcDbEntity
  8
0
100
AcDbLine
 10
3.375
 20
-1.22
 30
0.0
 11
3.375
 21
-1.19
 31
0.0
  0
INSERT
  5
425
330
420
100
AcDbEntity
  8
A-COTA
100
AcDbBlockReference
  2
_ARCHTICK
 10
0.665
 20
-1.25
 30
0.0
 41
0.06
 42
0.06
 50
180.0
  0
INSERT
  5
427
330
420
100
AcDbEntity
  8
A-COTA
100
AcDbBlockReference
  2
_ARCHTICK
 10
3.375
 20
-1.25
 30
0.0
 41
0.06
 42
0.06
  0
LINE
  5
429
330
420
100
AcDbEntity
  8
0
100
AcDbLine
 10
0.615
 20
-1.25
 30
0.0
 11
3.425
 21
-1.25
 31
0.0
  0
MTEXT
  5
42A
330
420
100
AcDbEntity
  8
A-COTA
100
AcDbMText
 10
2.02
 20
-1.1875
 30
0.0
 40
0.075
 71
5
  1
2.71 libre
  7
LAVA
  0
POINT
  5
42B
330
420
100
AcDbEntity
  8
Defpoints
100
AcDbPoint
 10
0.665
 20
-1.25
 30
0.0
  0
POINT
  5
42C
330
420
100
AcDbEntity
  8
Defpoints
100
AcDbPoint
 10
0.665
 20
-1.25
 30
0.0
  0
POINT
  5
42D
330
420
100
AcDbEntity
  8
Defpoints
100
AcDbPoint
 10
3.375
 20
-1.25
 30
0.0
  0
ENDBLK
  5
422
330
420
100
AcDbEntity
  8
0
100
AcDbBlockEnd
  0
BLOCK
  5
430
330
42F
100
AcDbEntity
  8
0
100
AcDbBlockBegin
  2
*D29
 70
1
 10
0.0
 20
0.0
 30
0.0
  3
*D29
  1

  0
LINE
  5
432
330
42F
100
AcDbEntity
  8
0
100
AcDbLine
 10
2.16
 20
-6.17
 30
0.0
 11
2.16
 21
-6.140000000000001
 31
0.0
  0
LINE
  5
433
330
42F
100
AcDbEntity
  8
0
100
AcDbLine
 10
3.31
 20
-6.17
 30
0.0
 11
3.31
 21
-6.140000000000001
 31
0.0
  0
INSERT
  5
434
330
42F
100
AcDbEntity
  8
A-COTA
100
AcDbBlockReference
  2
_ARCHTICK
 10
2.16
 20
-6.2
 30
0.0
 41
0.06
 42
0.06
 50
180.0
  0
INSERT
  5
436
330
42F
100
AcDbEntity
  8
A-COTA
100
AcDbBlockReference
  2
_ARCHTICK
 10
3.31
 20
-6.2
 30
0.0
 41
0.06
 42
0.06
  0
LINE
  5
438
330
42F
100
AcDbEntity
  8
0
100
AcDbLine
 10
2.1100000000000003
 20
-6.2
 30
0.0
 11
3.36
 21
-6.2
 31
0.0
  0
MTEXT
  5
439
330
42F
100
AcDbEntity
  8
A-COTA
100
AcDbMText
 10
2.7350000000000003
 20
-6.1375
 30
0.0
 40
0.075
 71
5
  1
1.15
  7
LAVA
  0
POINT
  5
43A
330
42F
100
AcDbEntity
  8
Defpoints
100
AcDbPoint
 10
2.16
 20
-6.2
 30
0.0
  0
POINT
  5
43B
330
42F
100
AcDbEntity
  8
Defpoints
100
AcDbPoint
 10
2.16
 20
-6.2
 30
0.0
  0
POINT
  5
43C
330
42F
100
AcDbEntity
  8
Defpoints
100
AcDbPoint
 10
3.31
 20
-6.2
 30
0.0
  0
ENDBLK
  5
431
330
42F
100
AcDbEntity
  8
0
100
AcDbBlockEnd
  0
BLOCK
  5
43F
330
43E
100
AcDbEntity
  8
0
100
AcDbBlockBegin
  2
*D30
 70
1
 10
0.0
 20
0.0
 30
0.0
  3
*D30
  1

  0
LINE
  5
441
330
43E
100
AcDbEntity
  8
0
100
AcDbLine
 10
0.365
 20
-6.67
 30
0.0
 11
0.365
 21
-6.640000000000001
 31
0.0
  0
LINE
  5
442
330
43E
100
AcDbEntity
  8
0
100
AcDbLine
 10
1.46
 20
-6.67
 30
0.0
 11
1.46
 21
-6.640000000000001
 31
0.0
  0
INSERT
  5
443
330
43E
100
AcDbEntity
  8
A-COTA
100
AcDbBlockReference
  2
_ARCHTICK
 10
0.365
 20
-6.7
 30
0.0
 41
0.06
 42
0.06
 50
180.0
  0
INSERT
  5
445
330
43E
100
AcDbEntity
  8
A-COTA
100
AcDbBlockReference
  2
_ARCHTICK
 10
1.46
 20
-6.7
 30
0.0
 41
0.06
 42
0.06
  0
LINE
  5
447
330
43E
100
AcDbEntity
  8
0
100
AcDbLine
 10
0.315
 20
-6.7
 30
0.0
 11
1.51
 21
-6.7
 31
0.0
  0
MTEXT
  5
448
330
43E
100
AcDbEntity
  8
A-COTA
100
AcDbMText
 10
0.9125
 20
-6.6375
 30
0.0
 40
0.075
 71
5
  1
1.10
  7
LAVA
  0
POINT
  5
449
330
43E
100
AcDbEntity
  8
Defpoints
100
AcDbPoint
 10
0.365
 20
-6.7
 30
0.0
  0
POINT
  5
44A
330
43E
100
AcDbEntity
  8
Defpoints
100
AcDbPoint
 10
0.365
 20
-6.7
 30
0.0
  0
POINT
  5
44B
330
43E
100
AcDbEntity
  8
Defpoints
100
AcDbPoint
 10
1.46
 20
-6.7
 30
0.0
  0
ENDBLK
  5
440
330
43E
100
AcDbEntity
  8
0
100
AcDbBlockEnd
  0
BLOCK
  5
44E
330
44D
100
AcDbEntity
  8
0
100
AcDbBlockBegin
  2
*D31
 70
1
 10
0.0
 20
0.0
 30
0.0
  3
*D31
  1

  0
LINE
  5
450
330
44D
100
AcDbEntity
  8
0
100
AcDbLine
 10
0.7
 20
-10.020000000000001
 30
0.0
 11
0.7
 21
-9.99
 31
0.0
  0
LINE
  5
451
330
44D
100
AcDbEntity
  8
0
100
AcDbLine
 10
3.81
 20
-10.020000000000001
 30
0.0
 11
3.81
 21
-9.99
 31
0.0
  0
INSERT
  5
452
330
44D
100
AcDbEntity
  8
A-COTA
100
AcDbBlockReference
  2
_ARCHTICK
 10
0.7
 20
-10.05
 30
0.0
 41
0.06
 42
0.06
 50
180.0
  0
INSERT
  5
454
330
44D
100
AcDbEntity
  8
A-COTA
100
AcDbBlockReference
  2
_ARCHTICK
 10
3.81
 20
-10.05
 30
0.0
 41
0.06
 42
0.06
  0
LINE
  5
456
330
44D
100
AcDbEntity
  8
0
100
AcDbLine
 10
0.6499999999999999
 20
-10.05
 30
0.0
 11
3.86
 21
-10.05
 31
0.0
  0
MTEXT
  5
457
330
44D
100
AcDbEntity
  8
A-COTA
100
AcDbMText
 10
2.255
 20
-9.9875
 30
0.0
 40
0.075
 71
5
  1
3.11
  7
LAVA
  0
POINT
  5
458
330
44D
100
AcDbEntity
  8
Defpoints
100
AcDbPoint
 10
0.7
 20
-10.05
 30
0.0
  0
POINT
  5
459
330
44D
100
AcDbEntity
  8
Defpoints
100
AcDbPoint
 10
0.7
 20
-10.05
 30
0.0
  0
POINT
  5
45A
330
44D
100
AcDbEntity
  8
Defpoints
100
AcDbPoint
 10
3.81
 20
-10.05
 30
0.0
  0
ENDBLK
  5
44F
330
44D
100
AcDbEntity
  8
0
100
AcDbBlockEnd
  0
BLOCK
  5
45D
330
45C
100
AcDbEntity
  8
0
100
AcDbBlockBegin
  2
*D32
 70
1
 10
0.0
 20
0.0
 30
0.0
  3
*D32
  1

  0
LINE
  5
45F
330
45C
100
AcDbEntity
  8
0
100
AcDbLine
 10
3.0700000000000003
 20
-8.886
 30
0.0
 11
3.04
 21
-8.886
 31
0.0
  0
LINE
  5
460
330
45C
100
AcDbEntity
  8
0
100
AcDbLine
 10
3.0700000000000003
 20
-10.786
 30
0.0
 11
3.04
 21
-10.786
 31
0.0
  0
INSERT
  5
461
330
45C
100
AcDbEntity
  8
A-COTA
100
AcDbBlockReference
  2
_ARCHTICK
 10
3.1
 20
-8.886
 30
0.0
 41
0.06
 42
0.06
 50
270.0
  0
INSERT
  5
463
330
45C
100
AcDbEntity
  8
A-COTA
100
AcDbBlockReference
  2
_ARCHTICK
 10
3.1
 20
-10.786
 30
0.0
 41
0.06
 42
0.06
 50
90.0
  0
LINE
  5
465
330
45C
100
AcDbEntity
  8
0
100
AcDbLine
 10
3.1
 20
-8.835999999999999
 30
0.0
 11
3.1
 21
-10.836
 31
0.0
  0
MTEXT
  5
466
330
45C
100
AcDbEntity
  8
A-COTA
100
AcDbMText
 10
3.1625
 20
-9.835999999999999
 30
0.0
 40
0.075
 71
5
  1
1.90
  7
LAVA
 50
90.0
  0
POINT
  5
467
330
45C
100
AcDbEntity
  8
Defpoints
100
AcDbPoint
 10
3.1
 20
-8.886
 30
0.0
  0
POINT
  5
468
330
45C
100
AcDbEntity
  8
Defpoints
100
AcDbPoint
 10
3.1
 20
-8.886
 30
0.0
  0
POINT
  5
469
330
45C
100
AcDbEntity
  8
Defpoints
100
AcDbPoint
 10
3.1
 20
-10.786
 30
0.0
  0
ENDBLK
  5
45E
330
45C
100
AcDbEntity
  8
0
100
AcDbBlockEnd
  0
BLOCK
  5
46C
330
46B
100
AcDbEntity
  8
0
100
AcDbBlockBegin
  2
*D33
 70
1
 10
0.0
 20
0.0
 30
0.0
  3
*D33
  1

  0
LINE
  5
46E
330
46B
100
AcDbEntity
  8
0
100
AcDbLine
 10
12.270000000000001
 20
-1.916
 30
0.0
 11
12.24
 21
-1.916
 31
0.0
  0
LINE
  5
46F
330
46B
100
AcDbEntity
  8
0
100
AcDbLine
 10
12.270000000000001
 20
-3.186
 30
0.0
 11
12.24
 21
-3.186
 31
0.0
  0
INSERT
  5
470
330
46B
100
AcDbEntity
  8
A-COTA
100
AcDbBlockReference
  2
_ARCHTICK
 10
12.3
 20
-1.916
 30
0.0
 41
0.06
 42
0.06
 50
270.0
  0
INSERT
  5
472
330
46B
100
AcDbEntity
  8
A-COTA
100
AcDbBlockReference
  2
_ARCHTICK
 10
12.3
 20
-3.186
 30
0.0
 41
0.06
 42
0.06
 50
90.0
  0
LINE
  5
474
330
46B
100
AcDbEntity
  8
0
100
AcDbLine
 10
12.3
 20
-1.8659999999999999
 30
0.0
 11
12.3
 21
-3.2359999999999998
 31
0.0
  0
MTEXT
  5
475
330
46B
100
AcDbEntity
  8
A-COTA
100
AcDbMText
 10
12.422500000000001
 20
-2.551
 30
0.0
 40
0.075
 71
5
  1
1.27 pasillo principal
  7
LAVA
 50
90.0
  0
POINT
  5
476
330
46B
100
AcDbEntity
  8
Defpoints
100
AcDbPoint
 10
12.3
 20
-1.916
 30
0.0
  0
POINT
  5
477
330
46B
100
AcDbEntity
  8
Defpoints
100
AcDbPoint
 10
12.3
 20
-1.916
 30
0.0
  0
POINT
  5
478
330
46B
100
AcDbEntity
  8
Defpoints
100
AcDbPoint
 10
12.3
 20
-3.186
 30
0.0
  0
ENDBLK
  5
46D
330
46B
100
AcDbEntity
  8
0
100
AcDbBlockEnd
  0
BLOCK
  5
47B
330
47A
100
AcDbEntity
  8
0
100
AcDbBlockBegin
  2
*D34
 70
1
 10
0.0
 20
0.0
 30
0.0
  3
*D34
  1

  0
LINE
  5
47D
330
47A
100
AcDbEntity
  8
0
100
AcDbLine
 10
4.475
 20
-0.9199999999999999
 30
0.0
 11
4.475
 21
-0.8899999999999999
 31
0.0
  0
LINE
  5
47E
330
47A
100
AcDbEntity
  8
0
100
AcDbLine
 10
5.43
 20
-0.9199999999999999
 30
0.0
 11
5.43
 21
-0.8899999999999999
 31
0.0
  0
INSERT
  5
47F
330
47A
100
AcDbEntity
  8
A-COTA
100
AcDbBlockReference
  2
_ARCHTICK
 10
4.475
 20
-0.95
 30
0.0
 41
0.06
 42
0.06
 50
180.0
  0
INSERT
  5
481
330
47A
100
AcDbEntity
  8
A-COTA
100
AcDbBlockReference
  2
_ARCHTICK
 10
5.43
 20
-0.95
 30
0.0
 41
0.06
 42
0.06
  0
LINE
  5
483
330
47A
100
AcDbEntity
  8
0
100
AcDbLine
 10
4.425
 20
-0.95
 30
0.0
 11
5.4799999999999995
 21
-0.95
 31
0.0
  0
MTEXT
  5
484
330
47A
100
AcDbEntity
  8
A-COTA
100
AcDbMText
 10
4.9525
 20
-0.8875
 30
0.0
 40
0.075
 71
5
  1
0.96
  7
LAVA
  0
POINT
  5
485
330
47A
100
AcDbEntity
  8
Defpoints
100
AcDbPoint
 10
4.475
 20
-0.95
 30
0.0
  0
POINT
  5
486
330
47A
100
AcDbEntity
  8
Defpoints
100
AcDbPoint
 10
4.475
 20
-0.95
 30
0.0
  0
POINT
  5
487
330
47A
100
AcDbEntity
  8
Defpoints
100
AcDbPoint
 10
5.43
 20
-0.95
 30
0.0
  0
ENDBLK
  5
47C
330
47A
100
AcDbEntity
  8
0
100
AcDbBlockEnd
  0
BLOCK
  5
48A
330
489
100
AcDbEntity
  8
0
100
AcDbBlockBegin
  2
*D35
 70
1
 10
0.0
 20
0.0
 30
0.0
  3
*D35
  1

  0
LINE
  5
48C
330
489
100
AcDbEntity
  8
0
100
AcDbLine
 10
8.9
 20
-0.6859999999999999
 30
0.0
 11
8.9
 21
-0.6559999999999999
 31
0.0
  0
LINE
  5
48D
330
489
100
AcDbEntity
  8
0
100
AcDbLine
 10
9.21
 20
-0.6859999999999999
 30
0.0
 11
9.21
 21
-0.6559999999999999
 31
0.0
  0
INSERT
  5
48E
330
489
100
AcDbEntity
  8
A-COTA
100
AcDbBlockReference
  2
_ARCHTICK
 10
8.9
 20
-0.716
 30
0.0
 41
0.06
 42
0.06
 50
180.0
  0
INSERT
  5
490
330
489
100
AcDbEntity
  8
A-COTA
100
AcDbBlockReference
  2
_ARCHTICK
 10
9.21
 20
-0.716
 30
0.0
 41
0.06
 42
0.06
  0
LINE
  5
492
330
489
100
AcDbEntity
  8
0
100
AcDbLine
 10
8.85
 20
-0.716
 30
0.0
 11
9.260000000000002
 21
-0.716
 31
0.0
  0
MTEXT
  5
493
330
489
100
AcDbEntity
  8
A-COTA
100
AcDbMText
 10
9.055
 20
-0.6535
 30
0.0
 40
0.075
 71
5
  1
0.31
  7
LAVA
  0
POINT
  5
494
330
489
100
AcDbEntity
  8
Defpoints
100
AcDbPoint
 10
8.9
 20
-0.716
 30
0.0
  0
POINT
  5
495
330
489
100
AcDbEntity
  8
Defpoints
100
AcDbPoint
 10
8.9
 20
-0.716
 30
0.0
  0
POINT
  5
496
330
489
100
AcDbEntity
  8
Defpoints
100
AcDbPoint
 10
9.21
 20
-0.716
 30
0.0
  0
ENDBLK
  5
48B
330
489
100
AcDbEntity
  8
0
100
AcDbBlockEnd
  0
BLOCK
  5
499
330
498
100
AcDbEntity
  8
0
100
AcDbBlockBegin
  2
*D36
 70
1
 10
0.0
 20
0.0
 30
0.0
  3
*D36
  1

  0
LINE
  5
49B
330
498
100
AcDbEntity
  8
0
100
AcDbLine
 10
9.91
 20
-0.6859999999999999
 30
0.0
 11
9.91
 21
-0.6559999999999999
 31
0.0
  0
LINE
  5
49C
330
498
100
AcDbEntity
  8
0
100
AcDbLine
 10
10.26
 20
-0.6859999999999999
 30
0.0
 11
10.26
 21
-0.6559999999999999
 31
0.0
  0
INSERT
  5
49D
330
498
100
AcDbEntity
  8
A-COTA
100
AcDbBlockReference
  2
_ARCHTICK
 10
9.91
 20
-0.716
 30
0.0
 41
0.06
 42
0.06
 50
180.0
  0
INSERT
  5
49F
330
498
100
AcDbEntity
  8
A-COTA
100
AcDbBlockReference
  2
_ARCHTICK
 10
10.26
 20
-0.716
 30
0.0
 41
0.06
 42
0.06
  0
LINE
  5
4A1
330
498
100
AcDbEntity
  8
0
100
AcDbLine
 10
9.86
 20
-0.716
 30
0.0
 11
10.31
 21
-0.716
 31
0.0
  0
MTEXT
  5
4A2
330
498
100
AcDbEntity
  8
A-COTA
100
AcDbMText
 10
10.085
 20
-0.6535
 30
0.0
 40
0.075
 71
5
  1
0.35
  7
LAVA
  0
POINT
  5
4A3
330
498
100
AcDbEntity
  8
Defpoints
100
AcDbPoint
 10
9.91
 20
-0.716
 30
0.0
  0
POINT
  5
4A4
330
498
100
AcDbEntity
  8
Defpoints
100
AcDbPoint
 10
9.91
 20
-0.716
 30
0.0
  0
POINT
  5
4A5
330
498
100
AcDbEntity
  8
Defpoints
100
AcDbPoint
 10
10.26
 20
-0.716
 30
0.0
  0
ENDBLK
  5
49A
330
498
100
AcDbEntity
  8
0
100
AcDbBlockEnd
  0
BLOCK
  5
4A9
330
4A8
100
AcDbEntity
  8
0
100
AcDbBlockBegin
  2
*D37
 70
1
 10
0.0
 20
0.0
 30
0.0
  3
*D37
  1

  0
LINE
  5
4AB
330
4A8
100
AcDbEntity
  8
0
100
AcDbLine
 10
4.325
 20
0.029999999999999995
 30
0.0
 11
4.325
 21
0.7799999999999999
 31
0.0
  0
LINE
  5
4AC
330
4A8
100
AcDbEntity
  8
0
100
AcDbLine
 10
6.298
 20
0.029999999999999995
 30
0.0
 11
6.298
 21
0.7799999999999999
 31
0.0
  0
INSERT
  5
4AD
330
4A8
100
AcDbEntity
  8
A-COTA-DEMO
100
AcDbBlockReference
  2
_ARCHTICK
 10
4.325
 20
0.72
 30
0.0
 41
0.06
 42
0.06
 50
180.0
  0
INSERT
  5
4AF
330
4A8
100
AcDbEntity
  8
A-COTA-DEMO
100
AcDbBlockReference
  2
_ARCHTICK
 10
6.298
 20
0.72
 30
0.0
 41
0.06
 42
0.06
  0
LINE
  5
4B1
330
4A8
100
AcDbEntity
  8
0
100
AcDbLine
 10
4.275
 20
0.72
 30
0.0
 11
6.348
 21
0.72
 31
0.0
  0
MTEXT
  5
4B2
330
4A8
100
AcDbEntity
  8
A-COTA-DEMO
100
AcDbMText
 10
5.3115000000000006
 20
0.7825
 30
0.0
 40
0.075
 71
5
  1
1.97 corrimiento
  7
LAVA
  0
POINT
  5
4B3
330
4A8
100
AcDbEntity
  8
Defpoints
100
AcDbPoint
 10
4.325
 20
0.72
 30
0.0
  0
POINT
  5
4B4
330
4A8
100
AcDbEntity
  8
Defpoints
100
AcDbPoint
 10
4.325
 20
-0.0
 30
0.0
  0
POINT
  5
4B5
330
4A8
100
AcDbEntity
  8
Defpoints
100
AcDbPoint
 10
6.298
 20
-0.0
 30
0.0
  0
ENDBLK
  5
4AA
330
4A8
100
AcDbEntity
  8
0
100
AcDbBlockEnd
  0
BLOCK
  5
4B8
330
4B7
100
AcDbEntity
  8
0
100
AcDbBlockBegin
  2
*D38
 70
1
 10
0.0
 20
0.0
 30
0.0
  3
*D38
  1

  0
LINE
  5
4BA
330
4B7
100
AcDbEntity
  8
0
100
AcDbLine
 10
-0.085
 20
0.594
 30
0.0
 11
-0.085
 21
1.51
 31
0.0
  0
LINE
  5
4BB
330
4B7
100
AcDbEntity
  8
0
100
AcDbLine
 10
6.298
 20
0.03
 30
0.0
 11
6.298
 21
1.51
 31
0.0
  0
INSERT
  5
4BC
330
4B7
100
AcDbEntity
  8
A-COTA-DEMO
100
AcDbBlockReference
  2
_ARCHTICK
 10
-0.085
 20
1.45
 30
0.0
 41
0.06
 42
0.06
 50
180.0
  0
INSERT
  5
4BE
330
4B7
100
AcDbEntity
  8
A-COTA-DEMO
100
AcDbBlockReference
  2
_ARCHTICK
 10
6.298
 20
1.45
 30
0.0
 41
0.06
 42
0.06
  0
LINE
  5
4C0
330
4B7
100
AcDbEntity
  8
0
100
AcDbLine
 10
-0.135
 20
1.45
 30
0.0
 11
6.348
 21
1.45
 31
0.0
  0
MTEXT
  5
4C1
330
4B7
100
AcDbEntity
  8
A-COTA-DEMO
100
AcDbMText
 10
3.1065
 20
1.5125
 30
0.0
 40
0.075
 71
5
  1
6.38 cocina Marna’s
  7
LAVA
  0
POINT
  5
4C2
330
4B7
100
AcDbEntity
  8
Defpoints
100
AcDbPoint
 10
-0.085
 20
1.45
 30
0.0
  0
POINT
  5
4C3
330
4B7
100
AcDbEntity
  8
Defpoints
100
AcDbPoint
 10
-0.085
 20
0.564
 30
0.0
  0
POINT
  5
4C4
330
4B7
100
AcDbEntity
  8
Defpoints
100
AcDbPoint
 10
6.298
 20
-0.0
 30
0.0
  0
ENDBLK
  5
4B9
330
4B7
100
AcDbEntity
  8
0
100
AcDbBlockEnd
  0
BLOCK
  5
4C7
330
4C6
100
AcDbEntity
  8
0
100
AcDbBlockBegin
  2
*D39
 70
1
 10
0.0
 20
0.0
 30
0.0
  3
*D39
  1

  0
LINE
  5
4C9
330
4C6
100
AcDbEntity
  8
0
100
AcDbLine
 10
6.398
 20
0.03
 30
0.0
 11
6.398
 21
1.51
 31
0.0
  0
LINE
  5
4CA
330
4C6
100
AcDbEntity
  8
0
100
AcDbLine
 10
16.285
 20
-0.27
 30
0.0
 11
16.285
 21
1.51
 31
0.0
  0
INSERT
  5
4CB
330
4C6
100
AcDbEntity
  8
A-COTA-DEMO
100
AcDbBlockReference
  2
_ARCHTICK
 10
6.398
 20
1.45
 30
0.0
 41
0.06
 42
0.06
 50
180.0
  0
INSERT
  5
4CD
330
4C6
100
AcDbEntity
  8
A-COTA-DEMO
100
AcDbBlockReference
  2
_ARCHTICK
 10
16.285
 20
1.45
 30
0.0
 41
0.06
 42
0.06
  0
LINE
  5
4CF
330
4C6
100
AcDbEntity
  8
0
100
AcDbLine
 10
6.348
 20
1.45
 30
0.0
 11
16.335
 21
1.45
 31
0.0
  0
MTEXT
  5
4D0
330
4C6
100
AcDbEntity
  8
A-COTA-DEMO
100
AcDbMText
 10
11.3415
 20
1.5125
 30
0.0
 40
0.075
 71
5
  1
9.89 salón Marna’s
  7
LAVA
  0
POINT
  5
4D1
330
4C6
100
AcDbEntity
  8
Defpoints
100
AcDbPoint
 10
6.398
 20
1.45
 30
0.0
  0
POINT
  5
4D2
330
4C6
100
AcDbEntity
  8
Defpoints
100
AcDbPoint
 10
6.398
 20
-0.0
 30
0.0
  0
POINT
  5
4D3
330
4C6
100
AcDbEntity
  8
Defpoints
100
AcDbPoint
 10
16.285
 20
-0.3
 30
0.0
  0
ENDBLK
  5
4C8
330
4C6
100
AcDbEntity
  8
0
100
AcDbBlockEnd
  0
BLOCK
  5
4D6
330
4D5
100
AcDbEntity
  8
0
100
AcDbBlockBegin
  2
*D40
 70
1
 10
0.0
 20
0.0
 30
0.0
  3
*D40
  1

  0
LINE
  5
4D8
330
4D5
100
AcDbEntity
  8
0
100
AcDbLine
 10
2.249
 20
-5.1160000000000005
 30
0.0
 11
2.249
 21
-5.61
 31
0.0
  0
LINE
  5
4D9
330
4D5
100
AcDbEntity
  8
0
100
AcDbLine
 10
4.11
 20
-5.1160000000000005
 30
0.0
 11
4.11
 21
-5.61
 31
0.0
  0
INSERT
  5
4DA
330
4D5
100
AcDbEntity
  8
A-COTA-DEMO
100
AcDbBlockReference
  2
_ARCHTICK
 10
2.249
 20
-5.550000000000001
 30
0.0
 41
0.06
 42
0.06
 50
180.0
  0
INSERT
  5
4DC
330
4D5
100
AcDbEntity
  8
A-COTA-DEMO
100
AcDbBlockReference
  2
_ARCHTICK
 10
4.11
 20
-5.550000000000001
 30
0.0
 41
0.06
 42
0.06
  0
LINE
  5
4DE
330
4D5
100
AcDbEntity
  8
0
100
AcDbLine
 10
2.1990000000000003
 20
-5.550000000000001
 30
0.0
 11
4.16
 21
-5.550000000000001
 31
0.0
  0
MTEXT
  5
4DF
330
4D5
100
AcDbEntity
  8
A-COTA-DEMO
100
AcDbMText
 10
3.1795
 20
-5.487500000000001
 30
0.0
 40
0.075
 71
5
  1
1.86 paso a lavado
  7
LAVA
  0
POINT
  5
4E0
330
4D5
100
AcDbEntity
  8
Defpoints
100
AcDbPoint
 10
2.249
 20
-5.550000000000001
 30
0.0
  0
POINT
  5
4E1
330
4D5
100
AcDbEntity
  8
Defpoints
100
AcDbPoint
 10
2.249
 20
-5.086
 30
0.0
  0
POINT
  5
4E2
330
4D5
100
AcDbEntity
  8
Defpoints
100
AcDbPoint
 10
4.11
 20
-5.086
 30
0.0
  0
ENDBLK
  5
4D7
330
4D5
100
AcDbEntity
  8
0
100
AcDbBlockEnd
  0
ENDSEC
  0
SECTION
  2
ENTITIES
  0
HATCH
  5
96
330
17
100
AcDbEntity
  8
A-ZONA-TRAMA
420
15760404
440
33554462
100
AcDbHatch
 10
0.0
 20
0.0
 30
0.0
210
0.0
220
0.0
230
1.0
  2
SOLID
 70
1
 71
0
 91
1
 92
3
 72
0
 73
1
 93
7
 10
0.865
 20
-0.116
 10
0.865
 20
-0.866
 10
1.9
 20
-0.866
 10
1.9
 20
-4.986
 10
4.11
 20
-4.986
 10
4.325
 20
-4.986
 10
4.325
 20
-0.116
 97
0
 75
1
 76
1
 98
0
  0
LWPOLYLINE
  5
98
330
17
100
AcDbEntity
  8
A-ZONA
420
15760404
100
AcDbPolyline
 90
6
 70
1
 10
0.865
 20
-0.116
 10
4.325
 20
-0.116
 10
4.325
 20
-4.986
 10
1.9
 20
-4.986
 10
1.9
 20
-0.866
 10
0.865
 20
-0.866
  0
HATCH
  5
99
330
17
100
AcDbEntity
  8
A-ZONA-TRAMA
420
12730636
440
33554462
100
AcDbHatch
 10
0.0
 20
0.0
 30
0.0
210
0.0
220
0.0
230
1.0
  2
SOLID
 70
1
 71
0
 91
1
 92
3
 72
0
 73
1
 93
5
 10
-0.085
 20
-0.866
 10
-0.085
 20
-4.986
 10
1.9
 20
-4.986
 10
1.9
 20
-0.866
 10
0.865
 20
-0.866
 97
0
 75
1
 76
1
 98
0
  0
LWPOLYLINE
  5
9A
330
17
100
AcDbEntity
  8
A-ZONA
420
12730636
100
AcDbPolyline
 90
4
 70
1
 10
-0.085
 20
-0.866
 10
1.9
 20
-0.866
 10
1.9
 20
-4.986
 10
-0.085
 20
-4.986
  0
HATCH
  5
9B
330
17
100
AcDbEntity
  8
A-ZONA-TRAMA
420
1536890
440
33554462
100
AcDbHatch
 10
0.0
 20
0.0
 30
0.0
210
0.0
220
0.0
230
1.0
  2
SOLID
 70
1
 71
0
 91
1
 92
3
 72
0
 73
1
 93
6
 10
1.56
 20
-4.986
 10
1.56
 20
-8.436
 10
4.51
 20
-8.436
 10
4.51
 20
-6.456
 10
4.11
 20
-6.456
 10
4.11
 20
-4.986
 97
0
 75
1
 76
1
 98
0
  0
LWPOLYLINE
  5
9C
330
17
100
AcDbEntity
  8
A-ZONA
420
1536890
100
AcDbPolyline
 90
7
 70
1
 10
1.46
 20
-4.986
 10
4.11
 20
-4.986
 10
4.11
 20
-6.456
 10
4.51
 20
-6.456
 10
4.51
 20
-8.436
 10
1.56
 20
-8.436
 10
1.56
 20
-4.986
  0
HATCH
  5
9D
330
17
100
AcDbEntity
  8
A-ZONA-TRAMA
420
3108816
440
33554462
100
AcDbHatch
 10
0.0
 20
0.0
 30
0.0
210
0.0
220
0.0
230
1.0
  2
SOLID
 70
1
 71
0
 91
1
 92
3
 72
0
 73
1
 93
10
 10
1.46
 20
-8.436
 10
1.46
 20
-4.986
 10
-0.085
 20
-4.986
 10
-0.085
 20
-8.186
 10
0.315
 20
-8.186
 10
0.315
 20
-8.816
 10
0.0
 20
-8.816
 10
0.0
 20
-11.486
 10
4.51
 20
-11.486
 10
4.51
 20
-8.436
 97
0
 75
1
 76
1
 98
0
  0
LWPOLYLINE
  5
9E
330
17
100
AcDbEntity
  8
A-ZONA
420
3108816
100
AcDbPolyline
 90
10
 70
1
 10
-0.085
 20
-4.986
 10
1.46
 20
-4.986
 10
1.46
 20
-8.436
 10
4.51
 20
-8.436
 10
4.51
 20
-11.486
 10
0.0
 20
-11.486
 10
0.0
 20
-8.816
 10
0.315
 20
-8.816
 10
0.315
 20
-8.186
 10
-0.085
 20
-8.186
  0
HATCH
  5
9F
330
17
100
AcDbEntity
  8
A-ZONA-TRAMA
420
8015800
440
33554462
100
AcDbHatch
 10
0.0
 20
0.0
 30
0.0
210
0.0
220
0.0
230
1.0
  2
SOLID
 70
1
 71
0
 91
1
 92
3
 72
0
 73
1
 93
4
 10
4.4750000000000005
 20
-0.116
 10
4.4750000000000005
 20
-2.45
 10
6.95
 20
-2.45
 10
6.95
 20
-0.116
 97
0
 75
1
 76
1
 98
0
  0
LWPOLYLINE
  5
A0
330
17
100
AcDbEntity
  8
A-ZONA
420
8015800
100
AcDbPolyline
 90
4
 70
1
 10
4.4750000000000005
 20
-0.116
 10
6.95
 20
-0.116
 10
6.95
 20
-2.45
 10
4.4750000000000005
 20
-2.45
  0
HATCH
  5
A1
330
17
100
AcDbEntity
  8
A-ZONA-TRAMA
420
3054138
440
33554462
100
AcDbHatch
 10
0.0
 20
0.0
 30
0.0
210
0.0
220
0.0
230
1.0
  2
SOLID
 70
1
 71
0
 91
1
 92
3
 72
0
 73
1
 93
12
 10
6.95
 20
-2.45
 10
4.4750000000000005
 20
-2.45
 10
4.4750000000000005
 20
-4.986
 10
16.285
 20
-4.986
 10
16.285
 20
-0.3
 10
16.0
 20
-0.3
 10
16.0
 20
-0.116
 10
8.1
 20
-0.116
 10
8.1
 20
-0.3
 10
7.5
 20
-0.3
 10
7.5
 20
-0.116
 10
6.95
 20
-0.116
 97
0
 75
1
 76
1
 98
0
  0
LWPOLYLINE
  5
A2
330
17
100
AcDbEntity
  8
A-ZONA
420
3054138
100
AcDbPolyline
 90
6
 70
1
 10
4.4750000000000005
 20
-2.45
 10
6.95
 20
-2.45
 10
6.95
 20
-0.116
 10
16.285
 20
-0.116
 10
16.285
 20
-4.986
 10
4.4750000000000005
 20
-4.986
  0
LINE
  5
A4
330
17
100
AcDbEntity
  8
A-EJE
100
AcDbLine
 10
0.0
 20
2.28
 30
0.0
 11
0.0
 21
-12.815
 31
0.0
  0
INSERT
  5
A5
330
17
100
AcDbEntity
  8
A-EJE
100
AcDbBlockReference
 66
1
  2
LAVA-EJE
 10
0.0
 20
2.48
 30
0.0
  0
ATTRIB
  5
A7
330
17
100
AcDbEntity
  8
A-EJE
100
AcDbText
 10
0.0
 20
2.48
 30
0.0
 40
0.17
  1
A
  7
LAVA-B
 72
1
 11
0.0
 21
2.48
 31
0.0
100
AcDbAttribute
  2
EJE
 70
0
 74
2
 71
1
 72
0
 11
0.0
 21
2.48
 31
0.0
  0
SEQEND
  5
A6
330
A5
100
AcDbEntity
  8
A-EJE
  0
LINE
  5
A8
330
17
100
AcDbEntity
  8
A-EJE
100
AcDbLine
 10
7.8
 20
2.28
 30
0.0
 11
7.8
 21
-12.815
 31
0.0
  0
INSERT
  5
A9
330
17
100
AcDbEntity
  8
A-EJE
100
AcDbBlockReference
 66
1
  2
LAVA-EJE
 10
7.8
 20
2.48
 30
0.0
  0
ATTRIB
  5
AB
330
17
100
AcDbEntity
  8
A-EJE
100
AcDbText
 10
7.8
 20
2.48
 30
0.0
 40
0.17
  1
B
  7
LAVA-B
 72
1
 11
7.8
 21
2.48
 31
0.0
100
AcDbAttribute
  2
EJE
 70
0
 74
2
 71
1
 72
0
 11
7.8
 21
2.48
 31
0.0
  0
SEQEND
  5
AA
330
A9
100
AcDbEntity
  8
A-EJE
  0
LINE
  5
AC
330
17
100
AcDbEntity
  8
A-EJE
100
AcDbLine
 10
16.3
 20
2.28
 30
0.0
 11
16.3
 21
-12.815
 31
0.0
  0
INSERT
  5
AD
330
17
100
AcDbEntity
  8
A-EJE
100
AcDbBlockReference
 66
1
  2
LAVA-EJE
 10
16.3
 20
2.48
 30
0.0
  0
ATTRIB
  5
AF
330
17
100
AcDbEntity
  8
A-EJE
100
AcDbText
 10
16.3
 20
2.48
 30
0.0
 40
0.17
  1
C
  7
LAVA-B
 72
1
 11
16.3
 21
2.48
 31
0.0
100
AcDbAttribute
  2
EJE
 70
0
 74
2
 71
1
 72
0
 11
16.3
 21
2.48
 31
0.0
  0
SEQEND
  5
AE
330
AD
100
AcDbEntity
  8
A-EJE
  0
LINE
  5
B0
330
17
100
AcDbEntity
  8
A-EJE
100
AcDbLine
 10
-2.0149999999999997
 20
-0.0
 30
0.0
 11
16.85
 21
-0.0
 31
0.0
  0
INSERT
  5
B1
330
17
100
AcDbEntity
  8
A-EJE
100
AcDbBlockReference
 66
1
  2
LAVA-EJE
 10
-2.215
 20
-0.0
 30
0.0
  0
ATTRIB
  5
B3
330
17
100
AcDbEntity
  8
A-EJE
100
AcDbText
 10
-2.215
 20
0.0
 30
0.0
 40
0.17
  1
1
  7
LAVA-B
 72
1
 11
-2.215
 21
0.0
 31
0.0
100
AcDbAttribute
  2
EJE
 70
0
 74
2
 71
1
 72
0
 11
-2.215
 21
0.0
 31
0.0
  0
SEQEND
  5
B2
330
B1
100
AcDbEntity
  8
A-EJE
  0
LINE
  5
B4
330
17
100
AcDbEntity
  8
A-EJE
100
AcDbLine
 10
-2.0149999999999997
 20
-8.5
 30
0.0
 11
16.85
 21
-8.5
 31
0.0
  0
INSERT
  5
B5
330
17
100
AcDbEntity
  8
A-EJE
100
AcDbBlockReference
 66
1
  2
LAVA-EJE
 10
-2.215
 20
-8.5
 30
0.0
  0
ATTRIB
  5
B7
330
17
100
AcDbEntity
  8
A-EJE
100
AcDbText
 10
-2.215
 20
-8.5
 30
0.0
 40
0.17
  1
2
  7
LAVA-B
 72
1
 11
-2.215
 21
-8.5
 31
0.0
100
AcDbAttribute
  2
EJE
 70
0
 74
2
 71
1
 72
0
 11
-2.215
 21
-8.5
 31
0.0
  0
SEQEND
  5
B6
330
B5
100
AcDbEntity
  8
A-EJE
  0
DIMENSION
  5
B9
330
17
100
AcDbEntity
  8
A-COTA
100
AcDbDimension
280
0
  2
*D1
  3
LAVA-50
 10
0.0
 20
1.9799999999999998
 30
0.0
 11
3.9
 21
2.0424999999999995
 31
0.0
 70
32
 71
5
  1
<>
100
AcDbAlignedDimension
 13
0.0
 23
2.28
 33
0.0
 14
7.8
 24
2.28
 34
0.0
 50
0.0
100
AcDbRotatedDimension
  0
DIMENSION
  5
C8
330
17
100
AcDbEntity
  8
A-COTA
100
AcDbDimension
280
0
  2
*D2
  3
LAVA-50
 10
7.8
 20
1.9799999999999998
 30
0.0
 11
12.05
 21
2.0424999999999995
 31
0.0
 70
32
 71
5
  1
<>
100
AcDbAlignedDimension
 13
7.8
 23
2.28
 33
0.0
 14
16.3
 24
2.28
 34
0.0
 50
0.0
100
AcDbRotatedDimension
  0
LWPOLYLINE
  5
D8
330
17
100
AcDbEntity
  8
A-ESCALERA
100
AcDbPolyline
 90
4
 70
1
 10
4.74
 20
-5.216
 10
7.81
 20
-5.216
 10
7.81
 20
-12.565
 10
4.74
 20
-12.565
  0
LINE
  5
D9
330
17
100
AcDbEntity
  8
A-ESCALERA
370
9
100
AcDbLine
 10
4.725
 20
-7.316
 30
0.0
 11
6.175
 21
-7.316
 31
0.0
  0
LINE
  5
DA
330
17
100
AcDbEntity
  8
A-ESCALERA
370
9
100
AcDbLine
 10
4.725
 20
-7.616
 30
0.0
 11
6.175
 21
-7.616
 31
0.0
  0
LINE
  5
DB
330
17
100
AcDbEntity
  8
A-ESCALERA
370
9
100
AcDbLine
 10
4.725
 20
-7.9159999999999995
 30
0.0
 11
6.175
 21
-7.9159999999999995
 31
0.0
  0
LINE
  5
DC
330
17
100
AcDbEntity
  8
A-ESCALERA
370
9
100
AcDbLine
 10
4.725
 20
-8.216
 30
0.0
 11
6.175
 21
-8.216
 31
0.0
  0
LINE
  5
DD
330
17
100
AcDbEntity
  8
A-ESCALERA
370
9
100
AcDbLine
 10
4.725
 20
-8.516
 30
0.0
 11
6.175
 21
-8.516
 31
0.0
  0
LINE
  5
DE
330
17
100
AcDbEntity
  8
A-ESCALERA
370
9
100
AcDbLine
 10
4.725
 20
-8.815999999999999
 30
0.0
 11
6.175
 21
-8.815999999999999
 31
0.0
  0
LINE
  5
DF
330
17
100
AcDbEntity
  8
A-ESCALERA
370
9
100
AcDbLine
 10
4.725
 20
-9.116
 30
0.0
 11
6.175
 21
-9.116
 31
0.0
  0
LINE
  5
E0
330
17
100
AcDbEntity
  8
A-ESCALERA
370
9
100
AcDbLine
 10
4.725
 20
-9.416
 30
0.0
 11
6.175
 21
-9.416
 31
0.0
  0
LINE
  5
E1
330
17
100
AcDbEntity
  8
A-ESCALERA
370
9
100
AcDbLine
 10
4.725
 20
-9.716
 30
0.0
 11
6.175
 21
-9.716
 31
0.0
  0
LINE
  5
E2
330
17
100
AcDbEntity
  8
A-ESCALERA
370
9
100
AcDbLine
 10
6.19
 20
-7.316
 30
0.0
 11
7.625
 21
-7.316
 31
0.0
  0
LINE
  5
E3
330
17
100
AcDbEntity
  8
A-ESCALERA
370
9
100
AcDbLine
 10
6.19
 20
-7.616
 30
0.0
 11
7.625
 21
-7.616
 31
0.0
  0
LINE
  5
E4
330
17
100
AcDbEntity
  8
A-ESCALERA
370
9
100
AcDbLine
 10
6.19
 20
-7.9159999999999995
 30
0.0
 11
7.625
 21
-7.9159999999999995
 31
0.0
  0
LINE
  5
E5
330
17
100
AcDbEntity
  8
A-ESCALERA
370
9
100
AcDbLine
 10
6.19
 20
-8.216
 30
0.0
 11
7.625
 21
-8.216
 31
0.0
  0
LINE
  5
E6
330
17
100
AcDbEntity
  8
A-ESCALERA
370
9
100
AcDbLine
 10
6.19
 20
-8.516
 30
0.0
 11
7.625
 21
-8.516
 31
0.0
  0
LINE
  5
E7
330
17
100
AcDbEntity
  8
A-ESCALERA
370
9
100
AcDbLine
 10
6.19
 20
-8.815999999999999
 30
0.0
 11
7.625
 21
-8.815999999999999
 31
0.0
  0
LINE
  5
E8
330
17
100
AcDbEntity
  8
A-ESCALERA
370
9
100
AcDbLine
 10
6.19
 20
-9.116
 30
0.0
 11
7.625
 21
-9.116
 31
0.0
  0
LINE
  5
E9
330
17
100
AcDbEntity
  8
A-ESCALERA
370
9
100
AcDbLine
 10
6.19
 20
-9.416
 30
0.0
 11
7.625
 21
-9.416
 31
0.0
  0
LINE
  5
EA
330
17
100
AcDbEntity
  8
A-ESCALERA
370
9
100
AcDbLine
 10
6.19
 20
-9.716
 30
0.0
 11
7.625
 21
-9.716
 31
0.0
  0
TEXT
  5
EB
330
17
100
AcDbEntity
  8
A-ESCALERA
100
AcDbText
 10
6.275
 20
-11.0525
 30
0.0
 40
0.11
  1
ESCALERA EXISTENTE
  7
LAVA-B
 72
1
 11
6.275
 21
-11.0525
 31
0.0
100
AcDbText
 73
2
  0
TEXT
  5
EC
330
17
100
AcDbEntity
  8
A-ESCALERA
100
AcDbText
 10
6.275
 20
-11.228499999999999
 30
0.0
 40
0.11
  1
(edificio, fuera del local)
  7
LAVA
 72
1
 11
6.275
 21
-11.228499999999999
 31
0.0
100
AcDbText
 73
2
  0
LWPOLYLINE
  5
EE
330
17
100
AcDbEntity
  8
A-DUCTO
100
AcDbPolyline
 90
4
 70
1
 10
8.013
 20
0.701
 10
9.225
 20
0.701
 10
9.225
 20
0.013
 10
8.013
 20
0.013
  0
LINE
  5
EF
330
17
100
AcDbEntity
  8
A-DUCTO
370
9
100
AcDbLine
 10
8.013
 20
0.701
 30
0.0
 11
9.225
 21
0.013
 31
0.0
  0
LINE
  5
F0
330
17
100
AcDbEntity
  8
A-DUCTO
370
9
100
AcDbLine
 10
8.1
 20
0.06238613861386125
 30
0.0
 11
9.225
 21
0.701
 31
0.0
  0
LWPOLYLINE
  5
F1
330
17
100
AcDbEntity
  8
A-DUCTO
100
AcDbPolyline
 90
4
 70
1
 10
8.04
 20
-5.116
 10
9.225
 20
-5.116
 10
9.225
 20
-5.701
 10
8.04
 20
-5.701
  0
LINE
  5
F2
330
17
100
AcDbEntity
  8
A-DUCTO
370
9
100
AcDbLine
 10
8.04
 20
-5.116
 30
0.0
 11
9.225
 21
-5.701
 31
0.0
  0
LINE
  5
F3
330
17
100
AcDbEntity
  8
A-DUCTO
370
9
100
AcDbLine
 10
8.04
 20
-5.701
 30
0.0
 11
9.225
 21
-5.116
 31
0.0
  0
LWPOLYLINE
  5
F4
330
17
100
AcDbEntity
  8
A-DUCTO
100
AcDbPolyline
 90
4
 70
1
 10
4.24
 20
-5.116
 10
4.51
 20
-5.116
 10
4.51
 20
-6.326
 10
4.24
 20
-6.326
  0
LINE
  5
F5
330
17
100
AcDbEntity
  8
A-DUCTO
370
9
100
AcDbLine
 10
4.24
 20
-5.116
 30
0.0
 11
4.51
 21
-6.326
 31
0.0
  0
LINE
  5
F6
330
17
100
AcDbEntity
  8
A-DUCTO
370
9
100
AcDbLine
 10
4.24
 20
-6.326
 30
0.0
 11
4.51
 21
-5.116
 31
0.0
  0
LWPOLYLINE
  5
F7
330
17
100
AcDbEntity
  8
A-DUCTO
100
AcDbPolyline
 90
4
 70
1
 10
8.025
 20
-9.406
 10
8.615
 20
-9.406
 10
8.615
 20
-10.406
 10
8.025
 20
-10.406
  0
LINE
  5
F8
330
17
100
AcDbEntity
  8
A-DUCTO
370
9
100
AcDbLine
 10
8.025
 20
-9.406
 30
0.0
 11
8.615
 21
-10.406
 31
0.0
  0
LINE
  5
F9
330
17
100
AcDbEntity
  8
A-DUCTO
370
9
100
AcDbLine
 10
8.025
 20
-10.406
 30
0.0
 11
8.615
 21
-9.406
 31
0.0
  0
LWPOLYLINE
  5
FA
330
17
100
AcDbEntity
  8
A-DUCTO
100
AcDbPolyline
 90
4
 70
1
 10
-0.736
 20
0.435
 10
0.734
 20
0.435
 10
0.734
 20
-0.735
 10
-0.736
 20
-0.735
  0
LINE
  5
FB
330
17
100
AcDbEntity
  8
A-DUCTO
370
9
100
AcDbLine
 10
-0.736
 20
0.435
 30
0.0
 11
-0.315
 21
0.09991836734693878
 31
0.0
  0
LINE
  5
FC
330
17
100
AcDbEntity
  8
A-DUCTO
370
9
100
AcDbLine
 10
0.20756410256410257
 20
-0.316
 30
0.0
 11
0.734
 21
-0.735
 31
0.0
  0
LINE
  5
FD
330
17
100
AcDbEntity
  8
A-DUCTO
370
9
100
AcDbLine
 10
-0.736
 20
-0.735
 30
0.0
 11
-0.20956410256410257
 21
-0.316
 31
0.0
  0
LINE
  5
FE
330
17
100
AcDbEntity
  8
A-DUCTO
370
9
100
AcDbLine
 10
0.315
 20
0.10151020408163267
 30
0.0
 11
0.734
 21
0.435
 31
0.0
  0
HATCH
  5
100
330
17
100
AcDbEntity
  8
A-MURO-EXIST-TRAMA
100
AcDbHatch
 10
0.0
 20
0.0
 30
0.0
210
0.0
220
0.0
230
1.0
  2
ANSI31
 70
0
 71
0
 91
8
 92
3
 72
0
 73
1
 93
14
 10
-0.2
 20
-4.986
 10
-0.185
 20
-4.986
 10
-0.185
 20
-8.186
 10
-0.085
 20
-8.186
 10
-0.085
 20
-0.866
 10
0.865
 20
-0.866
 10
0.865
 20
-0.116
 10
7.5
 20
-0.116
 10
7.5
 20
-0.0
 10
0.865
 20
-0.0
 10
0.865
 20
0.564
 10
-0.865
 20
0.564
 10
-0.865
 20
-0.866
 10
-0.2
 20
-0.866
 97
0
 92
2
 72
0
 73
1
 93
4
 10
-0.736
 20
-0.735
 10
-0.736
 20
0.435
 10
0.734
 20
0.435
 10
0.734
 20
-0.735
 97
0
 92
3
 72
0
 73
1
 93
6
 10
1.46
 20
-7.0
 10
1.56
 20
-7.0
 10
1.56
 20
-5.086
 10
2.249
 20
-5.086
 10
2.249
 20
-4.986
 10
1.46
 20
-4.986
 97
0
 92
3
 72
0
 73
1
 93
32
 10
4.51
 20
-8.536
 10
4.51
 20
-11.486
 10
3.46
 20
-11.486
 10
3.46
 20
-11.616
 10
4.51
 20
-11.616
 10
4.51
 20
-11.636
 10
4.74
 20
-11.636
 10
4.74
 20
-5.216
 10
7.81
 20
-5.216
 10
7.81
 20
-8.201
 10
8.025
 20
-8.201
 10
8.025
 20
-9.001
 10
7.81
 20
-9.001
 10
7.81
 20
-12.565
 10
8.04
 20
-12.565
 10
8.04
 20
-10.406
 10
8.025
 20
-10.406
 10
8.025
 20
-9.406
 10
8.04
 20
-9.406
 10
8.04
 20
-5.831
 10
9.355
 20
-5.831
 10
9.355
 20
-5.168
 10
16.339
 20
-5.168
 10
16.339
 20
-4.986
 10
4.11
 20
-4.986
 10
4.11
 20
-6.456
 10
4.51
 20
-6.456
 10
4.51
 20
-8.436
 10
1.56
 20
-8.436
 10
1.56
 20
-7.986
 10
1.46
 20
-7.986
 10
1.46
 20
-8.536
 97
0
 92
2
 72
0
 73
1
 93
4
 10
8.04
 20
-5.701
 10
8.04
 20
-5.116
 10
9.225
 20
-5.116
 10
9.225
 20
-5.701
 97
0
 92
2
 72
0
 73
1
 93
4
 10
4.51
 20
-6.326
 10
4.24
 20
-6.326
 10
4.24
 20
-5.116
 10
4.51
 20
-5.116
 97
0
 92
3
 72
0
 73
1
 93
6
 10
1.365
 20
-11.486
 10
0.0
 20
-11.486
 10
0.0
 20
-8.816
 10
-0.3
 20
-8.816
 10
-0.3
 20
-11.616
 10
1.365
 20
-11.616
 97
0
 92
3
 72
0
 73
1
 93
12
 10
8.1
 20
-0.116
 10
16.0
 20
-0.116
 10
16.0
 20
-0.0
 10
9.355
 20
-0.0
 10
9.355
 20
0.83
 10
7.883
 20
0.83
 10
7.883
 20
0.3
 10
8.013
 20
0.3
 10
8.013
 20
0.701
 10
9.225
 20
0.701
 10
9.225
 20
0.013
 10
8.1
 20
0.013
 97
0
 75
1
 76
1
 52
0.0
 41
0.02
 77
0
 78
1
 53
45.0
 43
0.0
 44
0.0
 45
-0.0449012806
 46
0.0449012806
 79
0
 98
0
  0
LWPOLYLINE
  5
102
330
17
100
AcDbEntity
  8
A-MURO-EXIST
100
AcDbPolyline
 90
14
 70
1
 10
-0.2
 20
-4.986
 10
-0.185
 20
-4.986
 10
-0.185
 20
-8.186
 10
-0.085
 20
-8.186
 10
-0.085
 20
-0.866
 10
0.865
 20
-0.866
 10
0.865
 20
-0.116
 10
7.5
 20
-0.116
 10
7.5
 20
-0.0
 10
0.865
 20
-0.0
 10
0.865
 20
0.564
 10
-0.865
 20
0.564
 10
-0.865
 20
-0.866
 10
-0.2
 20
-0.866
  0
LWPOLYLINE
  5
103
330
17
100
AcDbEntity
  8
A-MURO-EXIST
100
AcDbPolyline
 90
4
 70
1
 10
-0.736
 20
-0.735
 10
-0.736
 20
0.435
 10
0.734
 20
0.435
 10
0.734
 20
-0.735
  0
LWPOLYLINE
  5
104
330
17
100
AcDbEntity
  8
A-MURO-EXIST
100
AcDbPolyline
 90
6
 70
1
 10
1.46
 20
-7.0
 10
1.56
 20
-7.0
 10
1.56
 20
-5.086
 10
2.249
 20
-5.086
 10
2.249
 20
-4.986
 10
1.46
 20
-4.986
  0
LWPOLYLINE
  5
105
330
17
100
AcDbEntity
  8
A-MURO-EXIST
100
AcDbPolyline
 90
32
 70
1
 10
4.51
 20
-8.536
 10
4.51
 20
-11.486
 10
3.46
 20
-11.486
 10
3.46
 20
-11.616
 10
4.51
 20
-11.616
 10
4.51
 20
-11.636
 10
4.74
 20
-11.636
 10
4.74
 20
-5.216
 10
7.81
 20
-5.216
 10
7.81
 20
-8.201
 10
8.025
 20
-8.201
 10
8.025
 20
-9.001
 10
7.81
 20
-9.001
 10
7.81
 20
-12.565
 10
8.04
 20
-12.565
 10
8.04
 20
-10.406
 10
8.025
 20
-10.406
 10
8.025
 20
-9.406
 10
8.04
 20
-9.406
 10
8.04
 20
-5.831
 10
9.355
 20
-5.831
 10
9.355
 20
-5.168
 10
16.339
 20
-5.168
 10
16.339
 20
-4.986
 10
4.11
 20
-4.986
 10
4.11
 20
-6.456
 10
4.51
 20
-6.456
 10
4.51
 20
-8.436
 10
1.56
 20
-8.436
 10
1.56
 20
-7.986
 10
1.46
 20
-7.986
 10
1.46
 20
-8.536
  0
LWPOLYLINE
  5
106
330
17
100
AcDbEntity
  8
A-MURO-EXIST
100
AcDbPolyline
 90
4
 70
1
 10
8.04
 20
-5.701
 10
8.04
 20
-5.116
 10
9.225
 20
-5.116
 10
9.225
 20
-5.701
  0
LWPOLYLINE
  5
107
330
17
100
AcDbEntity
  8
A-MURO-EXIST
100
AcDbPolyline
 90
4
 70
1
 10
4.51
 20
-6.326
 10
4.24
 20
-6.326
 10
4.24
 20
-5.116
 10
4.51
 20
-5.116
  0
LWPOLYLINE
  5
108
330
17
100
AcDbEntity
  8
A-MURO-EXIST
100
AcDbPolyline
 90
6
 70
1
 10
1.365
 20
-11.486
 10
0.0
 20
-11.486
 10
0.0
 20
-8.816
 10
-0.3
 20
-8.816
 10
-0.3
 20
-11.616
 10
1.365
 20
-11.616
  0
LWPOLYLINE
  5
109
330
17
100
AcDbEntity
  8
A-MURO-EXIST
100
AcDbPolyline
 90
12
 70
1
 10
8.1
 20
-0.116
 10
16.0
 20
-0.116
 10
16.0
 20
-0.0
 10
9.355
 20
-0.0
 10
9.355
 20
0.83
 10
7.883
 20
0.83
 10
7.883
 20
0.3
 10
8.013
 20
0.3
 10
8.013
 20
0.701
 10
9.225
 20
0.701
 10
9.225
 20
0.013
 10
8.1
 20
0.013
  0
HATCH
  5
10B
330
17
100
AcDbEntity
  8
A-COLUMNA-TRAMA
100
AcDbHatch
 10
0.0
 20
0.0
 30
0.0
210
0.0
220
0.0
230
1.0
  2
SOLID
 70
1
 71
0
 91
1
 92
3
 72
0
 73
1
 93
4
 10
0.315
 20
0.314
 10
0.315
 20
-0.316
 10
-0.315
 20
-0.316
 10
-0.315
 20
0.314
 97
0
 75
1
 76
1
 98
0
  0
LWPOLYLINE
  5
10D
330
17
100
AcDbEntity
  8
A-COLUMNA
100
AcDbPolyline
 90
4
 70
1
 10
-0.315
 20
0.314
 10
0.315
 20
0.314
 10
0.315
 20
-0.316
 10
-0.315
 20
-0.316
  0
HATCH
  5
10E
330
17
100
AcDbEntity
  8
A-COLUMNA-TRAMA
100
AcDbHatch
 10
0.0
 20
0.0
 30
0.0
210
0.0
220
0.0
230
1.0
  2
SOLID
 70
1
 71
0
 91
1
 92
3
 72
0
 73
1
 93
4
 10
8.1
 20
0.3
 10
8.1
 20
-0.3
 10
7.5
 20
-0.3
 10
7.5
 20
0.3
 97
0
 75
1
 76
1
 98
0
  0
LWPOLYLINE
  5
10F
330
17
100
AcDbEntity
  8
A-COLUMNA
100
AcDbPolyline
 90
4
 70
1
 10
7.5
 20
0.3
 10
8.1
 20
0.3
 10
8.1
 20
-0.3
 10
7.5
 20
-0.3
  0
HATCH
  5
110
330
17
100
AcDbEntity
  8
A-COLUMNA-TRAMA
100
AcDbHatch
 10
0.0
 20
0.0
 30
0.0
210
0.0
220
0.0
230
1.0
  2
SOLID
 70
1
 71
0
 91
1
 92
3
 72
0
 73
1
 93
4
 10
16.6
 20
0.3
 10
16.6
 20
-0.3
 10
16.0
 20
-0.3
 10
16.0
 20
0.3
 97
0
 75
1
 76
1
 98
0
  0
LWPOLYLINE
  5
111
330
17
100
AcDbEntity
  8
A-COLUMNA
100
AcDbPolyline
 90
4
 70
1
 10
16.0
 20
0.3
 10
16.6
 20
0.3
 10
16.6
 20
-0.3
 10
16.0
 20
-0.3
  0
HATCH
  5
112
330
17
100
AcDbEntity
  8
A-COLUMNA-TRAMA
100
AcDbHatch
 10
0.0
 20
0.0
 30
0.0
210
0.0
220
0.0
230
1.0
  2
SOLID
 70
1
 71
0
 91
1
 92
3
 72
0
 73
1
 93
4
 10
0.315
 20
-8.186
 10
0.315
 20
-8.816
 10
-0.315
 20
-8.816
 10
-0.315
 20
-8.186
 97
0
 75
1
 76
1
 98
0
  0
LWPOLYLINE
  5
113
330
17
100
AcDbEntity
  8
A-COLUMNA
100
AcDbPolyline
 90
4
 70
1
 10
-0.315
 20
-8.186
 10
0.315
 20
-8.186
 10
0.315
 20
-8.816
 10
-0.315
 20
-8.816
  0
HATCH
  5
114
330
17
100
AcDbEntity
  8
A-COLUMNA-TRAMA
100
AcDbHatch
 10
0.0
 20
0.0
 30
0.0
210
0.0
220
0.0
230
1.0
  2
SOLID
 70
1
 71
0
 91
1
 92
3
 72
0
 73
1
 93
4
 10
8.025
 20
-8.201
 10
8.025
 20
-9.001
 10
7.625
 20
-9.001
 10
7.625
 20
-8.201
 97
0
 75
1
 76
1
 98
0
  0
LWPOLYLINE
  5
115
330
17
100
AcDbEntity
  8
A-COLUMNA
100
AcDbPolyline
 90
4
 70
1
 10
7.625
 20
-8.201
 10
8.025
 20
-8.201
 10
8.025
 20
-9.001
 10
7.625
 20
-9.001
  0
HATCH
  5
116
330
17
100
AcDbEntity
  8
A-COLUMNA-TRAMA
100
AcDbHatch
 10
0.0
 20
0.0
 30
0.0
210
0.0
220
0.0
230
1.0
  2
SOLID
 70
1
 71
0
 91
1
 92
3
 72
0
 73
1
 93
4
 10
16.6
 20
-8.201
 10
16.6
 20
-8.801
 10
16.0
 20
-8.801
 10
16.0
 20
-8.201
 97
0
 75
1
 76
1
 98
0
  0
LWPOLYLINE
  5
117
330
17
100
AcDbEntity
  8
A-COLUMNA
100
AcDbPolyline
 90
4
 70
1
 10
16.0
 20
-8.201
 10
16.6
 20
-8.201
 10
16.6
 20
-8.801
 10
16.0
 20
-8.801
  0
LWPOLYLINE
  5
119
330
17
100
AcDbEntity
  8
A-VIDRIO
100
AcDbPolyline
 90
4
 70
1
 10
16.285
 20
-0.3
 10
16.315
 20
-0.3
 10
16.315
 20
-1.643
 10
16.285
 20
-1.643
  0
LINE
  5
11A
330
17
100
AcDbEntity
  8
A-VIDRIO
100
AcDbLine
 10
16.3
 20
-0.3
 30
0.0
 11
16.3
 21
-1.643
 31
0.0
  0
LWPOLYLINE
  5
11B
330
17
100
AcDbEntity
  8
A-VIDRIO
100
AcDbPolyline
 90
4
 70
1
 10
16.285
 20
-3.643
 10
16.315
 20
-3.643
 10
16.315
 20
-4.986
 10
16.285
 20
-4.986
  0
LINE
  5
11C
330
17
100
AcDbEntity
  8
A-VIDRIO
100
AcDbLine
 10
16.3
 20
-3.643
 30
0.0
 11
16.3
 21
-4.986
 31
0.0
  0
LWPOLYLINE
  5
11D
330
17
100
AcDbEntity
  8
A-VIDRIO
100
AcDbPolyline
 90
4
 70
1
 10
1.365
 20
-11.486
 10
2.56
 20
-11.486
 10
2.56
 20
-11.616
 10
1.365
 20
-11.616
  0
LINE
  5
11E
330
17
100
AcDbEntity
  8
A-VIDRIO
100
AcDbLine
 10
1.365
 20
-11.551
 30
0.0
 11
2.56
 21
-11.551
 31
0.0
  0
HATCH
  5
120
330
17
100
AcDbEntity
  8
A-MURO-DEMOL-TRAMA
100
AcDbHatch
 10
0.0
 20
0.0
 30
0.0
210
0.0
220
0.0
230
1.0
  2
ANSI31
 70
0
 71
0
 91
1
 92
3
 72
0
 73
1
 93
4
 10
3.365
 20
-11.486
 10
2.56
 20
-11.486
 10
2.56
 20
-11.616
 10
3.365
 20
-11.616
 97
0
 75
1
 76
1
 52
90.0
 41
0.02
 77
0
 78
1
 53
135.0
 43
0.0
 44
0.0
 45
-0.0449012806
 46
-0.0449012806
 79
0
 98
0
  0
LWPOLYLINE
  5
122
330
17
100
AcDbEntity
  8
A-MURO-DEMOL
100
AcDbPolyline
 90
4
 70
1
 10
3.365
 20
-11.486
 10
2.56
 20
-11.486
 10
2.56
 20
-11.616
 10
3.365
 20
-11.616
  0
HATCH
  5
123
330
17
100
AcDbEntity
  8
A-MURO-DEMOL-TRAMA
100
AcDbHatch
 10
0.0
 20
0.0
 30
0.0
210
0.0
220
0.0
230
1.0
  2
ANSI31
 70
0
 71
0
 91
1
 92
3
 72
0
 73
1
 93
4
 10
6.398
 20
-0.116
 10
6.398
 20
-4.26
 10
6.298
 20
-4.26
 10
6.298
 20
-0.116
 97
0
 75
1
 76
1
 52
90.0
 41
0.02
 77
0
 78
1
 53
135.0
 43
0.0
 44
0.0
 45
-0.0449012806
 46
-0.0449012806
 79
0
 98
0
  0
LWPOLYLINE
  5
124
330
17
100
AcDbEntity
  8
A-MURO-DEMOL
100
AcDbPolyline
 90
4
 70
1
 10
6.398
 20
-0.116
 10
6.398
 20
-4.26
 10
6.298
 20
-4.26
 10
6.298
 20
-0.116
  0
HATCH
  5
125
330
17
100
AcDbEntity
  8
A-MURO-DEMOL-TRAMA
100
AcDbHatch
 10
0.0
 20
0.0
 30
0.0
210
0.0
220
0.0
230
1.0
  2
ANSI31
 70
0
 71
0
 91
1
 92
3
 72
0
 73
1
 93
4
 10
4.11
 20
-4.986
 10
4.11
 20
-5.086
 10
3.05
 20
-5.086
 10
3.05
 20
-4.986
 97
0
 75
1
 76
1
 52
90.0
 41
0.02
 77
0
 78
1
 53
135.0
 43
0.0
 44
0.0
 45
-0.0449012806
 46
-0.0449012806
 79
0
 98
0
  0
LWPOLYLINE
  5
126
330
17
100
AcDbEntity
  8
A-MURO-DEMOL
100
AcDbPolyline
 90
4
 70
1
 10
4.11
 20
-4.986
 10
4.11
 20
-5.086
 10
3.05
 20
-5.086
 10
3.05
 20
-4.986
  0
HATCH
  5
127
330
17
100
AcDbEntity
  8
A-MURO-DEMOL-TRAMA
100
AcDbHatch
 10
0.0
 20
0.0
 30
0.0
210
0.0
220
0.0
230
1.0
  2
ANSI31
 70
0
 71
0
 91
1
 92
3
 72
0
 73
1
 93
4
 10
1.56
 20
-7.0
 10
1.56
 20
-7.076
 10
1.46
 20
-7.076
 10
1.46
 20
-7.0
 97
0
 75
1
 76
1
 52
90.0
 41
0.02
 77
0
 78
1
 53
135.0
 43
0.0
 44
0.0
 45
-0.0449012806
 46
-0.0449012806
 79
0
 98
0
  0
LWPOLYLINE
  5
128
330
17
100
AcDbEntity
  8
A-MURO-DEMOL
100
AcDbPolyline
 90
4
 70
1
 10
1.56
 20
-7.0
 10
1.56
 20
-7.076
 10
1.46
 20
-7.076
 10
1.46
 20
-7.0
  0
HATCH
  5
129
330
17
100
AcDbEntity
  8
A-MURO-DEMOL-TRAMA
100
AcDbHatch
 10
0.0
 20
0.0
 30
0.0
210
0.0
220
0.0
230
1.0
  2
ANSI31
 70
0
 71
0
 91
1
 92
3
 72
0
 73
1
 93
4
 10
1.56
 20
-8.536
 10
1.56
 20
-8.886
 10
1.46
 20
-8.886
 10
1.46
 20
-8.536
 97
0
 75
1
 76
1
 52
90.0
 41
0.02
 77
0
 78
1
 53
135.0
 43
0.0
 44
0.0
 45
-0.0449012806
 46
-0.0449012806
 79
0
 98
0
  0
LWPOLYLINE
  5
12A
330
17
100
AcDbEntity
  8
A-MURO-DEMOL
100
AcDbPolyline
 90
4
 70
1
 10
1.56
 20
-8.536
 10
1.56
 20
-8.886
 10
1.46
 20
-8.886
 10
1.46
 20
-8.536
  0
HATCH
  5
12B
330
17
100
AcDbEntity
  8
A-MURO-DEMOL-TRAMA
100
AcDbHatch
 10
0.0
 20
0.0
 30
0.0
210
0.0
220
0.0
230
1.0
  2
ANSI31
 70
0
 71
0
 91
1
 92
3
 72
0
 73
1
 93
4
 10
3.46
 20
-11.486
 10
3.46
 20
-11.616
 10
3.365
 20
-11.616
 10
3.365
 20
-11.486
 97
0
 75
1
 76
1
 52
90.0
 41
0.02
 77
0
 78
1
 53
135.0
 43
0.0
 44
0.0
 45
-0.0449012806
 46
-0.0449012806
 79
0
 98
0
  0
LWPOLYLINE
  5
12C
330
17
100
AcDbEntity
  8
A-MURO-DEMOL
100
AcDbPolyline
 90
4
 70
1
 10
3.46
 20
-11.486
 10
3.46
 20
-11.616
 10
3.365
 20
-11.616
 10
3.365
 20
-11.486
  0
LWPOLYLINE
  5
12E
330
17
100
AcDbEntity
  8
A-RETIRO
100
AcDbPolyline
 90
4
 70
1
 10
2.397
 20
-0.116
 10
6.197
 20
-0.116
 10
6.197
 20
-1.219
 10
2.397
 20
-1.219
  0
HATCH
  5
130
330
17
100
AcDbEntity
  8
A-MURO-NUEVO-TRAMA
100
AcDbHatch
 10
0.0
 20
0.0
 30
0.0
210
0.0
220
0.0
230
1.0
  2
SOLID
 70
1
 71
0
 91
1
 92
3
 72
0
 73
1
 93
4
 10
4.4750000000000005
 20
-0.116
 10
4.325
 20
-0.116
 10
4.325
 20
-3.966
 10
4.4750000000000005
 20
-3.966
 97
0
 75
1
 76
1
 98
0
  0
LWPOLYLINE
  5
132
330
17
100
AcDbEntity
  8
A-MURO-NUEVO
100
AcDbPolyline
 90
4
 70
1
 10
4.4750000000000005
 20
-0.116
 10
4.325
 20
-0.116
 10
4.325
 20
-3.966
 10
4.4750000000000005
 20
-3.966
  0
LINE
  5
133
330
17
100
AcDbEntity
  8
A-VIDRIO
370
35
100
AcDbLine
 10
4.4
 20
-0.14600000000000002
 30
0.0
 11
4.4
 21
-3.9360000000000004
 31
0.0
  0
HATCH
  5
134
330
17
100
AcDbEntity
  8
A-MURO-NUEVO-TRAMA
100
AcDbHatch
 10
0.0
 20
0.0
 30
0.0
210
0.0
220
0.0
230
1.0
  2
SOLID
 70
1
 71
0
 91
1
 92
3
 72
0
 73
1
 93
4
 10
4.325
 20
-3.916
 10
3.4250000000000003
 20
-3.916
 10
3.4250000000000003
 20
-3.966
 10
4.325
 20
-3.966
 97
0
 75
1
 76
1
 98
0
  0
LWPOLYLINE
  5
135
330
17
100
AcDbEntity
  8
A-MURO-NUEVO
100
AcDbPolyline
 90
4
 70
1
 10
4.325
 20
-3.916
 10
3.4250000000000003
 20
-3.916
 10
3.4250000000000003
 20
-3.966
 10
4.325
 20
-3.966
  0
LINE
  5
137
330
17
100
AcDbEntity
  8
A-PUERTA
370
35
100
AcDbLine
 10
4.4
 20
-4.986
 30
0.0
 11
4.4
 21
-3.966
 31
0.0
  0
ARC
  5
138
330
17
100
AcDbEntity
  8
A-PUERTA
370
13
100
AcDbCircle
 10
4.4
 20
-4.986
 30
0.0
 40
1.0199999999999996
100
AcDbArc
 50
90.0
 51
180.0
  0
ARC
  5
139
330
17
100
AcDbEntity
  8
A-PUERTA
370
13
100
AcDbCircle
 10
4.4
 20
-4.986
 30
0.0
 40
1.0199999999999996
100
AcDbArc
 50
0.0
 51
90.0
  0
LINE
  5
13A
330
17
100
AcDbEntity
  8
A-PUERTA
370
35
100
AcDbLine
 10
1.56
 20
-7.986
 30
0.0
 11
2.546
 21
-7.986
 31
0.0
  0
ARC
  5
13B
330
17
100
AcDbEntity
  8
A-PUERTA
370
13
100
AcDbCircle
 10
1.56
 20
-7.986
 30
0.0
 40
0.9859999999999998
100
AcDbArc
 50
0.0
 51
90.0
  0
LINE
  5
13D
330
17
100
AcDbEntity
  8
A-PUERTA-COND
370
35
100
AcDbLine
 10
3.46
 20
-11.616
 30
0.0
 11
3.46
 21
-12.516
 31
0.0
  0
ARC
  5
13E
330
17
100
AcDbEntity
  8
A-PUERTA-COND
370
13
100
AcDbCircle
 10
3.46
 20
-11.616
 30
0.0
 40
0.8999999999999999
100
AcDbArc
 50
180.0
 51
-90.0
  0
LINE
  5
13F
330
17
100
AcDbEntity
  8
A-PUERTA
370
35
100
AcDbLine
 10
16.3
 20
-1.643
 30
0.0
 11
15.33
 21
-1.643
 31
0.0
  0
ARC
  5
140
330
17
100
AcDbEntity
  8
A-PUERTA
370
13
100
AcDbCircle
 10
16.3
 20
-1.643
 30
0.0
 40
0.97
100
AcDbArc
 50
180.0
 51
-90.0
  0
LINE
  5
141
330
17
100
AcDbEntity
  8
A-PUERTA
370
35
100
AcDbLine
 10
16.3
 20
-3.643
 30
0.0
 11
15.33
 21
-3.643
 31
0.0
  0
ARC
  5
142
330
17
100
AcDbEntity
  8
A-PUERTA
370
13
100
AcDbCircle
 10
16.3
 20
-3.643
 30
0.0
 40
0.9699999999999998
100
AcDbArc
 50
90.0
 51
180.0
  0
LINE
  5
143
330
17
100
AcDbEntity
  8
A-PUERTA
370
9
100
AcDbLine
 10
16.3
 20
-1.643
 30
0.0
 11
16.3
 21
-3.643
 31
0.0
  0
TEXT
  5
144
330
17
100
AcDbEntity
  8
A-PUERTA
100
AcDbText
 10
16.482000000000003
 20
-2.643
 30
0.0
 40
0.065
  1
D-ENT · 2.00 (2 × 0.97)
 50
90.0
  7
LAVA-B
 72
1
 11
16.482000000000003
 21
-2.643
 31
0.0
100
AcDbText
 73
2
  0
CIRCLE
  5
146
330
17
100
AcDbEntity
  8
A-CONTEXTO
100
AcDbCircle
 10
4.6
 20
-12.802
 30
0.0
 40
0.04
  0
TEXT
  5
147
330
17
100
AcDbEntity
  8
A-CONTEXTO
100
AcDbText
 10
5.473649999999999
 20
-12.802
 30
0.0
 40
0.055
  1
D-STAIR-S (contexto, fuera del local)
  7
LAVA
 72
1
 11
5.473649999999999
 21
-12.802
 31
0.0
100
AcDbText
 73
2
  0
CIRCLE
  5
148
330
17
100
AcDbEntity
  8
A-CONTEXTO
100
AcDbCircle
 10
-0.25
 20
-10.416
 30
0.0
 40
0.04
  0
CIRCLE
  5
149
330
17
100
AcDbEntity
  8
A-CONTEXTO
100
AcDbCircle
 10
-2.376
 20
-10.418
 30
0.0
 40
0.04
  0
TEXT
  5
14A
330
17
100
AcDbEntity
  8
A-CONTEXTO
100
AcDbText
 10
-1.12365
 20
-10.416
 30
0.0
 40
0.055
  1
D-NEIGH-W (contexto, fuera del local)
  7
LAVA
 72
1
 11
-1.12365
 21
-10.416
 31
0.0
100
AcDbText
 73
2
  0
LWPOLYLINE
  5
14C
330
17
100
AcDbEntity
  8
A-MOBILIARIO
100
AcDbPolyline
 90
4
 70
1
 10
8.15
 20
-0.116
 10
15.12
 20
-0.116
 10
15.12
 20
-0.666
 10
8.15
 20
-0.666
  0
LINE
  5
14D
330
17
100
AcDbEntity
  8
A-MOBILIARIO
100
AcDbLine
 10
8.15
 20
-0.246
 30
0.0
 11
15.12
 21
-0.246
 31
0.0
  0
LINE
  5
14E
330
17
100
AcDbEntity
  8
A-MOBILIARIO
370
9
100
AcDbLine
 10
9.02125
 20
-0.246
 30
0.0
 11
9.02125
 21
-0.666
 31
0.0
  0
LINE
  5
14F
330
17
100
AcDbEntity
  8
A-MOBILIARIO
370
9
100
AcDbLine
 10
9.8925
 20
-0.246
 30
0.0
 11
9.8925
 21
-0.666
 31
0.0
  0
LINE
  5
150
330
17
100
AcDbEntity
  8
A-MOBILIARIO
370
9
100
AcDbLine
 10
10.76375
 20
-0.246
 30
0.0
 11
10.76375
 21
-0.666
 31
0.0
  0
LINE
  5
151
330
17
100
AcDbEntity
  8
A-MOBILIARIO
370
9
100
AcDbLine
 10
11.635
 20
-0.246
 30
0.0
 11
11.635
 21
-0.666
 31
0.0
  0
LINE
  5
152
330
17
100
AcDbEntity
  8
A-MOBILIARIO
370
9
100
AcDbLine
 10
12.50625
 20
-0.246
 30
0.0
 11
12.50625
 21
-0.666
 31
0.0
  0
LINE
  5
153
330
17
100
AcDbEntity
  8
A-MOBILIARIO
370
9
100
AcDbLine
 10
13.3775
 20
-0.246
 30
0.0
 11
13.3775
 21
-0.666
 31
0.0
  0
LINE
  5
154
330
17
100
AcDbEntity
  8
A-MOBILIARIO
370
9
100
AcDbLine
 10
14.24875
 20
-0.246
 30
0.0
 11
14.24875
 21
-0.666
 31
0.0
  0
TEXT
  5
155
330
17
100
AcDbEntity
  8
A-MOBILIARIO
100
AcDbText
 10
11.635
 20
-0.181
 30
0.0
 40
0.06
  1
BQ-N · banca corrida · 8 asientos individuales · fondo 0.55
  7
LAVA
 72
1
 11
11.635
 21
-0.181
 31
0.0
100
AcDbText
 73
2
  0
LWPOLYLINE
  5
156
330
17
100
AcDbEntity
  8
A-MOBILIARIO
100
AcDbPolyline
 90
4
 70
1
 10
6.5
 20
-4.436
 10
15.41
 20
-4.436
 10
15.41
 20
-4.986
 10
6.5
 20
-4.986
  0
LINE
  5
157
330
17
100
AcDbEntity
  8
A-MOBILIARIO
100
AcDbLine
 10
6.5
 20
-4.856
 30
0.0
 11
15.41
 21
-4.856
 31
0.0
  0
LINE
  5
158
330
17
100
AcDbEntity
  8
A-MOBILIARIO
370
9
100
AcDbLine
 10
7.391
 20
-4.436
 30
0.0
 11
7.391
 21
-4.856
 31
0.0
  0
LINE
  5
159
330
17
100
AcDbEntity
  8
A-MOBILIARIO
370
9
100
AcDbLine
 10
8.282
 20
-4.436
 30
0.0
 11
8.282
 21
-4.856
 31
0.0
  0
LINE
  5
15A
330
17
100
AcDbEntity
  8
A-MOBILIARIO
370
9
100
AcDbLine
 10
9.173
 20
-4.436
 30
0.0
 11
9.173
 21
-4.856
 31
0.0
  0
LINE
  5
15B
330
17
100
AcDbEntity
  8
A-MOBILIARIO
370
9
100
AcDbLine
 10
10.064
 20
-4.436
 30
0.0
 11
10.064
 21
-4.856
 31
0.0
  0
LINE
  5
15C
330
17
100
AcDbEntity
  8
A-MOBILIARIO
370
9
100
AcDbLine
 10
10.955
 20
-4.436
 30
0.0
 11
10.955
 21
-4.856
 31
0.0
  0
LINE
  5
15D
330
17
100
AcDbEntity
  8
A-MOBILIARIO
370
9
100
AcDbLine
 10
11.846
 20
-4.436
 30
0.0
 11
11.846
 21
-4.856
 31
0.0
  0
LINE
  5
15E
330
17
100
AcDbEntity
  8
A-MOBILIARIO
370
9
100
AcDbLine
 10
12.737
 20
-4.436
 30
0.0
 11
12.737
 21
-4.856
 31
0.0
  0
LINE
  5
15F
330
17
100
AcDbEntity
  8
A-MOBILIARIO
370
9
100
AcDbLine
 10
13.628
 20
-4.436
 30
0.0
 11
13.628
 21
-4.856
 31
0.0
  0
LINE
  5
160
330
17
100
AcDbEntity
  8
A-MOBILIARIO
370
9
100
AcDbLine
 10
14.519
 20
-4.436
 30
0.0
 11
14.519
 21
-4.856
 31
0.0
  0
TEXT
  5
161
330
17
100
AcDbEntity
  8
A-MOBILIARIO
100
AcDbText
 10
10.955
 20
-4.920999999999999
 30
0.0
 40
0.06
  1
BQ-S · banca corrida · 10 asientos individuales · fondo 0.55
  7
LAVA
 72
1
 11
10.955
 21
-4.920999999999999
 31
0.0
100
AcDbText
 73
2
  0
LWPOLYLINE
  5
162
330
17
100
AcDbEntity
  8
A-MOBILIARIO
100
AcDbPolyline
 90
4
 70
1
 10
8.2
 20
-0.716
 10
8.9
 20
-0.716
 10
8.9
 20
-1.416
 10
8.2
 20
-1.416
  0
TEXT
  5
163
330
17
100
AcDbEntity
  8
A-MOBILIARIO
100
AcDbText
 10
8.55
 20
-1.0179999999999998
 30
0.0
 40
0.06
  1
TN1
  7
LAVA-B
 72
1
 11
8.55
 21
-1.0179999999999998
 31
0.0
100
AcDbText
 73
2
  0
TEXT
  5
164
330
17
100
AcDbEntity
  8
A-MOBILIARIO
100
AcDbText
 10
8.55
 20
-1.1139999999999999
 30
0.0
 40
0.06
  1
2p · 70×70
  7
LAVA
 72
1
 11
8.55
 21
-1.1139999999999999
 31
0.0
100
AcDbText
 73
2
  0
LWPOLYLINE
  5
165
330
17
100
AcDbEntity
  8
A-MOBILIARIO
100
AcDbPolyline
 90
4
 70
1
 10
9.21
 20
-0.716
 10
9.91
 20
-0.716
 10
9.91
 20
-1.416
 10
9.21
 20
-1.416
  0
TEXT
  5
166
330
17
100
AcDbEntity
  8
A-MOBILIARIO
100
AcDbText
 10
9.56
 20
-1.0179999999999998
 30
0.0
 40
0.06
  1
TN2
  7
LAVA-B
 72
1
 11
9.56
 21
-1.0179999999999998
 31
0.0
100
AcDbText
 73
2
  0
TEXT
  5
167
330
17
100
AcDbEntity
  8
A-MOBILIARIO
100
AcDbText
 10
9.56
 20
-1.1139999999999999
 30
0.0
 40
0.06
  1
2p · 70×70
  7
LAVA
 72
1
 11
9.56
 21
-1.1139999999999999
 31
0.0
100
AcDbText
 73
2
  0
LWPOLYLINE
  5
168
330
17
100
AcDbEntity
  8
A-MOBILIARIO
100
AcDbPolyline
 90
4
 70
1
 10
10.26
 20
-0.716
 10
11.46
 20
-0.716
 10
11.46
 20
-1.416
 10
10.26
 20
-1.416
  0
TEXT
  5
169
330
17
100
AcDbEntity
  8
A-MOBILIARIO
100
AcDbText
 10
10.86
 20
-1.0179999999999998
 30
0.0
 40
0.06
  1
TN3
  7
LAVA-B
 72
1
 11
10.86
 21
-1.0179999999999998
 31
0.0
100
AcDbText
 73
2
  0
TEXT
  5
16A
330
17
100
AcDbEntity
  8
A-MOBILIARIO
100
AcDbText
 10
10.86
 20
-1.1139999999999999
 30
0.0
 40
0.06
  1
4p · 120×70
  7
LAVA
 72
1
 11
10.86
 21
-1.1139999999999999
 31
0.0
100
AcDbText
 73
2
  0
LWPOLYLINE
  5
16B
330
17
100
AcDbEntity
  8
A-MOBILIARIO
100
AcDbPolyline
 90
4
 70
1
 10
11.81
 20
-0.716
 10
12.51
 20
-0.716
 10
12.51
 20
-1.416
 10
11.81
 20
-1.416
  0
TEXT
  5
16C
330
17
100
AcDbEntity
  8
A-MOBILIARIO
100
AcDbText
 10
12.16
 20
-1.0179999999999998
 30
0.0
 40
0.06
  1
TN4
  7
LAVA-B
 72
1
 11
12.16
 21
-1.0179999999999998
 31
0.0
100
AcDbText
 73
2
  0
TEXT
  5
16D
330
17
100
AcDbEntity
  8
A-MOBILIARIO
100
AcDbText
 10
12.16
 20
-1.1139999999999999
 30
0.0
 40
0.06
  1
2p · 70×70
  7
LAVA
 72
1
 11
12.16
 21
-1.1139999999999999
 31
0.0
100
AcDbText
 73
2
  0
LWPOLYLINE
  5
16E
330
17
100
AcDbEntity
  8
A-MOBILIARIO
100
AcDbPolyline
 90
4
 70
1
 10
12.82
 20
-0.716
 10
13.52
 20
-0.716
 10
13.52
 20
-1.416
 10
12.82
 20
-1.416
  0
TEXT
  5
16F
330
17
100
AcDbEntity
  8
A-MOBILIARIO
100
AcDbText
 10
13.17
 20
-1.0179999999999998
 30
0.0
 40
0.06
  1
TN5
  7
LAVA-B
 72
1
 11
13.17
 21
-1.0179999999999998
 31
0.0
100
AcDbText
 73
2
  0
TEXT
  5
170
330
17
100
AcDbEntity
  8
A-MOBILIARIO
100
AcDbText
 10
13.17
 20
-1.1139999999999999
 30
0.0
 40
0.06
  1
2p · 70×70
  7
LAVA
 72
1
 11
13.17
 21
-1.1139999999999999
 31
0.0
100
AcDbText
 73
2
  0
LWPOLYLINE
  5
171
330
17
100
AcDbEntity
  8
A-MOBILIARIO
100
AcDbPolyline
 90
4
 70
1
 10
13.87
 20
-0.716
 10
15.07
 20
-0.716
 10
15.07
 20
-1.416
 10
13.87
 20
-1.416
  0
TEXT
  5
172
330
17
100
AcDbEntity
  8
A-MOBILIARIO
100
AcDbText
 10
14.469999999999999
 20
-0.9699999999999999
 30
0.0
 40
0.06
  1
TN6
  7
LAVA-B
 72
1
 11
14.469999999999999
 21
-0.9699999999999999
 31
0.0
100
AcDbText
 73
2
  0
TEXT
  5
173
330
17
100
AcDbEntity
  8
A-MOBILIARIO
100
AcDbText
 10
14.469999999999999
 20
-1.0659999999999998
 30
0.0
 40
0.06
  1
ACCESIBLE
  7
LAVA
 72
1
 11
14.469999999999999
 21
-1.0659999999999998
 31
0.0
100
AcDbText
 73
2
  0
TEXT
  5
174
330
17
100
AcDbEntity
  8
A-MOBILIARIO
100
AcDbText
 10
14.469999999999999
 20
-1.162
 30
0.0
 40
0.06
  1
4p · 120×70
  7
LAVA
 72
1
 11
14.469999999999999
 21
-1.162
 31
0.0
100
AcDbText
 73
2
  0
LWPOLYLINE
  5
175
330
17
100
AcDbEntity
  8
A-MOBILIARIO
  6
LAVA_FINO
100
AcDbPolyline
 90
4
 70
1
 10
13.84
 20
-0.6859999999999999
 10
15.1
 20
-0.6859999999999999
 10
15.1
 20
-1.446
 10
13.84
 20
-1.446
  0
LWPOLYLINE
  5
176
330
17
100
AcDbEntity
  8
A-MOBILIARIO
100
AcDbPolyline
 90
4
 70
1
 10
6.55
 20
-3.686
 10
7.25
 20
-3.686
 10
7.25
 20
-4.386
 10
6.55
 20
-4.386
  0
TEXT
  5
177
330
17
100
AcDbEntity
  8
A-MOBILIARIO
100
AcDbText
 10
6.9
 20
-3.9879999999999995
 30
0.0
 40
0.06
  1
TS1
  7
LAVA-B
 72
1
 11
6.9
 21
-3.9879999999999995
 31
0.0
100
AcDbText
 73
2
  0
TEXT
  5
178
330
17
100
AcDbEntity
  8
A-MOBILIARIO
100
AcDbText
 10
6.9
 20
-4.084
 30
0.0
 40
0.06
  1
2p · 70×70
  7
LAVA
 72
1
 11
6.9
 21
-4.084
 31
0.0
100
AcDbText
 73
2
  0
LWPOLYLINE
  5
179
330
17
100
AcDbEntity
  8
A-MOBILIARIO
100
AcDbPolyline
 90
4
 70
1
 10
7.56
 20
-3.686
 10
8.26
 20
-3.686
 10
8.26
 20
-4.386
 10
7.56
 20
-4.386
  0
TEXT
  5
17A
330
17
100
AcDbEntity
  8
A-MOBILIARIO
100
AcDbText
 10
7.91
 20
-3.9879999999999995
 30
0.0
 40
0.06
  1
TS2
  7
LAVA-B
 72
1
 11
7.91
 21
-3.9879999999999995
 31
0.0
100
AcDbText
 73
2
  0
TEXT
  5
17B
330
17
100
AcDbEntity
  8
A-MOBILIARIO
100
AcDbText
 10
7.91
 20
-4.084
 30
0.0
 40
0.06
  1
2p · 70×70
  7
LAVA
 72
1
 11
7.91
 21
-4.084
 31
0.0
100
AcDbText
 73
2
  0
LWPOLYLINE
  5
17C
330
17
100
AcDbEntity
  8
A-MOBILIARIO
100
AcDbPolyline
 90
4
 70
1
 10
8.58
 20
-3.686
 10
9.78
 20
-3.686
 10
9.78
 20
-4.386
 10
8.58
 20
-4.386
  0
TEXT
  5
17D
330
17
100
AcDbEntity
  8
A-MOBILIARIO
100
AcDbText
 10
9.18
 20
-3.9879999999999995
 30
0.0
 40
0.06
  1
TS3
  7
LAVA-B
 72
1
 11
9.18
 21
-3.9879999999999995
 31
0.0
100
AcDbText
 73
2
  0
TEXT
  5
17E
330
17
100
AcDbEntity
  8
A-MOBILIARIO
100
AcDbText
 10
9.18
 20
-4.084
 30
0.0
 40
0.06
  1
4p · 120×70
  7
LAVA
 72
1
 11
9.18
 21
-4.084
 31
0.0
100
AcDbText
 73
2
  0
LWPOLYLINE
  5
17F
330
17
100
AcDbEntity
  8
A-MOBILIARIO
100
AcDbPolyline
 90
4
 70
1
 10
10.1
 20
-3.686
 10
10.8
 20
-3.686
 10
10.8
 20
-4.386
 10
10.1
 20
-4.386
  0
TEXT
  5
180
330
17
100
AcDbEntity
  8
A-MOBILIARIO
100
AcDbText
 10
10.45
 20
-3.9879999999999995
 30
0.0
 40
0.06
  1
TS4
  7
LAVA-B
 72
1
 11
10.45
 21
-3.9879999999999995
 31
0.0
100
AcDbText
 73
2
  0
TEXT
  5
181
330
17
100
AcDbEntity
  8
A-MOBILIARIO
100
AcDbText
 10
10.45
 20
-4.084
 30
0.0
 40
0.06
  1
2p · 70×70
  7
LAVA
 72
1
 11
10.45
 21
-4.084
 31
0.0
100
AcDbText
 73
2
  0
LWPOLYLINE
  5
182
330
17
100
AcDbEntity
  8
A-MOBILIARIO
100
AcDbPolyline
 90
4
 70
1
 10
11.11
 20
-3.686
 10
11.81
 20
-3.686
 10
11.81
 20
-4.386
 10
11.11
 20
-4.386
  0
TEXT
  5
183
330
17
100
AcDbEntity
  8
A-MOBILIARIO
100
AcDbText
 10
11.46
 20
-3.9399999999999995
 30
0.0
 40
0.06
  1
TS5
  7
LAVA-B
 72
1
 11
11.46
 21
-3.9399999999999995
 31
0.0
100
AcDbText
 73
2
  0
TEXT
  5
184
330
17
100
AcDbEntity
  8
A-MOBILIARIO
100
AcDbText
 10
11.46
 20
-4.036
 30
0.0
 40
0.06
  1
ACCESIBLE
  7
LAVA
 72
1
 11
11.46
 21
-4.036
 31
0.0
100
AcDbText
 73
2
  0
TEXT
  5
185
330
17
100
AcDbEntity
  8
A-MOBILIARIO
100
AcDbText
 10
11.46
 20
-4.132
 30
0.0
 40
0.06
  1
2p · 70×70
  7
LAVA
 72
1
 11
11.46
 21
-4.132
 31
0.0
100
AcDbText
 73
2
  0
LWPOLYLINE
  5
186
330
17
100
AcDbEntity
  8
A-MOBILIARIO
  6
LAVA_FINO
100
AcDbPolyline
 90
4
 70
1
 10
11.08
 20
-3.656
 10
11.84
 20
-3.656
 10
11.84
 20
-4.416
 10
11.08
 20
-4.416
  0
LWPOLYLINE
  5
187
330
17
100
AcDbEntity
  8
A-MOBILIARIO
100
AcDbPolyline
 90
4
 70
1
 10
12.13
 20
-3.686
 10
13.33
 20
-3.686
 10
13.33
 20
-4.386
 10
12.13
 20
-4.386
  0
TEXT
  5
188
330
17
100
AcDbEntity
  8
A-MOBILIARIO
100
AcDbText
 10
12.73
 20
-3.9879999999999995
 30
0.0
 40
0.06
  1
TS6
  7
LAVA-B
 72
1
 11
12.73
 21
-3.9879999999999995
 31
0.0
100
AcDbText
 73
2
  0
TEXT
  5
189
330
17
100
AcDbEntity
  8
A-MOBILIARIO
100
AcDbText
 10
12.73
 20
-4.084
 30
0.0
 40
0.06
  1
4p · 120×70
  7
LAVA
 72
1
 11
12.73
 21
-4.084
 31
0.0
100
AcDbText
 73
2
  0
LWPOLYLINE
  5
18A
330
17
100
AcDbEntity
  8
A-MOBILIARIO
100
AcDbPolyline
 90
4
 70
1
 10
13.65
 20
-3.686
 10
14.35
 20
-3.686
 10
14.35
 20
-4.386
 10
13.65
 20
-4.386
  0
TEXT
  5
18B
330
17
100
AcDbEntity
  8
A-MOBILIARIO
100
AcDbText
 10
14.0
 20
-3.9879999999999995
 30
0.0
 40
0.06
  1
TS7
  7
LAVA-B
 72
1
 11
14.0
 21
-3.9879999999999995
 31
0.0
100
AcDbText
 73
2
  0
TEXT
  5
18C
330
17
100
AcDbEntity
  8
A-MOBILIARIO
100
AcDbText
 10
14.0
 20
-4.084
 30
0.0
 40
0.06
  1
2p · 70×70
  7
LAVA
 72
1
 11
14.0
 21
-4.084
 31
0.0
100
AcDbText
 73
2
  0
LWPOLYLINE
  5
18D
330
17
100
AcDbEntity
  8
A-MOBILIARIO
100
AcDbPolyline
 90
4
 70
1
 10
14.66
 20
-3.686
 10
15.36
 20
-3.686
 10
15.36
 20
-4.386
 10
14.66
 20
-4.386
  0
TEXT
  5
18E
330
17
100
AcDbEntity
  8
A-MOBILIARIO
100
AcDbText
 10
15.01
 20
-3.9879999999999995
 30
0.0
 40
0.06
  1
TS8
  7
LAVA-B
 72
1
 11
15.01
 21
-3.9879999999999995
 31
0.0
100
AcDbText
 73
2
  0
TEXT
  5
18F
330
17
100
AcDbEntity
  8
A-MOBILIARIO
100
AcDbText
 10
15.01
 20
-4.084
 30
0.0
 40
0.06
  1
2p · 70×70
  7
LAVA
 72
1
 11
15.01
 21
-4.084
 31
0.0
100
AcDbText
 73
2
  0
LWPOLYLINE
  5
190
330
17
100
AcDbEntity
  8
A-MOBILIARIO
370
13
100
AcDbPolyline
 90
4
 70
1
 10
8.325
 20
-1.466
 10
8.775
 20
-1.466
 10
8.775
 20
-1.916
 10
8.325
 20
-1.916
  0
LINE
  5
191
330
17
100
AcDbEntity
  8
A-MOBILIARIO
370
13
100
AcDbLine
 10
8.364999999999998
 20
-1.8459999999999999
 30
0.0
 11
8.735000000000001
 21
-1.8459999999999999
 31
0.0
  0
LWPOLYLINE
  5
192
330
17
100
AcDbEntity
  8
A-MOBILIARIO
370
13
100
AcDbPolyline
 90
4
 70
1
 10
9.335
 20
-1.466
 10
9.785
 20
-1.466
 10
9.785
 20
-1.916
 10
9.335
 20
-1.916
  0
LINE
  5
193
330
17
100
AcDbEntity
  8
A-MOBILIARIO
370
13
100
AcDbLine
 10
9.375
 20
-1.8459999999999999
 30
0.0
 11
9.745000000000001
 21
-1.8459999999999999
 31
0.0
  0
LWPOLYLINE
  5
194
330
17
100
AcDbEntity
  8
A-MOBILIARIO
370
13
100
AcDbPolyline
 90
4
 70
1
 10
10.335
 20
-1.466
 10
10.785
 20
-1.466
 10
10.785
 20
-1.916
 10
10.335
 20
-1.916
  0
LINE
  5
195
330
17
100
AcDbEntity
  8
A-MOBILIARIO
370
13
100
AcDbLine
 10
10.375
 20
-1.8459999999999999
 30
0.0
 11
10.745000000000001
 21
-1.8459999999999999
 31
0.0
  0
LWPOLYLINE
  5
196
330
17
100
AcDbEntity
  8
A-MOBILIARIO
370
13
100
AcDbPolyline
 90
4
 70
1
 10
10.935
 20
-1.466
 10
11.385
 20
-1.466
 10
11.385
 20
-1.916
 10
10.935
 20
-1.916
  0
LINE
  5
197
330
17
100
AcDbEntity
  8
A-MOBILIARIO
370
13
100
AcDbLine
 10
10.975
 20
-1.8459999999999999
 30
0.0
 11
11.345
 21
-1.8459999999999999
 31
0.0
  0
LWPOLYLINE
  5
198
330
17
100
AcDbEntity
  8
A-MOBILIARIO
370
13
100
AcDbPolyline
 90
4
 70
1
 10
11.935
 20
-1.466
 10
12.385
 20
-1.466
 10
12.385
 20
-1.916
 10
11.935
 20
-1.916
  0
LINE
  5
199
330
17
100
AcDbEntity
  8
A-MOBILIARIO
370
13
100
AcDbLine
 10
11.975
 20
-1.8459999999999999
 30
0.0
 11
12.345
 21
-1.8459999999999999
 31
0.0
  0
LWPOLYLINE
  5
19A
330
17
100
AcDbEntity
  8
A-MOBILIARIO
370
13
100
AcDbPolyline
 90
4
 70
1
 10
12.945
 20
-1.466
 10
13.395
 20
-1.466
 10
13.395
 20
-1.916
 10
12.945
 20
-1.916
  0
LINE
  5
19B
330
17
100
AcDbEntity
  8
A-MOBILIARIO
370
13
100
AcDbLine
 10
12.985
 20
-1.8459999999999999
 30
0.0
 11
13.355
 21
-1.8459999999999999
 31
0.0
  0
LWPOLYLINE
  5
19C
330
17
100
AcDbEntity
  8
A-MOBILIARIO
370
13
100
AcDbPolyline
 90
4
 70
1
 10
13.945
 20
-1.466
 10
14.395
 20
-1.466
 10
14.395
 20
-1.916
 10
13.945
 20
-1.916
  0
LINE
  5
19D
330
17
100
AcDbEntity
  8
A-MOBILIARIO
370
13
100
AcDbLine
 10
13.985
 20
-1.8459999999999999
 30
0.0
 11
14.355
 21
-1.8459999999999999
 31
0.0
  0
LWPOLYLINE
  5
19E
330
17
100
AcDbEntity
  8
A-MOBILIARIO
370
13
100
AcDbPolyline
 90
4
 70
1
 10
14.545
 20
-1.466
 10
14.995
 20
-1.466
 10
14.995
 20
-1.916
 10
14.545
 20
-1.916
  0
LINE
  5
19F
330
17
100
AcDbEntity
  8
A-MOBILIARIO
370
13
100
AcDbLine
 10
14.584999999999999
 20
-1.8459999999999999
 30
0.0
 11
14.955
 21
-1.8459999999999999
 31
0.0
  0
LWPOLYLINE
  5
1A0
330
17
100
AcDbEntity
  8
A-MOBILIARIO
370
13
100
AcDbPolyline
 90
4
 70
1
 10
6.675
 20
-3.186
 10
7.125
 20
-3.186
 10
7.125
 20
-3.636
 10
6.675
 20
-3.636
  0
LINE
  5
1A1
330
17
100
AcDbEntity
  8
A-MOBILIARIO
370
13
100
AcDbLine
 10
6.715
 20
-3.256
 30
0.0
 11
7.085
 21
-3.256
 31
0.0
  0
LWPOLYLINE
  5
1A2
330
17
100
AcDbEntity
  8
A-MOBILIARIO
370
13
100
AcDbPolyline
 90
4
 70
1
 10
7.685
 20
-3.186
 10
8.135
 20
-3.186
 10
8.135
 20
-3.636
 10
7.685
 20
-3.636
  0
LINE
  5
1A3
330
17
100
AcDbEntity
  8
A-MOBILIARIO
370
13
100
AcDbLine
 10
7.725
 20
-3.256
 30
0.0
 11
8.095
 21
-3.256
 31
0.0
  0
LWPOLYLINE
  5
1A4
330
17
100
AcDbEntity
  8
A-MOBILIARIO
370
13
100
AcDbPolyline
 90
4
 70
1
 10
8.655
 20
-3.186
 10
9.105
 20
-3.186
 10
9.105
 20
-3.636
 10
8.655
 20
-3.636
  0
LINE
  5
1A5
330
17
100
AcDbEntity
  8
A-MOBILIARIO
370
13
100
AcDbLine
 10
8.694999999999999
 20
-3.256
 30
0.0
 11
9.065000000000001
 21
-3.256
 31
0.0
  0
LWPOLYLINE
  5
1A6
330
17
100
AcDbEntity
  8
A-MOBILIARIO
370
13
100
AcDbPolyline
 90
4
 70
1
 10
9.255
 20
-3.186
 10
9.705
 20
-3.186
 10
9.705
 20
-3.636
 10
9.255
 20
-3.636
  0
LINE
  5
1A7
330
17
100
AcDbEntity
  8
A-MOBILIARIO
370
13
100
AcDbLine
 10
9.295
 20
-3.256
 30
0.0
 11
9.665000000000001
 21
-3.256
 31
0.0
  0
LWPOLYLINE
  5
1A8
330
17
100
AcDbEntity
  8
A-MOBILIARIO
370
13
100
AcDbPolyline
 90
4
 70
1
 10
10.225
 20
-3.186
 10
10.675
 20
-3.186
 10
10.675
 20
-3.636
 10
10.225
 20
-3.636
  0
LINE
  5
1A9
330
17
100
AcDbEntity
  8
A-MOBILIARIO
370
13
100
AcDbLine
 10
10.264999999999999
 20
-3.256
 30
0.0
 11
10.635000000000002
 21
-3.256
 31
0.0
  0
LWPOLYLINE
  5
1AA
330
17
100
AcDbEntity
  8
A-MOBILIARIO
370
13
100
AcDbPolyline
 90
4
 70
1
 10
11.235
 20
-3.186
 10
11.685
 20
-3.186
 10
11.685
 20
-3.636
 10
11.235
 20
-3.636
  0
LINE
  5
1AB
330
17
100
AcDbEntity
  8
A-MOBILIARIO
370
13
100
AcDbLine
 10
11.274999999999999
 20
-3.256
 30
0.0
 11
11.645000000000001
 21
-3.256
 31
0.0
  0
LWPOLYLINE
  5
1AC
330
17
100
AcDbEntity
  8
A-MOBILIARIO
370
13
100
AcDbPolyline
 90
4
 70
1
 10
12.205
 20
-3.186
 10
12.655
 20
-3.186
 10
12.655
 20
-3.636
 10
12.205
 20
-3.636
  0
LINE
  5
1AD
330
17
100
AcDbEntity
  8
A-MOBILIARIO
370
13
100
AcDbLine
 10
12.245
 20
-3.256
 30
0.0
 11
12.615
 21
-3.256
 31
0.0
  0
LWPOLYLINE
  5
1AE
330
17
100
AcDbEntity
  8
A-MOBILIARIO
370
13
100
AcDbPolyline
 90
4
 70
1
 10
12.805
 20
-3.186
 10
13.255
 20
-3.186
 10
13.255
 20
-3.636
 10
12.805
 20
-3.636
  0
LINE
  5
1AF
330
17
100
AcDbEntity
  8
A-MOBILIARIO
370
13
100
AcDbLine
 10
12.844999999999999
 20
-3.256
 30
0.0
 11
13.215000000000002
 21
-3.256
 31
0.0
  0
LWPOLYLINE
  5
1B0
330
17
100
AcDbEntity
  8
A-MOBILIARIO
370
13
100
AcDbPolyline
 90
4
 70
1
 10
13.775
 20
-3.186
 10
14.225
 20
-3.186
 10
14.225
 20
-3.636
 10
13.775
 20
-3.636
  0
LINE
  5
1B1
330
17
100
AcDbEntity
  8
A-MOBILIARIO
370
13
100
AcDbLine
 10
13.815
 20
-3.256
 30
0.0
 11
14.185
 21
-3.256
 31
0.0
  0
LWPOLYLINE
  5
1B2
330
17
100
AcDbEntity
  8
A-MOBILIARIO
370
13
100
AcDbPolyline
 90
4
 70
1
 10
14.785
 20
-3.186
 10
15.235
 20
-3.186
 10
15.235
 20
-3.636
 10
14.785
 20
-3.636
  0
LINE
  5
1B3
330
17
100
AcDbEntity
  8
A-MOBILIARIO
370
13
100
AcDbLine
 10
14.825
 20
-3.256
 30
0.0
 11
15.195
 21
-3.256
 31
0.0
  0
LWPOLYLINE
  5
1B5
330
17
100
AcDbEntity
  8
A-DECOR
100
AcDbPolyline
 90
4
 70
1
 10
6.55
 20
-4.911
 10
15.35
 20
-4.911
 10
15.35
 20
-4.986
 10
6.55
 20
-4.986
  0
LINE
  5
1B6
330
17
100
AcDbEntity
  8
A-DECOR
370
5
100
AcDbLine
 10
6.801428571428572
 20
-4.911
 30
0.0
 11
6.801428571428572
 21
-4.986
 31
0.0
  0
LINE
  5
1B7
330
17
100
AcDbEntity
  8
A-DECOR
370
5
100
AcDbLine
 10
7.0528571428571425
 20
-4.911
 30
0.0
 11
7.0528571428571425
 21
-4.986
 31
0.0
  0
LINE
  5
1B8
330
17
100
AcDbEntity
  8
A-DECOR
370
5
100
AcDbLine
 10
7.304285714285714
 20
-4.911
 30
0.0
 11
7.304285714285714
 21
-4.986
 31
0.0
  0
LINE
  5
1B9
330
17
100
AcDbEntity
  8
A-DECOR
370
5
100
AcDbLine
 10
7.555714285714286
 20
-4.911
 30
0.0
 11
7.555714285714286
 21
-4.986
 31
0.0
  0
LINE
  5
1BA
330
17
100
AcDbEntity
  8
A-DECOR
370
5
100
AcDbLine
 10
7.807142857142857
 20
-4.911
 30
0.0
 11
7.807142857142857
 21
-4.986
 31
0.0
  0
LINE
  5
1BB
330
17
100
AcDbEntity
  8
A-DECOR
370
5
100
AcDbLine
 10
8.058571428571428
 20
-4.911
 30
0.0
 11
8.058571428571428
 21
-4.986
 31
0.0
  0
LINE
  5
1BC
330
17
100
AcDbEntity
  8
A-DECOR
370
5
100
AcDbLine
 10
8.31
 20
-4.911
 30
0.0
 11
8.31
 21
-4.986
 31
0.0
  0
LINE
  5
1BD
330
17
100
AcDbEntity
  8
A-DECOR
370
5
100
AcDbLine
 10
8.561428571428571
 20
-4.911
 30
0.0
 11
8.561428571428571
 21
-4.986
 31
0.0
  0
LINE
  5
1BE
330
17
100
AcDbEntity
  8
A-DECOR
370
5
100
AcDbLine
 10
8.812857142857142
 20
-4.911
 30
0.0
 11
8.812857142857142
 21
-4.986
 31
0.0
  0
LINE
  5
1BF
330
17
100
AcDbEntity
  8
A-DECOR
370
5
100
AcDbLine
 10
9.064285714285713
 20
-4.911
 30
0.0
 11
9.064285714285713
 21
-4.986
 31
0.0
  0
LINE
  5
1C0
330
17
100
AcDbEntity
  8
A-DECOR
370
5
100
AcDbLine
 10
9.315714285714286
 20
-4.911
 30
0.0
 11
9.315714285714286
 21
-4.986
 31
0.0
  0
LINE
  5
1C1
330
17
100
AcDbEntity
  8
A-DECOR
370
5
100
AcDbLine
 10
9.567142857142857
 20
-4.911
 30
0.0
 11
9.567142857142857
 21
-4.986
 31
0.0
  0
LINE
  5
1C2
330
17
100
AcDbEntity
  8
A-DECOR
370
5
100
AcDbLine
 10
9.818571428571428
 20
-4.911
 30
0.0
 11
9.818571428571428
 21
-4.986
 31
0.0
  0
LINE
  5
1C3
330
17
100
AcDbEntity
  8
A-DECOR
370
5
100
AcDbLine
 10
10.07
 20
-4.911
 30
0.0
 11
10.07
 21
-4.986
 31
0.0
  0
LINE
  5
1C4
330
17
100
AcDbEntity
  8
A-DECOR
370
5
100
AcDbLine
 10
10.321428571428571
 20
-4.911
 30
0.0
 11
10.321428571428571
 21
-4.986
 31
0.0
  0
LINE
  5
1C5
330
17
100
AcDbEntity
  8
A-DECOR
370
5
100
AcDbLine
 10
10.572857142857142
 20
-4.911
 30
0.0
 11
10.572857142857142
 21
-4.986
 31
0.0
  0
LINE
  5
1C6
330
17
100
AcDbEntity
  8
A-DECOR
370
5
100
AcDbLine
 10
10.824285714285715
 20
-4.911
 30
0.0
 11
10.824285714285715
 21
-4.986
 31
0.0
  0
LINE
  5
1C7
330
17
100
AcDbEntity
  8
A-DECOR
370
5
100
AcDbLine
 10
11.075714285714286
 20
-4.911
 30
0.0
 11
11.075714285714286
 21
-4.986
 31
0.0
  0
LINE
  5
1C8
330
17
100
AcDbEntity
  8
A-DECOR
370
5
100
AcDbLine
 10
11.327142857142857
 20
-4.911
 30
0.0
 11
11.327142857142857
 21
-4.986
 31
0.0
  0
LINE
  5
1C9
330
17
100
AcDbEntity
  8
A-DECOR
370
5
100
AcDbLine
 10
11.57857142857143
 20
-4.911
 30
0.0
 11
11.57857142857143
 21
-4.986
 31
0.0
  0
LINE
  5
1CA
330
17
100
AcDbEntity
  8
A-DECOR
370
5
100
AcDbLine
 10
11.83
 20
-4.911
 30
0.0
 11
11.83
 21
-4.986
 31
0.0
  0
LINE
  5
1CB
330
17
100
AcDbEntity
  8
A-DECOR
370
5
100
AcDbLine
 10
12.081428571428571
 20
-4.911
 30
0.0
 11
12.081428571428571
 21
-4.986
 31
0.0
  0
LINE
  5
1CC
330
17
100
AcDbEntity
  8
A-DECOR
370
5
100
AcDbLine
 10
12.332857142857144
 20
-4.911
 30
0.0
 11
12.332857142857144
 21
-4.986
 31
0.0
  0
LINE
  5
1CD
330
17
100
AcDbEntity
  8
A-DECOR
370
5
100
AcDbLine
 10
12.584285714285715
 20
-4.911
 30
0.0
 11
12.584285714285715
 21
-4.986
 31
0.0
  0
LINE
  5
1CE
330
17
100
AcDbEntity
  8
A-DECOR
370
5
100
AcDbLine
 10
12.835714285714285
 20
-4.911
 30
0.0
 11
12.835714285714285
 21
-4.986
 31
0.0
  0
LINE
  5
1CF
330
17
100
AcDbEntity
  8
A-DECOR
370
5
100
AcDbLine
 10
13.087142857142858
 20
-4.911
 30
0.0
 11
13.087142857142858
 21
-4.986
 31
0.0
  0
LINE
  5
1D0
330
17
100
AcDbEntity
  8
A-DECOR
370
5
100
AcDbLine
 10
13.338571428571429
 20
-4.911
 30
0.0
 11
13.338571428571429
 21
-4.986
 31
0.0
  0
LINE
  5
1D1
330
17
100
AcDbEntity
  8
A-DECOR
370
5
100
AcDbLine
 10
13.59
 20
-4.911
 30
0.0
 11
13.59
 21
-4.986
 31
0.0
  0
LINE
  5
1D2
330
17
100
AcDbEntity
  8
A-DECOR
370
5
100
AcDbLine
 10
13.841428571428573
 20
-4.911
 30
0.0
 11
13.841428571428573
 21
-4.986
 31
0.0
  0
LINE
  5
1D3
330
17
100
AcDbEntity
  8
A-DECOR
370
5
100
AcDbLine
 10
14.092857142857142
 20
-4.911
 30
0.0
 11
14.092857142857142
 21
-4.986
 31
0.0
  0
LINE
  5
1D4
330
17
100
AcDbEntity
  8
A-DECOR
370
5
100
AcDbLine
 10
14.344285714285714
 20
-4.911
 30
0.0
 11
14.344285714285714
 21
-4.986
 31
0.0
  0
LINE
  5
1D5
330
17
100
AcDbEntity
  8
A-DECOR
370
5
100
AcDbLine
 10
14.595714285714287
 20
-4.911
 30
0.0
 11
14.595714285714287
 21
-4.986
 31
0.0
  0
LINE
  5
1D6
330
17
100
AcDbEntity
  8
A-DECOR
370
5
100
AcDbLine
 10
14.84714285714286
 20
-4.911
 30
0.0
 11
14.84714285714286
 21
-4.986
 31
0.0
  0
LINE
  5
1D7
330
17
100
AcDbEntity
  8
A-DECOR
370
5
100
AcDbLine
 10
15.098571428571429
 20
-4.911
 30
0.0
 11
15.098571428571429
 21
-4.986
 31
0.0
  0
LWPOLYLINE
  5
1D8
330
17
100
AcDbEntity
  8
A-DECOR
100
AcDbPolyline
 90
4
 70
1
 10
4.4750000000000005
 20
-1.3
 10
4.535
 20
-1.3
 10
4.535
 20
-3.7
 10
4.4750000000000005
 20
-3.7
  0
LWPOLYLINE
  5
1D9
330
17
100
AcDbEntity
  8
A-DECOR
100
AcDbPolyline
 90
4
 70
1
 10
11.1
 20
-0.116
 10
11.84
 20
-0.116
 10
11.84
 20
-0.14600000000000002
 10
11.1
 20
-0.14600000000000002
  0
LWPOLYLINE
  5
1DA
330
17
100
AcDbEntity
  8
A-DECOR
100
AcDbPolyline
 90
4
 70
1
 10
12.0
 20
-0.116
 10
12.74
 20
-0.116
 10
12.74
 20
-0.14600000000000002
 10
12.0
 20
-0.14600000000000002
  0
LWPOLYLINE
  5
1DB
330
17
100
AcDbEntity
  8
A-DECOR
100
AcDbPolyline
 90
4
 70
1
 10
12.9
 20
-0.116
 10
13.64
 20
-0.116
 10
13.64
 20
-0.14600000000000002
 10
12.9
 20
-0.14600000000000002
  0
LWPOLYLINE
  5
1DC
330
17
100
AcDbEntity
  8
A-DECOR
100
AcDbPolyline
 90
4
 70
1
 10
9.2
 20
-0.116
 10
9.36
 20
-0.116
 10
9.36
 20
-0.416
 10
9.2
 20
-0.416
  0
LWPOLYLINE
  5
1DD
330
17
100
AcDbEntity
  8
A-DECOR
100
AcDbPolyline
 90
4
 70
1
 10
10.55
 20
-0.116
 10
10.71
 20
-0.116
 10
10.71
 20
-0.416
 10
10.55
 20
-0.416
  0
LWPOLYLINE
  5
1DE
330
17
100
AcDbEntity
  8
A-DECOR
100
AcDbPolyline
 90
4
 70
1
 10
14.05
 20
-0.116
 10
14.21
 20
-0.116
 10
14.21
 20
-0.416
 10
14.05
 20
-0.416
  0
CIRCLE
  5
1DF
330
17
100
AcDbEntity
  8
A-DECOR
100
AcDbCircle
 10
5.72
 20
-0.57
 30
0.0
 40
0.1200000000000001
  0
LINE
  5
1E0
330
17
100
AcDbEntity
  8
A-DECOR
370
9
100
AcDbLine
 10
5.6
 20
-0.57
 30
0.0
 11
5.84
 21
-0.57
 31
0.0
  0
LINE
  5
1E1
330
17
100
AcDbEntity
  8
A-DECOR
370
9
100
AcDbLine
 10
5.72
 20
-0.44999999999999984
 30
0.0
 11
5.72
 21
-0.6900000000000001
 31
0.0
  0
CIRCLE
  5
1E2
330
17
100
AcDbEntity
  8
A-DECOR
100
AcDbCircle
 10
5.72
 20
-1.3199999999999998
 30
0.0
 40
0.1200000000000001
  0
LINE
  5
1E3
330
17
100
AcDbEntity
  8
A-DECOR
370
9
100
AcDbLine
 10
5.6
 20
-1.3199999999999998
 30
0.0
 11
5.84
 21
-1.3199999999999998
 31
0.0
  0
LINE
  5
1E4
330
17
100
AcDbEntity
  8
A-DECOR
370
9
100
AcDbLine
 10
5.72
 20
-1.1999999999999997
 30
0.0
 11
5.72
 21
-1.44
 31
0.0
  0
CIRCLE
  5
1E5
330
17
100
AcDbEntity
  8
A-DECOR
100
AcDbCircle
 10
5.72
 20
-2.02
 30
0.0
 40
0.1200000000000001
  0
LINE
  5
1E6
330
17
100
AcDbEntity
  8
A-DECOR
370
9
100
AcDbLine
 10
5.6
 20
-2.02
 30
0.0
 11
5.84
 21
-2.02
 31
0.0
  0
LINE
  5
1E7
330
17
100
AcDbEntity
  8
A-DECOR
370
9
100
AcDbLine
 10
5.72
 20
-1.9
 30
0.0
 11
5.72
 21
-2.14
 31
0.0
  0
LWPOLYLINE
  5
1E8
330
17
100
AcDbEntity
  8
A-DECOR
100
AcDbPolyline
 90
4
 70
1
 10
4.325
 20
-2.52
 10
4.4750000000000005
 20
-2.52
 10
4.4750000000000005
 20
-3.22
 10
4.325
 20
-3.22
  0
LWPOLYLINE
  5
1EA
330
17
100
AcDbEntity
  8
A-EQUIPO
100
AcDbPolyline
 90
4
 70
1
 10
3.425
 20
-2.416
 10
4.325
 20
-2.416
 10
4.325
 20
-3.916
 10
3.425
 20
-3.916
  0
LWPOLYLINE
  5
1EB
330
17
100
AcDbEntity
  8
A-EQUIPO
100
AcDbPolyline
 90
2
 70
0
 43
0.025
 10
3.4549999999999996
 20
-2.4659999999999997
 10
3.4549999999999996
 20
-3.866
  0
LWPOLYLINE
  5
1ED
330
17
100
AcDbEntity
  8
A-EQUIPO-DESPEJE
100
AcDbPolyline
 90
4
 70
1
 10
3.425
 20
-2.416
 10
3.425
 20
-3.916
 10
2.2249999999999996
 20
-3.916
 10
2.2249999999999996
 20
-2.416
  0
LWPOLYLINE
  5
1EE
330
17
100
AcDbEntity
  8
A-EQUIPO
100
AcDbPolyline
 90
4
 70
1
 10
3.375
 20
-1.616
 10
4.175
 20
-1.616
 10
4.175
 20
-2.416
 10
3.375
 20
-2.416
  0
LWPOLYLINE
  5
1EF
330
17
100
AcDbEntity
  8
A-EQUIPO
100
AcDbPolyline
 90
2
 70
0
 43
0.025
 10
3.405
 20
-1.6660000000000001
 10
3.405
 20
-2.366
  0
LWPOLYLINE
  5
1F0
330
17
100
AcDbEntity
  8
A-EQUIPO-DESPEJE
100
AcDbPolyline
 90
4
 70
1
 10
3.375
 20
-1.616
 10
3.375
 20
-2.416
 10
2.275
 20
-2.416
 10
2.275
 20
-1.616
  0
LWPOLYLINE
  5
1F1
330
17
100
AcDbEntity
  8
A-EQUIPO
100
AcDbPolyline
 90
4
 70
1
 10
3.375
 20
-0.916
 10
4.175
 20
-0.916
 10
4.175
 20
-1.616
 10
3.375
 20
-1.616
  0
LWPOLYLINE
  5
1F2
330
17
100
AcDbEntity
  8
A-EQUIPO
100
AcDbPolyline
 90
2
 70
0
 43
0.025
 10
3.405
 20
-0.9660000000000001
 10
3.405
 20
-1.566
  0
LWPOLYLINE
  5
1F3
330
17
100
AcDbEntity
  8
A-EQUIPO-DESPEJE
100
AcDbPolyline
 90
4
 70
1
 10
3.375
 20
-0.916
 10
3.375
 20
-1.616
 10
2.275
 20
-1.616
 10
2.275
 20
-0.916
  0
LWPOLYLINE
  5
1F4
330
17
100
AcDbEntity
  8
A-EQUIPO
100
AcDbPolyline
 90
4
 70
1
 10
3.375
 20
-0.516
 10
4.175
 20
-0.516
 10
4.175
 20
-0.916
 10
3.375
 20
-0.916
  0
LWPOLYLINE
  5
1F5
330
17
100
AcDbEntity
  8
A-EQUIPO
100
AcDbPolyline
 90
2
 70
0
 43
0.025
 10
3.405
 20
-0.5660000000000001
 10
3.405
 20
-0.866
  0
LWPOLYLINE
  5
1F6
330
17
100
AcDbEntity
  8
A-EQUIPO-DESPEJE
100
AcDbPolyline
 90
4
 70
1
 10
3.375
 20
-0.516
 10
3.375
 20
-0.916
 10
2.275
 20
-0.916
 10
2.275
 20
-0.516
  0
LWPOLYLINE
  5
1F7
330
17
100
AcDbEntity
  8
A-EQUIPO
100
AcDbPolyline
 90
4
 70
1
 10
3.375
 20
-0.116
 10
4.175
 20
-0.116
 10
4.175
 20
-0.516
 10
3.375
 20
-0.516
  0
LWPOLYLINE
  5
1F8
330
17
100
AcDbEntity
  8
A-EQUIPO
100
AcDbPolyline
 90
2
 70
0
 43
0.025
 10
3.405
 20
-0.166
 10
3.405
 20
-0.466
  0
LWPOLYLINE
  5
1F9
330
17
100
AcDbEntity
  8
A-EQUIPO-DESPEJE
100
AcDbPolyline
 90
4
 70
1
 10
3.375
 20
-0.116
 10
3.375
 20
-0.516
 10
2.275
 20
-0.516
 10
2.275
 20
-0.116
  0
LWPOLYLINE
  5
1FB
330
17
100
AcDbEntity
  8
A-EQUIPO-ALTO
100
AcDbPolyline
 90
4
 70
1
 10
3.175
 20
-0.116
 10
4.325
 20
-0.116
 10
4.325
 20
-2.416
 10
3.175
 20
-2.416
  0
LINE
  5
1FC
330
17
100
AcDbEntity
  8
A-EQUIPO-ALTO
370
9
100
AcDbLine
 10
3.175
 20
-0.116
 30
0.0
 11
4.325
 21
-2.416
 31
0.0
  0
LINE
  5
1FD
330
17
100
AcDbEntity
  8
A-EQUIPO-ALTO
370
9
100
AcDbLine
 10
3.175
 20
-2.416
 30
0.0
 11
4.325
 21
-0.116
 31
0.0
  0
LWPOLYLINE
  5
1FE
330
17
100
AcDbEntity
  8
A-EQUIPO-ALTO
100
AcDbPolyline
 90
4
 70
1
 10
3.225
 20
-2.416
 10
4.325
 20
-2.416
 10
4.325
 20
-3.966
 10
3.225
 20
-3.966
  0
LINE
  5
1FF
330
17
100
AcDbEntity
  8
A-EQUIPO-ALTO
370
9
100
AcDbLine
 10
3.225
 20
-2.416
 30
0.0
 11
4.325
 21
-3.966
 31
0.0
  0
LINE
  5
200
330
17
100
AcDbEntity
  8
A-EQUIPO-ALTO
370
9
100
AcDbLine
 10
3.225
 20
-3.966
 30
0.0
 11
4.325
 21
-2.416
 31
0.0
  0
LWPOLYLINE
  5
201
330
17
100
AcDbEntity
  8
A-EQUIPO
100
AcDbPolyline
 90
4
 70
1
 10
0.875
 20
-0.116
 10
2.275
 20
-0.116
 10
2.275
 20
-0.816
 10
0.875
 20
-0.816
  0
LWPOLYLINE
  5
202
330
17
100
AcDbEntity
  8
A-EQUIPO
100
AcDbPolyline
 90
2
 70
0
 43
0.025
 10
0.925
 20
-0.7859999999999999
 10
2.225
 20
-0.7859999999999999
  0
LWPOLYLINE
  5
203
330
17
100
AcDbEntity
  8
A-EQUIPO-DESPEJE
100
AcDbPolyline
 90
4
 70
1
 10
2.275
 20
-0.816
 10
2.275
 20
-1.8159999999999998
 10
0.875
 20
-1.8159999999999998
 10
0.875
 20
-0.816
  0
LWPOLYLINE
  5
204
330
17
100
AcDbEntity
  8
A-EQUIPO
  6
LAVA_OCULTO
100
AcDbPolyline
 90
4
 70
1
 10
1.525
 20
-0.116
 10
2.275
 20
-0.116
 10
2.275
 20
-0.816
 10
1.525
 20
-0.816
  0
LWPOLYLINE
  5
206
330
17
100
AcDbEntity
  8
P-SANITARIO
100
AcDbPolyline
 90
4
 70
1
 10
1.85
 20
-4.606
 10
2.18
 20
-4.606
 10
2.18
 20
-4.986
 10
1.85
 20
-4.986
  0
LWPOLYLINE
  5
207
330
17
100
AcDbEntity
  8
P-SANITARIO
100
AcDbPolyline
 90
2
 70
0
 43
0.025
 10
1.9000000000000001
 20
-4.636
 10
2.1300000000000003
 20
-4.636
  0
LWPOLYLINE
  5
208
330
17
100
AcDbEntity
  8
A-EQUIPO-DESPEJE
100
AcDbPolyline
 90
4
 70
1
 10
2.18
 20
-4.006
 10
2.18
 20
-4.606
 10
1.85
 20
-4.606
 10
1.85
 20
-4.006
  0
LWPOLYLINE
  5
209
330
17
100
AcDbEntity
  8
A-EQUIPO
100
AcDbPolyline
 90
4
 70
1
 10
-0.085
 20
-1.0
 10
0.665
 20
-1.0
 10
0.665
 20
-2.4
 10
-0.085
 20
-2.4
  0
LWPOLYLINE
  5
20A
330
17
100
AcDbEntity
  8
A-EQUIPO
100
AcDbPolyline
 90
2
 70
0
 43
0.025
 10
0.635
 20
-1.05
 10
0.635
 20
-2.35
  0
LWPOLYLINE
  5
20B
330
17
100
AcDbEntity
  8
A-EQUIPO-DESPEJE
100
AcDbPolyline
 90
4
 70
1
 10
1.665
 20
-1.0
 10
1.665
 20
-2.4
 10
0.665
 20
-2.4
 10
0.665
 20
-1.0
  0
LWPOLYLINE
  5
20C
330
17
100
AcDbEntity
  8
A-EQUIPO
100
AcDbPolyline
 90
4
 70
1
 10
-0.085
 20
-2.55
 10
0.665
 20
-2.55
 10
0.665
 20
-3.15
 10
-0.085
 20
-3.15
  0
LWPOLYLINE
  5
20D
330
17
100
AcDbEntity
  8
A-EQUIPO
100
AcDbPolyline
 90
2
 70
0
 43
0.025
 10
0.635
 20
-2.5999999999999996
 10
0.635
 20
-3.1
  0
LWPOLYLINE
  5
20E
330
17
100
AcDbEntity
  8
A-EQUIPO-DESPEJE
100
AcDbPolyline
 90
4
 70
1
 10
1.565
 20
-2.55
 10
1.565
 20
-3.15
 10
0.665
 20
-3.15
 10
0.665
 20
-2.55
  0
LWPOLYLINE
  5
20F
330
17
100
AcDbEntity
  8
A-EQUIPO
100
AcDbPolyline
 90
4
 70
1
 10
-0.085
 20
-3.4
 10
0.415
 20
-3.4
 10
0.415
 20
-4.4
 10
-0.085
 20
-4.4
  0
LWPOLYLINE
  5
210
330
17
100
AcDbEntity
  8
A-EQUIPO
100
AcDbPolyline
 90
2
 70
0
 43
0.025
 10
0.385
 20
-3.4499999999999997
 10
0.385
 20
-4.3500000000000005
  0
LWPOLYLINE
  5
211
330
17
100
AcDbEntity
  8
A-EQUIPO-DESPEJE
100
AcDbPolyline
 90
4
 70
1
 10
1.215
 20
-3.4
 10
1.215
 20
-4.4
 10
0.415
 20
-4.4
 10
0.415
 20
-3.4
  0
LWPOLYLINE
  5
212
330
17
100
AcDbEntity
  8
P-SANITARIO
100
AcDbPolyline
 90
4
 70
1
 10
3.31
 20
-5.15
 10
4.11
 20
-5.15
 10
4.11
 20
-7.15
 10
3.31
 20
-7.15
  0
LWPOLYLINE
  5
213
330
17
100
AcDbEntity
  8
P-SANITARIO
100
AcDbPolyline
 90
2
 70
0
 43
0.025
 10
3.34
 20
-5.2
 10
3.34
 20
-7.1000000000000005
  0
LWPOLYLINE
  5
214
330
17
100
AcDbEntity
  8
A-EQUIPO-DESPEJE
100
AcDbPolyline
 90
4
 70
1
 10
3.31
 20
-5.15
 10
3.31
 20
-7.15
 10
2.31
 20
-7.15
 10
2.31
 20
-5.15
  0
LWPOLYLINE
  5
215
330
17
100
AcDbEntity
  8
P-SANITARIO
100
AcDbPolyline
 90
4
 70
1
 10
4.13
 20
-7.25
 10
4.51
 20
-7.25
 10
4.51
 20
-7.58
 10
4.13
 20
-7.58
  0
LWPOLYLINE
  5
216
330
17
100
AcDbEntity
  8
P-SANITARIO
100
AcDbPolyline
 90
2
 70
0
 43
0.025
 10
4.16
 20
-7.3
 10
4.16
 20
-7.53
  0
LWPOLYLINE
  5
217
330
17
100
AcDbEntity
  8
A-EQUIPO-DESPEJE
100
AcDbPolyline
 90
4
 70
1
 10
4.13
 20
-7.25
 10
4.13
 20
-7.58
 10
3.53
 20
-7.58
 10
3.53
 20
-7.25
  0
LWPOLYLINE
  5
218
330
17
100
AcDbEntity
  8
P-SANITARIO
100
AcDbPolyline
 90
4
 70
1
 10
3.91
 20
-7.936
 10
4.51
 20
-7.936
 10
4.51
 20
-8.436
 10
3.91
 20
-8.436
  0
LWPOLYLINE
  5
219
330
17
100
AcDbEntity
  8
P-SANITARIO
100
AcDbPolyline
 90
2
 70
0
 43
0.025
 10
3.94
 20
-7.986
 10
3.94
 20
-8.386
  0
LWPOLYLINE
  5
21A
330
17
100
AcDbEntity
  8
A-EQUIPO-DESPEJE
100
AcDbPolyline
 90
4
 70
1
 10
3.91
 20
-7.936
 10
3.91
 20
-8.436
 10
3.31
 20
-8.436
 10
3.31
 20
-7.936
  0
LWPOLYLINE
  5
21B
330
17
100
AcDbEntity
  8
A-EQUIPO
100
AcDbPolyline
 90
4
 70
1
 10
1.56
 20
-5.12
 10
2.16
 20
-5.12
 10
2.16
 20
-6.99
 10
1.56
 20
-6.99
  0
LWPOLYLINE
  5
21C
330
17
100
AcDbEntity
  8
A-EQUIPO
100
AcDbPolyline
 90
2
 70
0
 43
0.025
 10
2.1300000000000003
 20
-5.17
 10
2.1300000000000003
 20
-6.94
  0
LWPOLYLINE
  5
21D
330
17
100
AcDbEntity
  8
A-EQUIPO-DESPEJE
100
AcDbPolyline
 90
4
 70
1
 10
3.16
 20
-5.12
 10
3.16
 20
-6.99
 10
2.16
 20
-6.99
 10
2.16
 20
-5.12
  0
LWPOLYLINE
  5
21E
330
17
100
AcDbEntity
  8
A-EQUIPO
  6
LAVA_OCULTO
100
AcDbPolyline
 90
4
 70
1
 10
3.36
 20
-5.2
 10
4.06
 20
-5.2
 10
4.06
 20
-6.0
 10
3.36
 20
-6.0
  0
LWPOLYLINE
  5
21F
330
17
100
AcDbEntity
  8
A-EQUIPO
100
AcDbPolyline
 90
4
 70
1
 10
4.21
 20
-7.6
 10
4.51
 20
-7.6
 10
4.51
 20
-7.93
 10
4.21
 20
-7.93
  0
LWPOLYLINE
  5
220
330
17
100
AcDbEntity
  8
A-EQUIPO
100
AcDbPolyline
 90
2
 70
0
 43
0.025
 10
4.24
 20
-7.6499999999999995
 10
4.24
 20
-7.88
  0
LWPOLYLINE
  5
221
330
17
100
AcDbEntity
  8
A-EQUIPO-DESPEJE
100
AcDbPolyline
 90
4
 70
1
 10
4.21
 20
-7.6
 10
4.21
 20
-7.93
 10
3.61
 20
-7.93
 10
3.61
 20
-7.6
  0
LWPOLYLINE
  5
222
330
17
100
AcDbEntity
  8
P-SANITARIO
  6
LAVA_OCULTO
100
AcDbPolyline
 90
4
 70
1
 10
3.36
 20
-6.35
 10
4.06
 20
-6.35
 10
4.06
 20
-7.05
 10
3.36
 20
-7.05
  0
LWPOLYLINE
  5
223
330
17
100
AcDbEntity
  8
A-EQUIPO
100
AcDbPolyline
 90
4
 70
1
 10
2.1
 20
-8.086
 10
3.3
 20
-8.086
 10
3.3
 20
-8.436
 10
2.1
 20
-8.436
  0
LWPOLYLINE
  5
224
330
17
100
AcDbEntity
  8
A-EQUIPO
100
AcDbPolyline
 90
2
 70
0
 43
0.025
 10
2.15
 20
-8.116
 10
3.25
 20
-8.116
  0
LWPOLYLINE
  5
225
330
17
100
AcDbEntity
  8
A-EQUIPO-DESPEJE
100
AcDbPolyline
 90
4
 70
1
 10
3.3
 20
-7.2860000000000005
 10
3.3
 20
-8.086
 10
2.1
 20
-8.086
 10
2.1
 20
-7.2860000000000005
  0
LWPOLYLINE
  5
226
330
17
100
AcDbEntity
  8
A-EQUIPO
100
AcDbPolyline
 90
4
 70
1
 10
3.81
 20
-9.286
 10
4.51
 20
-9.286
 10
4.51
 20
-10.736
 10
3.81
 20
-10.736
  0
LWPOLYLINE
  5
227
330
17
100
AcDbEntity
  8
A-EQUIPO
100
AcDbPolyline
 90
2
 70
0
 43
0.025
 10
3.84
 20
-9.336
 10
3.84
 20
-10.686
  0
LWPOLYLINE
  5
228
330
17
100
AcDbEntity
  8
A-EQUIPO-DESPEJE
100
AcDbPolyline
 90
4
 70
1
 10
3.81
 20
-9.286
 10
3.81
 20
-10.736
 10
2.91
 20
-10.736
 10
2.91
 20
-9.286
  0
LWPOLYLINE
  5
229
330
17
100
AcDbEntity
  8
A-EQUIPO
100
AcDbPolyline
 90
4
 70
1
 10
3.81
 20
-10.736
 10
4.51
 20
-10.736
 10
4.51
 20
-11.486
 10
3.81
 20
-11.486
  0
LWPOLYLINE
  5
22A
330
17
100
AcDbEntity
  8
A-EQUIPO
100
AcDbPolyline
 90
2
 70
0
 43
0.025
 10
3.84
 20
-10.786000000000001
 10
3.84
 20
-11.436
  0
LWPOLYLINE
  5
22B
330
17
100
AcDbEntity
  8
A-EQUIPO-DESPEJE
100
AcDbPolyline
 90
4
 70
1
 10
3.81
 20
-10.736
 10
3.81
 20
-11.486
 10
2.91
 20
-11.486
 10
2.91
 20
-10.736
  0
LWPOLYLINE
  5
22C
330
17
100
AcDbEntity
  8
A-EQUIPO
100
AcDbPolyline
 90
4
 70
1
 10
0.7
 20
-10.786
 10
2.5
 20
-10.786
 10
2.5
 20
-11.486
 10
0.7
 20
-11.486
  0
LWPOLYLINE
  5
22D
330
17
100
AcDbEntity
  8
A-EQUIPO
100
AcDbPolyline
 90
2
 70
0
 43
0.025
 10
0.75
 20
-10.815999999999999
 10
2.45
 20
-10.815999999999999
  0
LWPOLYLINE
  5
22E
330
17
100
AcDbEntity
  8
A-EQUIPO-DESPEJE
100
AcDbPolyline
 90
4
 70
1
 10
2.5
 20
-9.786
 10
2.5
 20
-10.786
 10
0.7
 20
-10.786
 10
0.7
 20
-9.786
  0
LWPOLYLINE
  5
22F
330
17
100
AcDbEntity
  8
A-EQUIPO
100
AcDbPolyline
 90
4
 70
1
 10
0.0
 20
-10.786
 10
0.7
 20
-10.786
 10
0.7
 20
-11.486
 10
0.0
 20
-11.486
  0
LWPOLYLINE
  5
230
330
17
100
AcDbEntity
  8
P-SANITARIO
100
AcDbPolyline
 90
4
 70
1
 10
1.65
 20
-8.536
 10
1.98
 20
-8.536
 10
1.98
 20
-8.916
 10
1.65
 20
-8.916
  0
LWPOLYLINE
  5
231
330
17
100
AcDbEntity
  8
P-SANITARIO
100
AcDbPolyline
 90
2
 70
0
 43
0.025
 10
1.7
 20
-8.886000000000001
 10
1.93
 20
-8.886000000000001
  0
LWPOLYLINE
  5
232
330
17
100
AcDbEntity
  8
A-EQUIPO-DESPEJE
100
AcDbPolyline
 90
4
 70
1
 10
1.98
 20
-8.916
 10
1.98
 20
-9.516
 10
1.65
 20
-9.516
 10
1.65
 20
-8.916
  0
LWPOLYLINE
  5
233
330
17
100
AcDbEntity
  8
A-EQUIPO
100
AcDbPolyline
 90
4
 70
1
 10
0.0
 20
-9.586
 10
0.7
 20
-9.586
 10
0.7
 20
-10.786
 10
0.0
 20
-10.786
  0
LWPOLYLINE
  5
234
330
17
100
AcDbEntity
  8
A-EQUIPO
100
AcDbPolyline
 90
2
 70
0
 43
0.025
 10
0.6699999999999999
 20
-9.636000000000001
 10
0.6699999999999999
 20
-10.735999999999999
  0
LWPOLYLINE
  5
235
330
17
100
AcDbEntity
  8
A-EQUIPO-DESPEJE
100
AcDbPolyline
 90
4
 70
1
 10
1.7
 20
-9.586
 10
1.7
 20
-10.786
 10
0.7
 20
-10.786
 10
0.7
 20
-9.586
  0
LWPOLYLINE
  5
236
330
17
100
AcDbEntity
  8
A-EQUIPO
100
AcDbPolyline
 90
4
 70
1
 10
2.1
 20
-8.536
 10
3.8
 20
-8.536
 10
3.8
 20
-8.886
 10
2.1
 20
-8.886
  0
LWPOLYLINE
  5
237
330
17
100
AcDbEntity
  8
A-EQUIPO
100
AcDbPolyline
 90
2
 70
0
 43
0.025
 10
2.15
 20
-8.856
 10
3.75
 20
-8.856
  0
LWPOLYLINE
  5
238
330
17
100
AcDbEntity
  8
A-EQUIPO-DESPEJE
100
AcDbPolyline
 90
4
 70
1
 10
3.8
 20
-8.886
 10
3.8
 20
-9.686
 10
2.1
 20
-9.686
 10
2.1
 20
-8.886
  0
LWPOLYLINE
  5
239
330
17
100
AcDbEntity
  8
A-EQUIPO
100
AcDbPolyline
 90
4
 70
1
 10
-0.085
 20
-5.1
 10
0.365
 20
-5.1
 10
0.365
 20
-7.9
 10
-0.085
 20
-7.9
  0
LWPOLYLINE
  5
23A
330
17
100
AcDbEntity
  8
A-EQUIPO
100
AcDbPolyline
 90
2
 70
0
 43
0.025
 10
0.33499999999999996
 20
-5.1499999999999995
 10
0.33499999999999996
 20
-7.8500000000000005
  0
LWPOLYLINE
  5
23B
330
17
100
AcDbEntity
  8
A-EQUIPO-DESPEJE
100
AcDbPolyline
 90
4
 70
1
 10
1.2149999999999999
 20
-5.1
 10
1.2149999999999999
 20
-7.9
 10
0.365
 20
-7.9
 10
0.365
 20
-5.1
  0
LWPOLYLINE
  5
23C
330
17
100
AcDbEntity
  8
A-EQUIPO
100
AcDbPolyline
 90
4
 70
1
 10
5.43
 20
-0.116
 10
6.08
 20
-0.116
 10
6.08
 20
-0.8
 10
5.43
 20
-0.8
  0
LWPOLYLINE
  5
23D
330
17
100
AcDbEntity
  8
A-EQUIPO
100
AcDbPolyline
 90
2
 70
0
 43
0.025
 10
6.05
 20
-0.166
 10
6.05
 20
-0.75
  0
LWPOLYLINE
  5
23E
330
17
100
AcDbEntity
  8
A-EQUIPO-DESPEJE
100
AcDbPolyline
 90
4
 70
1
 10
6.98
 20
-0.116
 10
6.98
 20
-0.8
 10
6.08
 20
-0.8
 10
6.08
 20
-0.116
  0
LWPOLYLINE
  5
23F
330
17
100
AcDbEntity
  8
P-SANITARIO
100
AcDbPolyline
 90
4
 70
1
 10
4.475
 20
-0.116
 10
4.855
 20
-0.116
 10
4.855
 20
-0.446
 10
4.475
 20
-0.446
  0
LWPOLYLINE
  5
240
330
17
100
AcDbEntity
  8
P-SANITARIO
100
AcDbPolyline
 90
2
 70
0
 43
0.025
 10
4.825
 20
-0.166
 10
4.825
 20
-0.396
  0
LWPOLYLINE
  5
241
330
17
100
AcDbEntity
  8
A-EQUIPO-DESPEJE
100
AcDbPolyline
 90
4
 70
1
 10
5.355
 20
-0.116
 10
5.355
 20
-0.446
 10
4.855
 20
-0.446
 10
4.855
 20
-0.116
  0
LWPOLYLINE
  5
242
330
17
100
AcDbEntity
  8
A-EQUIPO
100
AcDbPolyline
 90
4
 70
1
 10
5.5
 20
-4.536
 10
6.5
 20
-4.536
 10
6.5
 20
-4.986
 10
5.5
 20
-4.986
  0
LWPOLYLINE
  5
243
330
17
100
AcDbEntity
  8
A-EQUIPO
100
AcDbPolyline
 90
2
 70
0
 43
0.025
 10
5.55
 20
-4.566
 10
6.45
 20
-4.566
  0
LWPOLYLINE
  5
244
330
17
100
AcDbEntity
  8
A-EQUIPO-DESPEJE
100
AcDbPolyline
 90
4
 70
1
 10
6.5
 20
-3.6359999999999997
 10
6.5
 20
-4.536
 10
5.5
 20
-4.536
 10
5.5
 20
-3.6359999999999997
  0
LWPOLYLINE
  5
245
330
17
100
AcDbEntity
  8
A-EQUIPO
100
AcDbPolyline
 90
4
 70
1
 10
5.43
 20
-0.8
 10
6.08
 20
-0.8
 10
6.08
 20
-1.7
 10
5.43
 20
-1.7
  0
LWPOLYLINE
  5
246
330
17
100
AcDbEntity
  8
A-EQUIPO
100
AcDbPolyline
 90
2
 70
0
 43
0.025
 10
6.05
 20
-0.8500000000000001
 10
6.05
 20
-1.65
  0
LWPOLYLINE
  5
247
330
17
100
AcDbEntity
  8
A-EQUIPO-DESPEJE
100
AcDbPolyline
 90
4
 70
1
 10
6.98
 20
-0.8
 10
6.98
 20
-1.7
 10
6.08
 20
-1.7
 10
6.08
 20
-0.8
  0
LWPOLYLINE
  5
248
330
17
100
AcDbEntity
  8
A-EQUIPO
100
AcDbPolyline
 90
4
 70
1
 10
5.43
 20
-1.7
 10
6.08
 20
-1.7
 10
6.08
 20
-2.35
 10
5.43
 20
-2.35
  0
LWPOLYLINE
  5
249
330
17
100
AcDbEntity
  8
A-EQUIPO
100
AcDbPolyline
 90
2
 70
0
 43
0.025
 10
6.05
 20
-1.75
 10
6.05
 20
-2.3000000000000003
  0
LWPOLYLINE
  5
24A
330
17
100
AcDbEntity
  8
A-EQUIPO-DESPEJE
100
AcDbPolyline
 90
4
 70
1
 10
6.98
 20
-1.7
 10
6.98
 20
-2.35
 10
6.08
 20
-2.35
 10
6.08
 20
-1.7
  0
LWPOLYLINE
  5
24B
330
17
100
AcDbEntity
  8
A-EQUIPO
  6
LAVA_OCULTO
100
AcDbPolyline
 90
4
 70
1
 10
5.53
 20
-1.0
 10
5.98
 20
-1.0
 10
5.98
 20
-1.45
 10
5.53
 20
-1.45
  0
LWPOLYLINE
  5
24C
330
17
100
AcDbEntity
  8
A-EQUIPO
100
AcDbPolyline
 90
4
 70
1
 10
15.45
 20
-0.4
 10
16.2
 20
-0.4
 10
16.2
 20
-1.0
 10
15.45
 20
-1.0
  0
LWPOLYLINE
  5
24D
330
17
100
AcDbEntity
  8
A-EQUIPO
100
AcDbPolyline
 90
2
 70
0
 43
0.025
 10
15.5
 20
-0.97
 10
16.15
 20
-0.97
  0
LWPOLYLINE
  5
24E
330
17
100
AcDbEntity
  8
A-EQUIPO-DESPEJE
100
AcDbPolyline
 90
4
 70
1
 10
16.2
 20
-1.0
 10
16.2
 20
-1.6
 10
15.45
 20
-1.6
 10
15.45
 20
-1.0
  0
TEXT
  5
250
330
17
100
AcDbEntity
  8
A-EQUIPO-TEXTO
100
AcDbText
 10
4.125000000000001
 20
-3.166
 30
0.0
 40
0.075
  1
H1 · Parrilla argentina
 50
90.0
  7
LAVA-B
 72
1
 11
4.125000000000001
 21
-3.166
 31
0.0
100
AcDbText
 73
2
  0
TEXT
  5
251
330
17
100
AcDbEntity
  8
A-EQUIPO-TEXTO
100
AcDbText
 10
4.245
 20
-3.166
 30
0.0
 40
0.075
  1
150×90*
 50
90.0
  7
LAVA
 72
1
 11
4.245
 21
-3.166
 31
0.0
100
AcDbText
 73
2
  0
TEXT
  5
252
330
17
100
AcDbEntity
  8
A-EQUIPO-TEXTO
100
AcDbText
 10
3.775
 20
-1.904
 30
0.0
 40
0.07
  1
H2
  7
LAVA-B
 72
1
 11
3.775
 21
-1.904
 31
0.0
100
AcDbText
 73
2
  0
TEXT
  5
253
330
17
100
AcDbEntity
  8
A-EQUIPO-TEXTO
100
AcDbText
 10
3.775
 20
-2.016
 30
0.0
 40
0.07
  1
Cocina 4Q gas
  7
LAVA
 72
1
 11
3.775
 21
-2.016
 31
0.0
100
AcDbText
 73
2
  0
TEXT
  5
254
330
17
100
AcDbEntity
  8
A-EQUIPO-TEXTO
100
AcDbText
 10
3.775
 20
-2.128
 30
0.0
 40
0.07
  1
80×80*
  7
LAVA
 72
1
 11
3.775
 21
-2.128
 31
0.0
100
AcDbText
 73
2
  0
TEXT
  5
255
330
17
100
AcDbEntity
  8
A-EQUIPO-TEXTO
100
AcDbText
 10
3.775
 20
-1.21
 30
0.0
 40
0.07
  1
H3 · Plancha
  7
LAVA-B
 72
1
 11
3.775
 21
-1.21
 31
0.0
100
AcDbText
 73
2
  0
TEXT
  5
256
330
17
100
AcDbEntity
  8
A-EQUIPO-TEXTO
100
AcDbText
 10
3.775
 20
-1.322
 30
0.0
 40
0.07
  1
70×80*
  7
LAVA
 72
1
 11
3.775
 21
-1.322
 31
0.0
100
AcDbText
 73
2
  0
TEXT
  5
257
330
17
100
AcDbEntity
  8
A-EQUIPO-TEXTO
100
AcDbText
 10
3.775
 20
-0.6719999999999999
 30
0.0
 40
0.055
  1
H4 · Freidora 1
  7
LAVA-B
 72
1
 11
3.775
 21
-0.6719999999999999
 31
0.0
100
AcDbText
 73
2
  0
TEXT
  5
258
330
17
100
AcDbEntity
  8
A-EQUIPO-TEXTO
100
AcDbText
 10
3.775
 20
-0.76
 30
0.0
 40
0.055
  1
40×80*
  7
LAVA
 72
1
 11
3.775
 21
-0.76
 31
0.0
100
AcDbText
 73
2
  0
TEXT
  5
259
330
17
100
AcDbEntity
  8
A-EQUIPO-TEXTO
100
AcDbText
 10
3.775
 20
-0.272
 30
0.0
 40
0.055
  1
H5 · Freidora 2
  7
LAVA-B
 72
1
 11
3.775
 21
-0.272
 31
0.0
100
AcDbText
 73
2
  0
TEXT
  5
25A
330
17
100
AcDbEntity
  8
A-EQUIPO-TEXTO
100
AcDbText
 10
3.775
 20
-0.36
 30
0.0
 40
0.055
  1
40×80*
  7
LAVA
 72
1
 11
3.775
 21
-0.36
 31
0.0
100
AcDbText
 73
2
  0
TEXT
  5
25B
330
17
100
AcDbEntity
  8
A-EQUIPO-TEXTO
100
AcDbText
 10
1.575
 20
-0.346
 30
0.0
 40
0.075
  1
K1
  7
LAVA-B
 72
1
 11
1.575
 21
-0.346
 31
0.0
100
AcDbText
 73
2
  0
TEXT
  5
25C
330
17
100
AcDbEntity
  8
A-EQUIPO-TEXTO
100
AcDbText
 10
1.575
 20
-0.46599999999999997
 30
0.0
 40
0.075
  1
Mesa inox + K2 horno
  7
LAVA
 72
1
 11
1.575
 21
-0.46599999999999997
 31
0.0
100
AcDbText
 73
2
  0
TEXT
  5
25D
330
17
100
AcDbEntity
  8
A-EQUIPO-TEXTO
100
AcDbText
 10
1.575
 20
-0.586
 30
0.0
 40
0.075
  1
140×70
  7
LAVA
 72
1
 11
1.575
 21
-0.586
 31
0.0
100
AcDbText
 73
2
  0
TEXT
  5
25E
330
17
100
AcDbEntity
  8
A-EQUIPO-TEXTO
100
AcDbText
 10
1.565
 20
-0.756
 30
0.0
 40
0.05
  1
K2
  7
LAVA-B
 11
1.565
 21
-0.756
 31
0.0
100
AcDbText
 73
2
  0
TEXT
  5
25F
330
17
100
AcDbEntity
  8
A-EQUIPO-TEXTO
100
AcDbText
 10
1.979
 20
-4.795999999999999
 30
0.0
 40
0.045
  1
K3
 50
90.0
  7
LAVA-B
 72
1
 11
1.979
 21
-4.795999999999999
 31
0.0
100
AcDbText
 73
2
  0
TEXT
  5
260
330
17
100
AcDbEntity
  8
A-EQUIPO-TEXTO
100
AcDbText
 10
2.051
 20
-4.795999999999999
 30
0.0
 40
0.045
  1
33×38
 50
90.0
  7
LAVA
 72
1
 11
2.051
 21
-4.795999999999999
 31
0.0
100
AcDbText
 73
2
  0
TEXT
  5
261
330
17
100
AcDbEntity
  8
A-EQUIPO-TEXTO
100
AcDbText
 10
-0.02499999999999994
 20
-1.7
 30
0.0
 40
0.05
  1
S1 · Smoker vertical (ahumador)
 50
90.0
  7
LAVA-B
 72
1
 11
-0.02499999999999994
 21
-1.7
 31
0.0
100
AcDbText
 73
2
  0
TEXT
  5
262
330
17
100
AcDbEntity
  8
A-EQUIPO-TEXTO
100
AcDbText
 10
0.05500000000000008
 20
-1.7
 30
0.0
 40
0.05
  1
140×75*
 50
90.0
  7
LAVA
 72
1
 11
0.05500000000000008
 21
-1.7
 31
0.0
100
AcDbText
 73
2
  0
TEXT
  5
263
330
17
100
AcDbEntity
  8
A-EQUIPO-TEXTO
100
AcDbText
 10
0.29000000000000004
 20
-2.7619999999999996
 30
0.0
 40
0.055
  1
S2
  7
LAVA-B
 72
1
 11
0.29000000000000004
 21
-2.7619999999999996
 31
0.0
100
AcDbText
 73
2
  0
TEXT
  5
264
330
17
100
AcDbEntity
  8
A-EQUIPO-TEXTO
100
AcDbText
 10
0.29000000000000004
 20
-2.8499999999999996
 30
0.0
 40
0.055
  1
Holding caliente
  7
LAVA
 72
1
 11
0.29000000000000004
 21
-2.8499999999999996
 31
0.0
100
AcDbText
 73
2
  0
TEXT
  5
265
330
17
100
AcDbEntity
  8
A-EQUIPO-TEXTO
100
AcDbText
 10
0.29000000000000004
 20
-2.9379999999999997
 30
0.0
 40
0.055
  1
60×75*
  7
LAVA
 72
1
 11
0.29000000000000004
 21
-2.9379999999999997
 31
0.0
100
AcDbText
 73
2
  0
TEXT
  5
266
330
17
100
AcDbEntity
  8
A-EQUIPO-TEXTO
100
AcDbText
 10
0.044999999999999984
 20
-3.9000000000000004
 30
0.0
 40
0.075
  1
S3
 50
90.0
  7
LAVA-B
 72
1
 11
0.044999999999999984
 21
-3.9000000000000004
 31
0.0
100
AcDbText
 73
2
  0
TEXT
  5
267
330
17
100
AcDbEntity
  8
A-EQUIPO-TEXTO
100
AcDbText
 10
0.16499999999999998
 20
-3.9000000000000004
 30
0.0
 40
0.075
  1
Leña / carbón
 50
90.0
  7
LAVA
 72
1
 11
0.16499999999999998
 21
-3.9000000000000004
 31
0.0
100
AcDbText
 73
2
  0
TEXT
  5
268
330
17
100
AcDbEntity
  8
A-EQUIPO-TEXTO
100
AcDbText
 10
0.285
 20
-3.9000000000000004
 30
0.0
 40
0.075
  1
100×50*
 50
90.0
  7
LAVA
 72
1
 11
0.285
 21
-3.9000000000000004
 31
0.0
100
AcDbText
 73
2
  0
TEXT
  5
269
330
17
100
AcDbEntity
  8
A-EQUIPO-TEXTO
100
AcDbText
 10
3.65
 20
-6.15
 30
0.0
 40
0.075
  1
W1 · Fregadero 2 tanques
 50
90.0
  7
LAVA-B
 72
1
 11
3.65
 21
-6.15
 31
0.0
100
AcDbText
 73
2
  0
TEXT
  5
26A
330
17
100
AcDbEntity
  8
A-EQUIPO-TEXTO
100
AcDbText
 10
3.77
 20
-6.15
 30
0.0
 40
0.075
  1
200×80
 50
90.0
  7
LAVA
 72
1
 11
3.77
 21
-6.15
 31
0.0
100
AcDbText
 73
2
  0
TEXT
  5
26B
330
17
100
AcDbEntity
  8
A-EQUIPO-TEXTO
100
AcDbText
 10
4.32
 20
-7.3790000000000004
 30
0.0
 40
0.045
  1
W2
  7
LAVA-B
 72
1
 11
4.32
 21
-7.3790000000000004
 31
0.0
100
AcDbText
 73
2
  0
TEXT
  5
26C
330
17
100
AcDbEntity
  8
A-EQUIPO-TEXTO
100
AcDbText
 10
4.32
 20
-7.451
 30
0.0
 40
0.045
  1
33×38
  7
LAVA
 72
1
 11
4.32
 21
-7.451
 31
0.0
100
AcDbText
 73
2
  0
TEXT
  5
26D
330
17
100
AcDbEntity
  8
A-EQUIPO-TEXTO
100
AcDbText
 10
4.21
 20
-8.15
 30
0.0
 40
0.045
  1
W3
  7
LAVA-B
 72
1
 11
4.21
 21
-8.15
 31
0.0
100
AcDbText
 73
2
  0
TEXT
  5
26E
330
17
100
AcDbEntity
  8
A-EQUIPO-TEXTO
100
AcDbText
 10
4.21
 20
-8.222
 30
0.0
 40
0.045
  1
50×60
  7
LAVA
 72
1
 11
4.21
 21
-8.222
 31
0.0
100
AcDbText
 73
2
  0
TEXT
  5
26F
330
17
100
AcDbEntity
  8
A-EQUIPO-TEXTO
100
AcDbText
 10
1.8
 20
-6.055
 30
0.0
 40
0.075
  1
W4 · Mesa escurrido (limpio)
 50
90.0
  7
LAVA-B
 72
1
 11
1.8
 21
-6.055
 31
0.0
100
AcDbText
 73
2
  0
TEXT
  5
270
330
17
100
AcDbEntity
  8
A-EQUIPO-TEXTO
100
AcDbText
 10
1.9200000000000002
 20
-6.055
 30
0.0
 40
0.075
  1
187×60
 50
90.0
  7
LAVA
 72
1
 11
1.9200000000000002
 21
-6.055
 31
0.0
100
AcDbText
 73
2
  0
TEXT
  5
271
330
17
100
AcDbEntity
  8
A-EQUIPO-TEXTO
100
AcDbText
 10
3.4
 20
-5.26
 30
0.0
 40
0.05
  1
W6
  7
LAVA-B
 11
3.4
 21
-5.26
 31
0.0
100
AcDbText
 73
2
  0
TEXT
  5
272
330
17
100
AcDbEntity
  8
A-EQUIPO-TEXTO
100
AcDbText
 10
4.324
 20
-7.765
 30
0.0
 40
0.045
  1
W7
 50
90.0
  7
LAVA-B
 72
1
 11
4.324
 21
-7.765
 31
0.0
100
AcDbText
 73
2
  0
TEXT
  5
273
330
17
100
AcDbEntity
  8
A-EQUIPO-TEXTO
100
AcDbText
 10
4.395999999999999
 20
-7.765
 30
0.0
 40
0.045
  1
33×30
 50
90.0
  7
LAVA
 72
1
 11
4.395999999999999
 21
-7.765
 31
0.0
100
AcDbText
 73
2
  0
TEXT
  5
274
330
17
100
AcDbEntity
  8
A-EQUIPO-TEXTO
100
AcDbText
 10
3.4
 20
-6.99
 30
0.0
 40
0.05
  1
GT-1
  7
LAVA-B
 11
3.4
 21
-6.99
 31
0.0
100
AcDbText
 73
2
  0
TEXT
  5
275
330
17
100
AcDbEntity
  8
A-EQUIPO-TEXTO
100
AcDbText
 10
2.7
 20
-8.157
 30
0.0
 40
0.065
  1
W5
  7
LAVA-B
 72
1
 11
2.7
 21
-8.157
 31
0.0
100
AcDbText
 73
2
  0
TEXT
  5
276
330
17
100
AcDbEntity
  8
A-EQUIPO-TEXTO
100
AcDbText
 10
2.7
 20
-8.261
 30
0.0
 40
0.065
  1
Estante loza limpia
  7
LAVA
 72
1
 11
2.7
 21
-8.261
 31
0.0
100
AcDbText
 73
2
  0
TEXT
  5
277
330
17
100
AcDbEntity
  8
A-EQUIPO-TEXTO
100
AcDbText
 10
2.7
 20
-8.364999999999998
 30
0.0
 40
0.065
  1
120×35
  7
LAVA
 72
1
 11
2.7
 21
-8.364999999999998
 31
0.0
100
AcDbText
 73
2
  0
TEXT
  5
278
330
17
100
AcDbEntity
  8
A-EQUIPO-TEXTO
100
AcDbText
 10
4.04
 20
-10.011
 30
0.0
 40
0.075
  1
A1
 50
90.0
  7
LAVA-B
 72
1
 11
4.04
 21
-10.011
 31
0.0
100
AcDbText
 73
2
  0
TEXT
  5
279
330
17
100
AcDbEntity
  8
A-EQUIPO-TEXTO
100
AcDbText
 10
4.16
 20
-10.011
 30
0.0
 40
0.075
  1
Refrigerador 2 puertas
 50
90.0
  7
LAVA
 72
1
 11
4.16
 21
-10.011
 31
0.0
100
AcDbText
 73
2
  0
TEXT
  5
27A
330
17
100
AcDbEntity
  8
A-EQUIPO-TEXTO
100
AcDbText
 10
4.28
 20
-10.011
 30
0.0
 40
0.075
  1
145×70
 50
90.0
  7
LAVA
 72
1
 11
4.28
 21
-10.011
 31
0.0
100
AcDbText
 73
2
  0
TEXT
  5
27B
330
17
100
AcDbEntity
  8
A-EQUIPO-TEXTO
100
AcDbText
 10
4.1160000000000005
 20
-11.111
 30
0.0
 40
0.055
  1
A2 · Congelador
 50
90.0
  7
LAVA-B
 72
1
 11
4.1160000000000005
 21
-11.111
 31
0.0
100
AcDbText
 73
2
  0
TEXT
  5
27C
330
17
100
AcDbEntity
  8
A-EQUIPO-TEXTO
100
AcDbText
 10
4.204
 20
-11.111
 30
0.0
 40
0.055
  1
75×70
 50
90.0
  7
LAVA
 72
1
 11
4.204
 21
-11.111
 31
0.0
100
AcDbText
 73
2
  0
TEXT
  5
27D
330
17
100
AcDbEntity
  8
A-EQUIPO-TEXTO
100
AcDbText
 10
1.6
 20
-11.075999999999999
 30
0.0
 40
0.075
  1
A3 · Mesa fría refrigerada
  7
LAVA-B
 72
1
 11
1.6
 21
-11.075999999999999
 31
0.0
100
AcDbText
 73
2
  0
TEXT
  5
27E
330
17
100
AcDbEntity
  8
A-EQUIPO-TEXTO
100
AcDbText
 10
1.6
 20
-11.196
 30
0.0
 40
0.075
  1
180×70
  7
LAVA
 72
1
 11
1.6
 21
-11.196
 31
0.0
100
AcDbText
 73
2
  0
TEXT
  5
27F
330
17
100
AcDbEntity
  8
A-EQUIPO-TEXTO
100
AcDbText
 10
0.35
 20
-11.091999999999999
 30
0.0
 40
0.055
  1
A7 · Esquinero
  7
LAVA-B
 72
1
 11
0.35
 21
-11.091999999999999
 31
0.0
100
AcDbText
 73
2
  0
TEXT
  5
280
330
17
100
AcDbEntity
  8
A-EQUIPO-TEXTO
100
AcDbText
 10
0.35
 20
-11.18
 30
0.0
 40
0.055
  1
70×70
  7
LAVA
 72
1
 11
0.35
 21
-11.18
 31
0.0
100
AcDbText
 73
2
  0
TEXT
  5
281
330
17
100
AcDbEntity
  8
A-EQUIPO-TEXTO
100
AcDbText
 10
1.779
 20
-8.725999999999999
 30
0.0
 40
0.045
  1
A8
 50
90.0
  7
LAVA-B
 72
1
 11
1.779
 21
-8.725999999999999
 31
0.0
100
AcDbText
 73
2
  0
TEXT
  5
282
330
17
100
AcDbEntity
  8
A-EQUIPO-TEXTO
100
AcDbText
 10
1.851
 20
-8.725999999999999
 30
0.0
 40
0.045
  1
33×38
 50
90.0
  7
LAVA
 72
1
 11
1.851
 21
-8.725999999999999
 31
0.0
100
AcDbText
 73
2
  0
TEXT
  5
283
330
17
100
AcDbEntity
  8
A-EQUIPO-TEXTO
100
AcDbText
 10
0.22999999999999998
 20
-10.186
 30
0.0
 40
0.075
  1
A4
 50
90.0
  7
LAVA-B
 72
1
 11
0.22999999999999998
 21
-10.186
 31
0.0
100
AcDbText
 73
2
  0
TEXT
  5
284
330
17
100
AcDbEntity
  8
A-EQUIPO-TEXTO
100
AcDbText
 10
0.35
 20
-10.186
 30
0.0
 40
0.075
  1
Mesa inox prep
 50
90.0
  7
LAVA
 72
1
 11
0.35
 21
-10.186
 31
0.0
100
AcDbText
 73
2
  0
TEXT
  5
285
330
17
100
AcDbEntity
  8
A-EQUIPO-TEXTO
100
AcDbText
 10
0.47
 20
-10.186
 30
0.0
 40
0.075
  1
120×70
 50
90.0
  7
LAVA
 72
1
 11
0.47
 21
-10.186
 31
0.0
100
AcDbText
 73
2
  0
TEXT
  5
286
330
17
100
AcDbEntity
  8
A-EQUIPO-TEXTO
100
AcDbText
 10
2.95
 20
-8.650999999999998
 30
0.0
 40
0.075
  1
A5 · Estantería 4 niveles
  7
LAVA-B
 72
1
 11
2.95
 21
-8.650999999999998
 31
0.0
100
AcDbText
 73
2
  0
TEXT
  5
287
330
17
100
AcDbEntity
  8
A-EQUIPO-TEXTO
100
AcDbText
 10
2.95
 20
-8.770999999999999
 30
0.0
 40
0.075
  1
170×35
  7
LAVA
 72
1
 11
2.95
 21
-8.770999999999999
 31
0.0
100
AcDbText
 73
2
  0
TEXT
  5
288
330
17
100
AcDbEntity
  8
A-EQUIPO-TEXTO
100
AcDbText
 10
0.07999999999999999
 20
-6.5
 30
0.0
 40
0.075
  1
A6 · Almacén seco (estantería)
 50
90.0
  7
LAVA-B
 72
1
 11
0.07999999999999999
 21
-6.5
 31
0.0
100
AcDbText
 73
2
  0
TEXT
  5
289
330
17
100
AcDbEntity
  8
A-EQUIPO-TEXTO
100
AcDbText
 10
0.19999999999999998
 20
-6.5
 30
0.0
 40
0.075
  1
280×45
 50
90.0
  7
LAVA
 72
1
 11
0.19999999999999998
 21
-6.5
 31
0.0
100
AcDbText
 73
2
  0
TEXT
  5
28A
330
17
100
AcDbEntity
  8
A-EQUIPO-TEXTO
100
AcDbText
 10
5.659
 20
-0.458
 30
0.0
 40
0.06
  1
C1
 50
90.0
  7
LAVA-B
 72
1
 11
5.659
 21
-0.458
 31
0.0
100
AcDbText
 73
2
  0
TEXT
  5
28B
330
17
100
AcDbEntity
  8
A-EQUIPO-TEXTO
100
AcDbText
 10
5.755
 20
-0.458
 30
0.0
 40
0.06
  1
Barra bebidas
 50
90.0
  7
LAVA
 72
1
 11
5.755
 21
-0.458
 31
0.0
100
AcDbText
 73
2
  0
TEXT
  5
28C
330
17
100
AcDbEntity
  8
A-EQUIPO-TEXTO
100
AcDbText
 10
5.851
 20
-0.458
 30
0.0
 40
0.06
  1
68×65
 50
90.0
  7
LAVA
 72
1
 11
5.851
 21
-0.458
 31
0.0
100
AcDbText
 73
2
  0
TEXT
  5
28D
330
17
100
AcDbEntity
  8
A-EQUIPO-TEXTO
100
AcDbText
 10
4.665
 20
-0.24500000000000002
 30
0.0
 40
0.045
  1
C5
  7
LAVA-B
 72
1
 11
4.665
 21
-0.24500000000000002
 31
0.0
100
AcDbText
 73
2
  0
TEXT
  5
28E
330
17
100
AcDbEntity
  8
A-EQUIPO-TEXTO
100
AcDbText
 10
4.665
 20
-0.317
 30
0.0
 40
0.045
  1
33×38
  7
LAVA
 72
1
 11
4.665
 21
-0.317
 31
0.0
100
AcDbText
 73
2
  0
TEXT
  5
28F
330
17
100
AcDbEntity
  8
A-EQUIPO-TEXTO
100
AcDbText
 10
6.0
 20
-4.664999999999999
 30
0.0
 40
0.06
  1
L1
  7
LAVA-B
 72
1
 11
6.0
 21
-4.664999999999999
 31
0.0
100
AcDbText
 73
2
  0
TEXT
  5
290
330
17
100
AcDbEntity
  8
A-EQUIPO-TEXTO
100
AcDbText
 10
6.0
 20
-4.760999999999999
 30
0.0
 40
0.06
  1
Casilleros personal
  7
LAVA
 72
1
 11
6.0
 21
-4.760999999999999
 31
0.0
100
AcDbText
 73
2
  0
TEXT
  5
291
330
17
100
AcDbEntity
  8
A-EQUIPO-TEXTO
100
AcDbText
 10
6.0
 20
-4.856999999999999
 30
0.0
 40
0.06
  1
100×45
  7
LAVA
 72
1
 11
6.0
 21
-4.856999999999999
 31
0.0
100
AcDbText
 73
2
  0
TEXT
  5
292
330
17
100
AcDbEntity
  8
A-EQUIPO-TEXTO
100
AcDbText
 10
5.675
 20
-1.25
 30
0.0
 40
0.05
  1
C4
 50
90.0
  7
LAVA-B
 72
1
 11
5.675
 21
-1.25
 31
0.0
100
AcDbText
 73
2
  0
TEXT
  5
293
330
17
100
AcDbEntity
  8
A-EQUIPO-TEXTO
100
AcDbText
 10
5.755
 20
-1.25
 30
0.0
 40
0.05
  1
Caja h 0.80 + C3 POS
 50
90.0
  7
LAVA
 72
1
 11
5.755
 21
-1.25
 31
0.0
100
AcDbText
 73
2
  0
TEXT
  5
294
330
17
100
AcDbEntity
  8
A-EQUIPO-TEXTO
100
AcDbText
 10
5.835
 20
-1.25
 30
0.0
 40
0.05
  1
90×65
 50
90.0
  7
LAVA
 72
1
 11
5.835
 21
-1.25
 31
0.0
100
AcDbText
 73
2
  0
TEXT
  5
295
330
17
100
AcDbEntity
  8
A-EQUIPO-TEXTO
100
AcDbText
 10
5.755
 20
-1.9649999999999999
 30
0.0
 40
0.075
  1
C2 · Pase
  7
LAVA-B
 72
1
 11
5.755
 21
-1.9649999999999999
 31
0.0
100
AcDbText
 73
2
  0
TEXT
  5
296
330
17
100
AcDbEntity
  8
A-EQUIPO-TEXTO
100
AcDbText
 10
5.755
 20
-2.085
 30
0.0
 40
0.075
  1
65×65
  7
LAVA
 72
1
 11
5.755
 21
-2.085
 31
0.0
100
AcDbText
 73
2
  0
TEXT
  5
297
330
17
100
AcDbEntity
  8
A-EQUIPO-TEXTO
100
AcDbText
 10
5.57
 20
-1.06
 30
0.0
 40
0.05
  1
C3
  7
LAVA-B
 11
5.57
 21
-1.06
 31
0.0
100
AcDbText
 73
2
  0
TEXT
  5
298
330
17
100
AcDbEntity
  8
A-EQUIPO-TEXTO
100
AcDbText
 10
15.825
 20
-0.6199999999999999
 30
0.0
 40
0.05
  1
D2
  7
LAVA-B
 72
1
 11
15.825
 21
-0.6199999999999999
 31
0.0
100
AcDbText
 73
2
  0
TEXT
  5
299
330
17
100
AcDbEntity
  8
A-EQUIPO-TEXTO
100
AcDbText
 10
15.825
 20
-0.7
 30
0.0
 40
0.05
  1
Recep. + delivery
  7
LAVA
 72
1
 11
15.825
 21
-0.7
 31
0.0
100
AcDbText
 73
2
  0
TEXT
  5
29A
330
17
100
AcDbEntity
  8
A-EQUIPO-TEXTO
100
AcDbText
 10
15.825
 20
-0.78
 30
0.0
 40
0.05
  1
75×60
  7
LAVA
 72
1
 11
15.825
 21
-0.78
 31
0.0
100
AcDbText
 73
2
  0
TEXT
  5
29B
330
17
100
AcDbEntity
  8
A-EQUIPO-TEXTO
100
AcDbText
 10
3.231
 20
-1.266
 30
0.0
 40
0.055
  1
HD-1 · Campana 1 · gas
 50
90.0
  7
LAVA-B
 72
1
 11
3.231
 21
-1.266
 31
0.0
100
AcDbText
 73
2
  0
TEXT
  5
29C
330
17
100
AcDbEntity
  8
A-EQUIPO-TEXTO
100
AcDbText
 10
3.319
 20
-1.266
 30
0.0
 40
0.055
  1
≈230×115 (proyección)
 50
90.0
  7
LAVA
 72
1
 11
3.319
 21
-1.266
 31
0.0
100
AcDbText
 73
2
  0
TEXT
  5
29D
330
17
100
AcDbEntity
  8
A-EQUIPO-TEXTO
100
AcDbText
 10
3.281
 20
-3.191
 30
0.0
 40
0.055
  1
HD-2 · Campana 2 · sólido
 50
90.0
  7
LAVA-B
 72
1
 11
3.281
 21
-3.191
 31
0.0
100
AcDbText
 73
2
  0
TEXT
  5
29E
330
17
100
AcDbEntity
  8
A-EQUIPO-TEXTO
100
AcDbText
 10
3.369
 20
-3.191
 30
0.0
 40
0.055
  1
≈155×110 (proyección)
 50
90.0
  7
LAVA
 72
1
 11
3.369
 21
-3.191
 31
0.0
100
AcDbText
 73
2
  0
LWPOLYLINE
  5
2A0
330
17
100
AcDbEntity
  8
A-FLUJO
420
3054138
100
AcDbPolyline
 90
3
 70
0
 10
15.9
 20
-2.55
 10
7.3
 20
-2.55
 10
6.6
 20
-1.45
  0
LWPOLYLINE
  5
2A1
330
17
100
AcDbEntity
  8
A-FLUJO
420
8015800
100
AcDbPolyline
 90
3
 70
0
 10
6.6
 20
-2.05
 10
7.3
 20
-2.55
 10
15.0
 20
-2.55
  0
LWPOLYLINE
  5
2A2
330
17
100
AcDbEntity
  8
A-FLUJO
420
8015800
100
AcDbPolyline
 90
6
 70
0
 10
2.8
 20
-3.4
 10
2.8
 20
-4.45
 10
3.9
 20
-4.48
 10
5.0
 20
-4.48
 10
5.0
 20
-3.0
 10
4.95
 20
-2.1
  0
LWPOLYLINE
  5
2A3
330
17
100
AcDbEntity
  8
A-FLUJO
420
14034984
100
AcDbPolyline
 90
9
 70
0
 10
15.0
 20
-2.62
 10
7.0
 20
-2.6
 10
6.36
 20
-2.8
 10
5.2
 20
-3.7
 10
4.95
 20
-4.4
 10
3.9
 20
-4.45
 10
2.9
 20
-4.8
 10
2.73
 20
-5.3
 10
2.73
 20
-5.9
  0
LWPOLYLINE
  5
2A4
330
17
100
AcDbEntity
  8
A-FLUJO
420
2057158
100
AcDbPolyline
 90
10
 70
0
 10
3.3
 20
-9.7
 10
1.9
 20
-9.75
 10
1.17
 20
-9.25
 10
0.89
 20
-8.6
 10
0.89
 20
-8.3
 10
0.89
 20
-5.3
 10
0.9
 20
-4.75
 10
1.25
 20
-4.2
 10
2.7
 20
-3.8
 10
2.9
 20
-1.3
  0
LWPOLYLINE
  5
2A5
330
17
100
AcDbEntity
  8
A-FLUJO
420
2057158
100
AcDbPolyline
 90
4
 70
0
 10
1.15
 20
-1.7
 10
1.15
 20
-2.85
 10
2.6
 20
-3.7
 10
2.8
 20
-4.4
  0
LWPOLYLINE
  5
2A6
330
17
100
AcDbEntity
  8
A-FLUJO
420
11770624
100
AcDbPolyline
 90
6
 70
0
 10
4.95
 20
-3.0
 10
6.36
 20
-2.8
 10
7.0
 20
-2.55
 10
15.0
 20
-2.55
 10
15.45
 20
-2.35
 10
15.75
 20
-1.55
  0
LWPOLYLINE
  5
2A7
330
17
100
AcDbEntity
  8
A-FLUJO
420
9194014
100
AcDbPolyline
 90
8
 70
0
 10
3.05
 20
-11.3
 10
3.1
 20
-10.5
 10
2.2
 20
-9.75
 10
1.17
 20
-9.25
 10
0.89
 20
-8.6
 10
0.89
 20
-8.3
 10
0.89
 20
-5.3
 10
0.95
 20
-3.9
  0
DIMENSION
  5
2A8
330
17
100
AcDbEntity
  8
A-COTA
100
AcDbDimension
280
0
  2
*D3
  3
LAVA-50
 10
-0.085
 20
1.0499999999999998
 30
0.0
 11
2.12
 21
1.1124999999999998
 31
0.0
 70
32
 71
5
  1
<> cocina
100
AcDbAlignedDimension
 13
-0.085
 23
0.564
 33
0.0
 14
4.325
 24
-0.0
 34
0.0
 50
0.0
100
AcDbRotatedDimension
  0
DIMENSION
  5
2B7
330
17
100
AcDbEntity
  8
A-COTA
100
AcDbDimension
280
0
  2
*D4
  3
LAVA-50
 10
4.325
 20
1.05
 30
0.0
 11
4.4
 21
1.1725
 31
0.0
 70
32
 71
5
  1
<>
100
AcDbAlignedDimension
 13
4.325
 23
-0.0
 33
0.0
 14
4.475
 24
-0.0
 34
0.0
 50
0.0
100
AcDbRotatedDimension
  0
DIMENSION
  5
2C6
330
17
100
AcDbEntity
  8
A-COTA
100
AcDbDimension
280
0
  2
*D5
  3
LAVA-50
 10
4.475
 20
1.05
 30
0.0
 11
10.379999999999999
 21
1.1125
 31
0.0
 70
32
 71
5
  1
<> salón + barra
100
AcDbAlignedDimension
 13
4.475
 23
-0.0
 33
0.0
 14
16.285
 24
-0.3
 34
0.0
 50
0.0
100
AcDbRotatedDimension
  0
DIMENSION
  5
2D5
330
17
100
AcDbEntity
  8
A-COTA
100
AcDbDimension
280
0
  2
*D6
  3
LAVA-50
 10
-0.085
 20
1.45
 30
0.0
 11
8.1
 21
1.5125
 31
0.0
 70
32
 71
5
  1
<> interior
100
AcDbAlignedDimension
 13
-0.085
 23
0.564
 33
0.0
 14
16.285
 24
-0.3
 34
0.0
 50
0.0
100
AcDbRotatedDimension
  0
DIMENSION
  5
2E4
330
17
100
AcDbEntity
  8
A-COTA
100
AcDbDimension
280
0
  2
*D7
  3
LAVA-50
 10
16.95
 20
-0.116
 30
0.0
 11
17.0125
 21
-0.8795
 31
0.0
 70
32
 71
5
  1
<>
100
AcDbAlignedDimension
 13
16.285
 23
-0.116
 33
0.0
 14
16.285
 24
-1.643
 34
0.0
 50
90.0
100
AcDbRotatedDimension
  0
DIMENSION
  5
2F3
330
17
100
AcDbEntity
  8
A-COTA
100
AcDbDimension
280
0
  2
*D8
  3
LAVA-50
 10
16.95
 20
-1.643
 30
0.0
 11
17.0125
 21
-2.643
 31
0.0
 70
32
 71
5
  1
<> entrada
100
AcDbAlignedDimension
 13
16.285
 23
-1.643
 33
0.0
 14
16.285
 24
-3.643
 34
0.0
 50
90.0
100
AcDbRotatedDimension
  0
DIMENSION
  5
302
330
17
100
AcDbEntity
  8
A-COTA
100
AcDbDimension
280
0
  2
*D9
  3
LAVA-50
 10
16.95
 20
-3.643
 30
0.0
 11
17.0125
 21
-4.3145
 31
0.0
 70
32
 71
5
  1
<>
100
AcDbAlignedDimension
 13
16.285
 23
-3.643
 33
0.0
 14
16.285
 24
-4.986
 34
0.0
 50
90.0
100
AcDbRotatedDimension
  0
DIMENSION
  5
311
330
17
100
AcDbEntity
  8
A-COTA
100
AcDbDimension
280
0
  2
*D10
  3
LAVA-50
 10
17.32
 20
-0.116
 30
0.0
 11
17.3825
 21
-2.551
 31
0.0
 70
32
 71
5
  1
<> interior
100
AcDbAlignedDimension
 13
16.285
 23
-0.116
 33
0.0
 14
16.285
 24
-4.986
 34
0.0
 50
90.0
100
AcDbRotatedDimension
  0
DIMENSION
  5
320
330
17
100
AcDbEntity
  8
A-COTA
100
AcDbDimension
280
0
  2
*D11
  3
LAVA-50
 10
2.85
 20
-0.116
 30
0.0
 11
2.9125
 21
-0.316
 31
0.0
 70
32
 71
5
  1
<>
100
AcDbAlignedDimension
 13
3.375
 23
-0.116
 33
0.0
 14
3.375
 24
-0.516
 34
0.0
 50
90.0
100
AcDbRotatedDimension
  0
DIMENSION
  5
32F
330
17
100
AcDbEntity
  8
A-COTA
100
AcDbDimension
280
0
  2
*D12
  3
LAVA-50
 10
2.85
 20
-0.516
 30
0.0
 11
2.9125
 21
-0.716
 31
0.0
 70
32
 71
5
  1
<>
100
AcDbAlignedDimension
 13
3.375
 23
-0.516
 33
0.0
 14
3.375
 24
-0.916
 34
0.0
 50
90.0
100
AcDbRotatedDimension
  0
DIMENSION
  5
33E
330
17
100
AcDbEntity
  8
A-COTA
100
AcDbDimension
280
0
  2
*D13
  3
LAVA-50
 10
2.85
 20
-0.916
 30
0.0
 11
2.9125
 21
-1.266
 31
0.0
 70
32
 71
5
  1
<>
100
AcDbAlignedDimension
 13
3.375
 23
-0.916
 33
0.0
 14
3.375
 24
-1.616
 34
0.0
 50
90.0
100
AcDbRotatedDimension
  0
DIMENSION
  5
34D
330
17
100
AcDbEntity
  8
A-COTA
100
AcDbDimension
280
0
  2
*D14
  3
LAVA-50
 10
2.85
 20
-1.616
 30
0.0
 11
2.9125
 21
-2.016
 31
0.0
 70
32
 71
5
  1
<>
100
AcDbAlignedDimension
 13
3.375
 23
-1.616
 33
0.0
 14
3.375
 24
-2.416
 34
0.0
 50
90.0
100
AcDbRotatedDimension
  0
DIMENSION
  5
35C
330
17
100
AcDbEntity
  8
A-COTA
100
AcDbDimension
280
0
  2
*D15
  3
LAVA-50
 10
2.8499999999999996
 20
-2.416
 30
0.0
 11
2.9124999999999996
 21
-3.166
 31
0.0
 70
32
 71
5
  1
<>
100
AcDbAlignedDimension
 13
3.425
 23
-2.416
 33
0.0
 14
3.425
 24
-3.916
 34
0.0
 50
90.0
100
AcDbRotatedDimension
  0
DIMENSION
  5
36B
330
17
100
AcDbEntity
  8
A-COTA
100
AcDbDimension
280
0
  2
*D16
  3
LAVA-50
 10
2.8499999999999996
 20
-3.966
 30
0.0
 11
2.9124999999999996
 21
-4.476
 31
0.0
 70
32
 71
5
  1
<>
100
AcDbAlignedDimension
 13
3.425
 23
-3.966
 33
0.0
 14
3.425
 24
-4.986
 34
0.0
 50
90.0
100
AcDbRotatedDimension
  0
DIMENSION
  5
37A
330
17
100
AcDbEntity
  8
A-COTA
100
AcDbDimension
280
0
  2
*D17
  3
LAVA-50
 10
-0.95
 20
-1.0
 30
0.0
 11
-0.8875
 21
-1.7
 31
0.0
 70
32
 71
5
  1
<> smoker
100
AcDbAlignedDimension
 13
-0.085
 23
-1.0
 33
0.0
 14
-0.085
 24
-2.4
 34
0.0
 50
90.0
100
AcDbRotatedDimension
  0
DIMENSION
  5
389
330
17
100
AcDbEntity
  8
A-COTA
100
AcDbDimension
280
0
  2
*D18
  3
LAVA-50
 10
-0.95
 20
-2.55
 30
0.0
 11
-0.8875
 21
-2.8499999999999996
 31
0.0
 70
32
 71
5
  1
<>
100
AcDbAlignedDimension
 13
-0.085
 23
-2.55
 33
0.0
 14
-0.085
 24
-3.15
 34
0.0
 50
90.0
100
AcDbRotatedDimension
  0
DIMENSION
  5
398
330
17
100
AcDbEntity
  8
A-COTA
100
AcDbDimension
280
0
  2
*D19
  3
LAVA-50
 10
-0.95
 20
-3.4
 30
0.0
 11
-0.8875
 21
-3.9000000000000004
 31
0.0
 70
32
 71
5
  1
<> leña
100
AcDbAlignedDimension
 13
-0.085
 23
-3.4
 33
0.0
 14
-0.085
 24
-4.4
 34
0.0
 50
90.0
100
AcDbRotatedDimension
  0
DIMENSION
  5
3A7
330
17
100
AcDbEntity
  8
A-COTA
100
AcDbDimension
280
0
  2
*D20
  3
LAVA-50
 10
-0.75
 20
-5.1
 30
0.0
 11
-0.6875
 21
-6.5
 31
0.0
 70
32
 71
5
  1
<> almacén seco
100
AcDbAlignedDimension
 13
-0.085
 23
-5.1
 33
0.0
 14
-0.085
 24
-7.9
 34
0.0
 50
90.0
100
AcDbRotatedDimension
  0
DIMENSION
  5
3B6
330
17
100
AcDbEntity
  8
A-COTA
100
AcDbDimension
280
0
  2
*D21
  3
LAVA-50
 10
-0.75
 20
-9.55
 30
0.0
 11
-0.6875
 21
-10.15
 31
0.0
 70
32
 71
5
  1
<> mesa
100
AcDbAlignedDimension
 13
0.0
 23
-9.55
 33
0.0
 14
0.0
 24
-10.75
 34
0.0
 50
90.0
100
AcDbRotatedDimension
  0
DIMENSION
  5
3C5
330
17
100
AcDbEntity
  8
A-COTA
100
AcDbDimension
280
0
  2
*D22
  3
LAVA-50
 10
-1.2
 20
-4.986
 30
0.0
 11
-1.2675
 21
-6.936
 31
0.0
 70
160
 71
5
  1
<> ala servicio
100
AcDbAlignedDimension
 13
-0.085
 23
-4.986
 33
0.0
 14
0.0
 24
-11.486
 34
0.0
 50
90.0
100
AcDbRotatedDimension
1001
ACAD
1000
DSTYLE
1002
{
1070
279
1070
2
1002
}
  0
DIMENSION
  5
3D4
330
17
100
AcDbEntity
  8
A-COTA
100
AcDbDimension
280
0
  2
*D23
  3
LAVA-50
 10
0.0
 20
-12.08
 30
0.0
 11
1.28
 21
-12.0175
 31
0.0
 70
32
 71
5
  1
<>
100
AcDbAlignedDimension
 13
0.0
 23
-11.616
 33
0.0
 14
2.56
 24
-11.616
 34
0.0
 50
0.0
100
AcDbRotatedDimension
  0
DIMENSION
  5
3E3
330
17
100
AcDbEntity
  8
A-COTA
100
AcDbDimension
280
0
  2
*D24
  3
LAVA-50
 10
2.56
 20
-12.08
 30
0.0
 11
3.01
 21
-12.0175
 31
0.0
 70
32
 71
5
  1
<>
100
AcDbAlignedDimension
 13
2.56
 23
-11.616
 33
0.0
 14
3.46
 24
-11.616
 34
0.0
 50
0.0
100
AcDbRotatedDimension
  0
DIMENSION
  5
3F2
330
17
100
AcDbEntity
  8
A-COTA
100
AcDbDimension
280
0
  2
*D25
  3
LAVA-50
 10
3.46
 20
-12.08
 30
0.0
 11
3.985
 21
-12.0175
 31
0.0
 70
32
 71
5
  1
<>
100
AcDbAlignedDimension
 13
3.46
 23
-11.616
 33
0.0
 14
4.51
 24
-11.616
 34
0.0
 50
0.0
100
AcDbRotatedDimension
  0
DIMENSION
  5
401
330
17
100
AcDbEntity
  8
A-COTA
100
AcDbDimension
280
0
  2
*D26
  3
LAVA-50
 10
0.0
 20
-12.42
 30
0.0
 11
2.255
 21
-12.3575
 31
0.0
 70
32
 71
5
  1
<> ancho ala
100
AcDbAlignedDimension
 13
0.0
 23
-11.616
 33
0.0
 14
4.51
 24
-11.636
 34
0.0
 50
0.0
100
AcDbRotatedDimension
  0
DIMENSION
  5
410
330
17
100
AcDbEntity
  8
A-COTA
100
AcDbDimension
280
0
  2
*D27
  3
LAVA-50
 10
2.275
 20
-0.4
 30
0.0
 11
2.517
 21
-0.3325
 31
0.0
 70
160
 71
5
  1
<>
100
AcDbAlignedDimension
 13
2.275
 23
-0.4
 33
0.0
 14
3.375
 24
-0.4
 34
0.0
 50
0.0
100
AcDbRotatedDimension
1001
ACAD
1000
DSTYLE
1002
{
1070
279
1070
2
1002
}
  0
DIMENSION
  5
41F
330
17
100
AcDbEntity
  8
A-COTA
100
AcDbDimension
280
0
  2
*D28
  3
LAVA-50
 10
0.665
 20
-1.25
 30
0.0
 11
2.02
 21
-1.1875
 31
0.0
 70
32
 71
5
  1
<> libre
100
AcDbAlignedDimension
 13
0.665
 23
-1.25
 33
0.0
 14
3.375
 24
-1.25
 34
0.0
 50
0.0
100
AcDbRotatedDimension
  0
DIMENSION
  5
42E
330
17
100
AcDbEntity
  8
A-COTA
100
AcDbDimension
280
0
  2
*D29
  3
LAVA-50
 10
2.16
 20
-6.2
 30
0.0
 11
2.7350000000000003
 21
-6.1375
 31
0.0
 70
32
 71
5
  1
<>
100
AcDbAlignedDimension
 13
2.16
 23
-6.2
 33
0.0
 14
3.31
 24
-6.2
 34
0.0
 50
0.0
100
AcDbRotatedDimension
  0
DIMENSION
  5
43D
330
17
100
AcDbEntity
  8
A-COTA
100
AcDbDimension
280
0
  2
*D30
  3
LAVA-50
 10
0.365
 20
-6.7
 30
0.0
 11
0.9125
 21
-6.6375
 31
0.0
 70
32
 71
5
  1
1.10
100
AcDbAlignedDimension
 13
0.365
 23
-6.7
 33
0.0
 14
1.46
 24
-6.7
 34
0.0
 50
0.0
100
AcDbRotatedDimension
  0
DIMENSION
  5
44C
330
17
100
AcDbEntity
  8
A-COTA
100
AcDbDimension
280
0
  2
*D31
  3
LAVA-50
 10
0.7
 20
-10.05
 30
0.0
 11
2.255
 21
-9.9875
 31
0.0
 70
32
 71
5
  1
<>
100
AcDbAlignedDimension
 13
0.7
 23
-10.05
 33
0.0
 14
3.81
 24
-10.05
 34
0.0
 50
0.0
100
AcDbRotatedDimension
  0
DIMENSION
  5
45B
330
17
100
AcDbEntity
  8
A-COTA
100
AcDbDimension
280
0
  2
*D32
  3
LAVA-50
 10
3.1
 20
-8.886
 30
0.0
 11
3.1625
 21
-9.835999999999999
 31
0.0
 70
32
 71
5
  1
<>
100
AcDbAlignedDimension
 13
3.1
 23
-8.886
 33
0.0
 14
3.1
 24
-10.786
 34
0.0
 50
90.0
100
AcDbRotatedDimension
  0
DIMENSION
  5
46A
330
17
100
AcDbEntity
  8
A-COTA
100
AcDbDimension
280
0
  2
*D33
  3
LAVA-50
 10
12.3
 20
-1.916
 30
0.0
 11
12.422500000000001
 21
-2.551
 31
0.0
 70
32
 71
5
  1
<> pasillo principal
100
AcDbAlignedDimension
 13
12.3
 23
-1.916
 33
0.0
 14
12.3
 24
-3.186
 34
0.0
 50
90.0
100
AcDbRotatedDimension
  0
DIMENSION
  5
479
330
17
100
AcDbEntity
  8
A-COTA
100
AcDbDimension
280
0
  2
*D34
  3
LAVA-50
 10
4.475
 20
-0.95
 30
0.0
 11
4.9525
 21
-0.8875
 31
0.0
 70
32
 71
5
  1
<>
100
AcDbAlignedDimension
 13
4.475
 23
-0.95
 33
0.0
 14
5.43
 24
-0.95
 34
0.0
 50
0.0
100
AcDbRotatedDimension
  0
DIMENSION
  5
488
330
17
100
AcDbEntity
  8
A-COTA
100
AcDbDimension
280
0
  2
*D35
  3
LAVA-50
 10
8.9
 20
-0.716
 30
0.0
 11
9.055
 21
-0.6535
 31
0.0
 70
32
 71
5
  1
<>
100
AcDbAlignedDimension
 13
8.9
 23
-0.716
 33
0.0
 14
9.21
 24
-0.716
 34
0.0
 50
0.0
100
AcDbRotatedDimension
  0
DIMENSION
  5
497
330
17
100
AcDbEntity
  8
A-COTA
100
AcDbDimension
280
0
  2
*D36
  3
LAVA-50
 10
9.91
 20
-0.716
 30
0.0
 11
10.085
 21
-0.6535
 31
0.0
 70
32
 71
5
  1
<>
100
AcDbAlignedDimension
 13
9.91
 23
-0.716
 33
0.0
 14
10.26
 24
-0.716
 34
0.0
 50
0.0
100
AcDbRotatedDimension
  0
DIMENSION
  5
4A7
330
17
100
AcDbEntity
  8
A-COTA-DEMO
100
AcDbDimension
280
0
  2
*D37
  3
LAVA-50
 10
4.325
 20
0.72
 30
0.0
 11
5.3115000000000006
 21
0.7825
 31
0.0
 70
32
 71
5
  1
<> corrimiento
100
AcDbAlignedDimension
 13
4.325
 23
-0.0
 33
0.0
 14
6.298
 24
-0.0
 34
0.0
 50
0.0
100
AcDbRotatedDimension
  0
DIMENSION
  5
4B6
330
17
100
AcDbEntity
  8
A-COTA-DEMO
100
AcDbDimension
280
0
  2
*D38
  3
LAVA-50
 10
-0.085
 20
1.45
 30
0.0
 11
3.1065
 21
1.5125
 31
0.0
 70
32
 71
5
  1
<> cocina Marna’s
100
AcDbAlignedDimension
 13
-0.085
 23
0.564
 33
0.0
 14
6.298
 24
-0.0
 34
0.0
 50
0.0
100
AcDbRotatedDimension
  0
DIMENSION
  5
4C5
330
17
100
AcDbEntity
  8
A-COTA-DEMO
100
AcDbDimension
280
0
  2
*D39
  3
LAVA-50
 10
6.398
 20
1.45
 30
0.0
 11
11.3415
 21
1.5125
 31
0.0
 70
32
 71
5
  1
<> salón Marna’s
100
AcDbAlignedDimension
 13
6.398
 23
-0.0
 33
0.0
 14
16.285
 24
-0.3
 34
0.0
 50
0.0
100
AcDbRotatedDimension
  0
DIMENSION
  5
4D4
330
17
100
AcDbEntity
  8
A-COTA-DEMO
100
AcDbDimension
280
0
  2
*D40
  3
LAVA-50
 10
2.249
 20
-5.550000000000001
 30
0.0
 11
3.1795
 21
-5.487500000000001
 31
0.0
 70
32
 71
5
  1
<> paso a lavado
100
AcDbAlignedDimension
 13
2.249
 23
-5.086
 33
0.0
 14
4.11
 24
-5.086
 34
0.0
 50
0.0
100
AcDbRotatedDimension
  0
CIRCLE
  5
4E4
330
17
100
AcDbEntity
  8
A-NOTA-CLAVE
420
11753728
100
AcDbCircle
 10
3.07
 20
-3.62
 30
0.0
 40
0.11
  0
TEXT
  5
4E5
330
17
100
AcDbEntity
  8
A-NOTA-CLAVE
420
11753728
100
AcDbText
 10
3.07
 20
-3.62
 30
0.0
 40
0.1
  1
1
  7
LAVA-B
 72
1
 11
3.07
 21
-3.62
 31
0.0
100
AcDbText
 73
2
  0
CIRCLE
  5
4E6
330
17
100
AcDbEntity
  8
A-NOTA-CLAVE
420
7218440
100
AcDbCircle
 10
0.95
 20
-1.65
 30
0.0
 40
0.11
  0
TEXT
  5
4E7
330
17
100
AcDbEntity
  8
A-NOTA-CLAVE
420
7218440
100
AcDbText
 10
0.95
 20
-1.65
 30
0.0
 40
0.1
  1
2
  7
LAVA-B
 72
1
 11
0.95
 21
-1.65
 31
0.0
100
AcDbText
 73
2
  0
CIRCLE
  5
4E8
330
17
100
AcDbEntity
  8
A-NOTA-CLAVE
420
1118481
100
AcDbCircle
 10
4.755000000000001
 20
-3.55
 30
0.0
 40
0.11
  0
TEXT
  5
4E9
330
17
100
AcDbEntity
  8
A-NOTA-CLAVE
420
1118481
100
AcDbText
 10
4.755000000000001
 20
-3.55
 30
0.0
 40
0.1
  1
3
  7
LAVA-B
 72
1
 11
4.755000000000001
 21
-3.55
 31
0.0
100
AcDbText
 73
2
  0
CIRCLE
  5
4EA
330
17
100
AcDbEntity
  8
A-NOTA-CLAVE
420
5584520
100
AcDbCircle
 10
5.05
 20
-2.75
 30
0.0
 40
0.11
  0
TEXT
  5
4EB
330
17
100
AcDbEntity
  8
A-NOTA-CLAVE
420
5584520
100
AcDbText
 10
5.05
 20
-2.75
 30
0.0
 40
0.1
  1
4
  7
LAVA-B
 72
1
 11
5.05
 21
-2.75
 31
0.0
100
AcDbText
 73
2
  0
CIRCLE
  5
4EC
330
17
100
AcDbEntity
  8
A-NOTA-CLAVE
420
9389312
100
AcDbCircle
 10
1.65
 20
-0.98
 30
0.0
 40
0.11
  0
TEXT
  5
4ED
330
17
100
AcDbEntity
  8
A-NOTA-CLAVE
420
9389312
100
AcDbText
 10
1.65
 20
-0.98
 30
0.0
 40
0.1
  1
5
  7
LAVA-B
 72
1
 11
1.65
 21
-0.98
 31
0.0
100
AcDbText
 73
2
  0
CIRCLE
  5
4EE
330
17
100
AcDbEntity
  8
A-NOTA-CLAVE
420
1536890
100
AcDbCircle
 10
2.75
 20
-5.45
 30
0.0
 40
0.11
  0
TEXT
  5
4EF
330
17
100
AcDbEntity
  8
A-NOTA-CLAVE
420
1536890
100
AcDbText
 10
2.75
 20
-5.45
 30
0.0
 40
0.1
  1
6
  7
LAVA-B
 72
1
 11
2.75
 21
-5.45
 31
0.0
100
AcDbText
 73
2
  0
CIRCLE
  5
4F0
330
17
100
AcDbEntity
  8
A-NOTA-CLAVE
420
1725872
100
AcDbCircle
 10
2.3
 20
-10.4
 30
0.0
 40
0.11
  0
TEXT
  5
4F1
330
17
100
AcDbEntity
  8
A-NOTA-CLAVE
420
1725872
100
AcDbText
 10
2.3
 20
-10.4
 30
0.0
 40
0.1
  1
7
  7
LAVA-B
 72
1
 11
2.3
 21
-10.4
 31
0.0
100
AcDbText
 73
2
  0
CIRCLE
  5
4F2
330
17
100
AcDbEntity
  8
A-NOTA-CLAVE
420
11534368
100
AcDbCircle
 10
3.01
 20
-11.3
 30
0.0
 40
0.11
  0
TEXT
  5
4F3
330
17
100
AcDbEntity
  8
A-NOTA-CLAVE
420
11534368
100
AcDbText
 10
3.01
 20
-11.3
 30
0.0
 40
0.1
  1
8
  7
LAVA-B
 72
1
 11
3.01
 21
-11.3
 31
0.0
100
AcDbText
 73
2
  0
CIRCLE
  5
4F4
330
17
100
AcDbEntity
  8
A-NOTA-CLAVE
420
7167752
100
AcDbCircle
 10
15.8
 20
-1.35
 30
0.0
 40
0.11
  0
TEXT
  5
4F5
330
17
100
AcDbEntity
  8
A-NOTA-CLAVE
420
7167752
100
AcDbText
 10
15.8
 20
-1.35
 30
0.0
 40
0.1
  1
9
  7
LAVA-B
 72
1
 11
15.8
 21
-1.35
 31
0.0
100
AcDbText
 73
2
  0
CIRCLE
  5
4F6
330
17
100
AcDbEntity
  8
A-NOTA-CLAVE
420
5592405
100
AcDbCircle
 10
0.45
 20
-0.45
 30
0.0
 40
0.11
  0
TEXT
  5
4F7
330
17
100
AcDbEntity
  8
A-NOTA-CLAVE
420
5592405
100
AcDbText
 10
0.45
 20
-0.45
 30
0.0
 40
0.1
  1
10
  7
LAVA-B
 72
1
 11
0.45
 21
-0.45
 31
0.0
100
AcDbText
 73
2
  0
LINE
  5
4F9
330
17
100
AcDbEntity
  8
S-SEGURIDAD
370
50
100
AcDbLine
 10
15.200000000000001
 20
-2.643
 30
0.0
 11
15.850000000000001
 21
-2.643
 31
0.0
  0
HATCH
  5
4FA
330
17
100
AcDbEntity
  8
S-SEGURIDAD
100
AcDbHatch
 10
0.0
 20
0.0
 30
0.0
210
0.0
220
0.0
230
1.0
  2
SOLID
 70
1
 71
0
 91
1
 92
3
 72
0
 73
1
 93
3
 10
15.850000000000001
 20
-2.643
 10
15.670000000000002
 20
-2.723
 10
15.670000000000002
 20
-2.5629999999999997
 97
0
 75
1
 76
1
 98
0
  0
LWPOLYLINE
  5
4FB
330
17
100
AcDbEntity
  8
S-SEGURIDAD
  6
Continuous
100
AcDbPolyline
 90
3
 70
1
 10
15.850000000000001
 20
-2.643
 10
15.670000000000002
 20
-2.723
 10
15.670000000000002
 20
-2.5629999999999997
  0
LINE
  5
4FC
330
17
100
AcDbEntity
  8
S-SEGURIDAD
  6
LAVA_COND
370
50
100
AcDbLine
 10
3.01
 20
-10.450000000000001
 30
0.0
 11
3.01
 21
-11.100000000000001
 31
0.0
  0
HATCH
  5
4FD
330
17
100
AcDbEntity
  8
S-SEGURIDAD
100
AcDbHatch
 10
0.0
 20
0.0
 30
0.0
210
0.0
220
0.0
230
1.0
  2
SOLID
 70
1
 71
0
 91
1
 92
3
 72
0
 73
1
 93
3
 10
3.01
 20
-11.100000000000001
 10
2.9299999999999997
 20
-10.920000000000002
 10
3.09
 20
-10.920000000000002
 97
0
 75
1
 76
1
 98
0
  0
LWPOLYLINE
  5
4FE
330
17
100
AcDbEntity
  8
S-SEGURIDAD
  6
Continuous
100
AcDbPolyline
 90
3
 70
1
 10
3.01
 20
-11.100000000000001
 10
2.9299999999999997
 20
-10.920000000000002
 10
3.09
 20
-10.920000000000002
  0
INSERT
  5
4FF
330
17
100
AcDbEntity
  8
S-SEGURIDAD
100
AcDbBlockReference
  2
LAVA-SALIDA
 10
16.15
 20
-2.643
 30
0.0
  0
HATCH
  5
501
330
17
100
AcDbEntity
  8
S-SEGURIDAD
100
AcDbHatch
 10
0.0
 20
0.0
 30
0.0
210
0.0
220
0.0
230
1.0
  2
SOLID
 70
1
 71
0
 91
1
 92
3
 72
0
 73
1
 93
3
 10
16.47
 20
-2.643
 10
16.34
 20
-2.703
 10
16.34
 20
-2.5829999999999997
 97
0
 75
1
 76
1
 98
0
  0
LWPOLYLINE
  5
502
330
17
100
AcDbEntity
  8
S-SEGURIDAD
  6
Continuous
100
AcDbPolyline
 90
3
 70
1
 10
16.47
 20
-2.643
 10
16.34
 20
-2.703
 10
16.34
 20
-2.5829999999999997
  0
INSERT
  5
503
330
17
100
AcDbEntity
  8
S-SEGURIDAD
100
AcDbBlockReference
  2
LAVA-SALIDA
 10
6.9
 20
-2.75
 30
0.0
  0
HATCH
  5
505
330
17
100
AcDbEntity
  8
S-SEGURIDAD
100
AcDbHatch
 10
0.0
 20
0.0
 30
0.0
210
0.0
220
0.0
230
1.0
  2
SOLID
 70
1
 71
0
 91
1
 92
3
 72
0
 73
1
 93
3
 10
7.220000000000001
 20
-2.75
 10
7.090000000000001
 20
-2.81
 10
7.090000000000001
 20
-2.69
 97
0
 75
1
 76
1
 98
0
  0
LWPOLYLINE
  5
506
330
17
100
AcDbEntity
  8
S-SEGURIDAD
  6
Continuous
100
AcDbPolyline
 90
3
 70
1
 10
7.220000000000001
 20
-2.75
 10
7.090000000000001
 20
-2.81
 10
7.090000000000001
 20
-2.69
  0
INSERT
  5
507
330
17
100
AcDbEntity
  8
S-SEGURIDAD
100
AcDbBlockReference
  2
LAVA-SALIDA
 10
4.2
 20
-4.48
 30
0.0
  0
HATCH
  5
509
330
17
100
AcDbEntity
  8
S-SEGURIDAD
100
AcDbHatch
 10
0.0
 20
0.0
 30
0.0
210
0.0
220
0.0
230
1.0
  2
SOLID
 70
1
 71
0
 91
1
 92
3
 72
0
 73
1
 93
3
 10
4.5200000000000005
 20
-4.48
 10
4.390000000000001
 20
-4.54
 10
4.390000000000001
 20
-4.420000000000001
 97
0
 75
1
 76
1
 98
0
  0
LWPOLYLINE
  5
50A
330
17
100
AcDbEntity
  8
S-SEGURIDAD
  6
Continuous
100
AcDbPolyline
 90
3
 70
1
 10
4.5200000000000005
 20
-4.48
 10
4.390000000000001
 20
-4.54
 10
4.390000000000001
 20
-4.420000000000001
  0
INSERT
  5
50B
330
17
100
AcDbEntity
  8
S-SEGURIDAD
100
AcDbBlockReference
  2
LAVA-SALIDA
 10
0.9
 20
-5.15
 30
0.0
  0
HATCH
  5
50D
330
17
100
AcDbEntity
  8
S-SEGURIDAD
100
AcDbHatch
 10
0.0
 20
0.0
 30
0.0
210
0.0
220
0.0
230
1.0
  2
SOLID
 70
1
 71
0
 91
1
 92
3
 72
0
 73
1
 93
3
 10
0.9
 20
-4.945
 10
0.96
 20
-5.075
 10
0.8400000000000001
 20
-5.075
 97
0
 75
1
 76
1
 98
0
  0
LWPOLYLINE
  5
50E
330
17
100
AcDbEntity
  8
S-SEGURIDAD
  6
Continuous
100
AcDbPolyline
 90
3
 70
1
 10
0.9
 20
-4.945
 10
0.96
 20
-5.075
 10
0.8400000000000001
 20
-5.075
  0
INSERT
  5
50F
330
17
100
AcDbEntity
  8
S-SEGURIDAD
100
AcDbBlockReference
  2
LAVA-SALIDA
 10
1.0
 20
-8.95
 30
0.0
  0
HATCH
  5
511
330
17
100
AcDbEntity
  8
S-SEGURIDAD
100
AcDbHatch
 10
0.0
 20
0.0
 30
0.0
210
0.0
220
0.0
230
1.0
  2
SOLID
 70
1
 71
0
 91
1
 92
3
 72
0
 73
1
 93
3
 10
1.0
 20
-8.745
 10
1.06
 20
-8.875
 10
0.94
 20
-8.875
 97
0
 75
1
 76
1
 98
0
  0
LWPOLYLINE
  5
512
330
17
100
AcDbEntity
  8
S-SEGURIDAD
  6
Continuous
100
AcDbPolyline
 90
3
 70
1
 10
1.0
 20
-8.745
 10
1.06
 20
-8.875
 10
0.94
 20
-8.875
  0
INSERT
  5
513
330
17
100
AcDbEntity
  8
S-SEGURIDAD
100
AcDbBlockReference
  2
LAVA-SALIDA
 10
2.7
 20
-7.4
 30
0.0
  0
HATCH
  5
515
330
17
100
AcDbEntity
  8
S-SEGURIDAD
100
AcDbHatch
 10
0.0
 20
0.0
 30
0.0
210
0.0
220
0.0
230
1.0
  2
SOLID
 70
1
 71
0
 91
1
 92
3
 72
0
 73
1
 93
3
 10
2.7
 20
-7.195
 10
2.7600000000000002
 20
-7.325
 10
2.64
 20
-7.325
 97
0
 75
1
 76
1
 98
0
  0
LWPOLYLINE
  5
516
330
17
100
AcDbEntity
  8
S-SEGURIDAD
  6
Continuous
100
AcDbPolyline
 90
3
 70
1
 10
2.7
 20
-7.195
 10
2.7600000000000002
 20
-7.325
 10
2.64
 20
-7.325
  0
INSERT
  5
517
330
17
100
AcDbEntity
  8
S-SEGURIDAD
100
AcDbBlockReference
 66
1
  2
LAVA-DETECTOR
 10
2.6
 20
-1.9
 30
0.0
  0
ATTRIB
  5
519
330
17
100
AcDbEntity
  8
S-SEGURIDAD
100
AcDbText
 10
2.6
 20
-1.9
 30
0.0
 40
0.05
  1
DT
  7
LAVA-B
 72
1
 11
2.6
 21
-1.9
 31
0.0
100
AcDbAttribute
  2
TIPO
 70
0
 74
2
 71
1
 72
0
 11
2.6
 21
-1.9
 31
0.0
  0
SEQEND
  5
518
330
517
100
AcDbEntity
  8
S-SEGURIDAD
  0
INSERT
  5
51A
330
17
100
AcDbEntity
  8
S-SEGURIDAD
100
AcDbBlockReference
 66
1
  2
LAVA-DETECTOR
 10
0.6
 20
-6.2
 30
0.0
  0
ATTRIB
  5
51C
330
17
100
AcDbEntity
  8
S-SEGURIDAD
100
AcDbText
 10
0.6
 20
-6.2
 30
0.0
 40
0.05
  1
DH
  7
LAVA-B
 72
1
 11
0.6
 21
-6.2
 31
0.0
100
AcDbAttribute
  2
TIPO
 70
0
 74
2
 71
1
 72
0
 11
0.6
 21
-6.2
 31
0.0
  0
SEQEND
  5
51B
330
51A
100
AcDbEntity
  8
S-SEGURIDAD
  0
INSERT
  5
51D
330
17
100
AcDbEntity
  8
S-SEGURIDAD
100
AcDbBlockReference
 66
1
  2
LAVA-DETECTOR
 10
2.4
 20
-9.8
 30
0.0
  0
ATTRIB
  5
51F
330
17
100
AcDbEntity
  8
S-SEGURIDAD
100
AcDbText
 10
2.4
 20
-9.8
 30
0.0
 40
0.05
  1
DH
  7
LAVA-B
 72
1
 11
2.4
 21
-9.8
 31
0.0
100
AcDbAttribute
  2
TIPO
 70
0
 74
2
 71
1
 72
0
 11
2.4
 21
-9.8
 31
0.0
  0
SEQEND
  5
51E
330
51D
100
AcDbEntity
  8
S-SEGURIDAD
  0
INSERT
  5
520
330
17
100
AcDbEntity
  8
S-SEGURIDAD
100
AcDbBlockReference
 66
1
  2
LAVA-DETECTOR
 10
9.8
 20
-2.0
 30
0.0
  0
ATTRIB
  5
522
330
17
100
AcDbEntity
  8
S-SEGURIDAD
100
AcDbText
 10
9.8
 20
-2.0
 30
0.0
 40
0.05
  1
DH
  7
LAVA-B
 72
1
 11
9.8
 21
-2.0
 31
0.0
100
AcDbAttribute
  2
TIPO
 70
0
 74
2
 71
1
 72
0
 11
9.8
 21
-2.0
 31
0.0
  0
SEQEND
  5
521
330
520
100
AcDbEntity
  8
S-SEGURIDAD
  0
INSERT
  5
523
330
17
100
AcDbEntity
  8
S-SEGURIDAD
100
AcDbBlockReference
 66
1
  2
LAVA-DETECTOR
 10
13.2
 20
-3.1
 30
0.0
  0
ATTRIB
  5
525
330
17
100
AcDbEntity
  8
S-SEGURIDAD
100
AcDbText
 10
13.2
 20
-3.1
 30
0.0
 40
0.05
  1
DH
  7
LAVA-B
 72
1
 11
13.2
 21
-3.1
 31
0.0
100
AcDbAttribute
  2
TIPO
 70
0
 74
2
 71
1
 72
0
 11
13.2
 21
-3.1
 31
0.0
  0
SEQEND
  5
524
330
523
100
AcDbEntity
  8
S-SEGURIDAD
  0
INSERT
  5
526
330
17
100
AcDbEntity
  8
S-SEGURIDAD
100
AcDbBlockReference
  2
LAVA-LUZ-EMERG
 10
2.4
 20
-2.4
 30
0.0
  0
INSERT
  5
528
330
17
100
AcDbEntity
  8
S-SEGURIDAD
100
AcDbBlockReference
  2
LAVA-LUZ-EMERG
 10
0.9
 20
-4.4
 30
0.0
  0
INSERT
  5
52A
330
17
100
AcDbEntity
  8
S-SEGURIDAD
100
AcDbBlockReference
  2
LAVA-LUZ-EMERG
 10
0.9
 20
-7.0
 30
0.0
  0
INSERT
  5
52C
330
17
100
AcDbEntity
  8
S-SEGURIDAD
100
AcDbBlockReference
  2
LAVA-LUZ-EMERG
 10
2.7
 20
-6.6
 30
0.0
  0
LINE
  5
52E
330
17
100
AcDbEntity
  8
S-SEGURIDAD
  6
LAVA_FINO
370
9
100
AcDbLine
 10
2.2
 20
-10.0
 30
0.0
 11
2.2
 21
-10.2
 31
0.0
  0
INSERT
  5
52F
330
17
100
AcDbEntity
  8
S-SEGURIDAD
100
AcDbBlockReference
  2
LAVA-LUZ-EMERG
 10
2.2
 20
-10.2
 30
0.0
  0
LINE
  5
531
330
17
100
AcDbEntity
  8
S-SEGURIDAD
  6
LAVA_FINO
370
9
100
AcDbLine
 10
5.0
 20
-3.6
 30
0.0
 11
5.25
 21
-3.6
 31
0.0
  0
INSERT
  5
532
330
17
100
AcDbEntity
  8
S-SEGURIDAD
100
AcDbBlockReference
  2
LAVA-LUZ-EMERG
 10
5.25
 20
-3.6
 30
0.0
  0
INSERT
  5
534
330
17
100
AcDbEntity
  8
S-SEGURIDAD
100
AcDbBlockReference
  2
LAVA-LUZ-EMERG
 10
8.6
 20
-2.55
 30
0.0
  0
LINE
  5
536
330
17
100
AcDbEntity
  8
S-SEGURIDAD
  6
LAVA_FINO
370
9
100
AcDbLine
 10
12.4
 20
-2.55
 30
0.0
 11
12.65
 21
-2.55
 31
0.0
  0
INSERT
  5
537
330
17
100
AcDbEntity
  8
S-SEGURIDAD
100
AcDbBlockReference
  2
LAVA-LUZ-EMERG
 10
12.65
 20
-2.55
 30
0.0
  0
LINE
  5
539
330
17
100
AcDbEntity
  8
S-SEGURIDAD
  6
LAVA_FINO
370
9
100
AcDbLine
 10
15.6
 20
-2.55
 30
0.0
 11
15.6
 21
-2.3499999999999996
 31
0.0
  0
INSERT
  5
53A
330
17
100
AcDbEntity
  8
S-SEGURIDAD
100
AcDbBlockReference
  2
LAVA-LUZ-EMERG
 10
15.6
 20
-2.3499999999999996
 30
0.0
  0
INSERT
  5
53C
330
17
100
AcDbEntity
  8
S-SEGURIDAD
100
AcDbBlockReference
 66
1
  2
LAVA-EXTINTOR
 10
1.6
 20
-4.95
 30
0.0
  0
ATTRIB
  5
53E
330
17
100
AcDbEntity
  8
S-SEGURIDAD
100
AcDbText
 10
1.6
 20
-4.94
 30
0.0
 40
0.055
  1
K
  7
LAVA-B
 72
1
 11
1.6
 21
-4.94
 31
0.0
100
AcDbAttribute
  2
CLASE
 70
0
 74
2
 71
1
 72
0
 11
1.6
 21
-4.94
 31
0.0
  0
SEQEND
  5
53D
330
53C
100
AcDbEntity
  8
S-SEGURIDAD
  0
INSERT
  5
53F
330
17
100
AcDbEntity
  8
S-SEGURIDAD
100
AcDbBlockReference
 66
1
  2
LAVA-EXTINTOR
 10
-0.04
 20
-4.7
 30
0.0
  0
ATTRIB
  5
541
330
17
100
AcDbEntity
  8
S-SEGURIDAD
100
AcDbText
 10
-0.04
 20
-4.69
 30
0.0
 40
0.055
  1
K
  7
LAVA-B
 72
1
 11
-0.04
 21
-4.69
 31
0.0
100
AcDbAttribute
  2
CLASE
 70
0
 74
2
 71
1
 72
0
 11
-0.04
 21
-4.69
 31
0.0
  0
SEQEND
  5
540
330
53F
100
AcDbEntity
  8
S-SEGURIDAD
  0
INSERT
  5
542
330
17
100
AcDbEntity
  8
S-SEGURIDAD
100
AcDbBlockReference
 66
1
  2
LAVA-EXTINTOR
 10
2.45
 20
-0.13
 30
0.0
  0
ATTRIB
  5
544
330
17
100
AcDbEntity
  8
S-SEGURIDAD
100
AcDbText
 10
2.45
 20
-0.12000000000000001
 30
0.0
 40
0.055
  1
ABC
  7
LAVA-B
 72
1
 11
2.45
 21
-0.12000000000000001
 31
0.0
100
AcDbAttribute
  2
CLASE
 70
0
 74
2
 71
1
 72
0
 11
2.45
 21
-0.12000000000000001
 31
0.0
  0
SEQEND
  5
543
330
542
100
AcDbEntity
  8
S-SEGURIDAD
  0
INSERT
  5
545
330
17
100
AcDbEntity
  8
S-SEGURIDAD
100
AcDbBlockReference
 66
1
  2
LAVA-EXTINTOR
 10
15.8
 20
-4.95
 30
0.0
  0
ATTRIB
  5
547
330
17
100
AcDbEntity
  8
S-SEGURIDAD
100
AcDbText
 10
15.8
 20
-4.94
 30
0.0
 40
0.055
  1
ABC
  7
LAVA-B
 72
1
 11
15.8
 21
-4.94
 31
0.0
100
AcDbAttribute
  2
CLASE
 70
0
 74
2
 71
1
 72
0
 11
15.8
 21
-4.94
 31
0.0
  0
SEQEND
  5
546
330
545
100
AcDbEntity
  8
S-SEGURIDAD
  0
INSERT
  5
548
330
17
100
AcDbEntity
  8
S-SEGURIDAD
100
AcDbBlockReference
 66
1
  2
LAVA-EXTINTOR
 10
0.35
 20
-8.5
 30
0.0
  0
ATTRIB
  5
54A
330
17
100
AcDbEntity
  8
S-SEGURIDAD
100
AcDbText
 10
0.35
 20
-8.49
 30
0.0
 40
0.055
  1
ABC
  7
LAVA-B
 72
1
 11
0.35
 21
-8.49
 31
0.0
100
AcDbAttribute
  2
CLASE
 70
0
 74
2
 71
1
 72
0
 11
0.35
 21
-8.49
 31
0.0
  0
SEQEND
  5
549
330
548
100
AcDbEntity
  8
S-SEGURIDAD
  0
INSERT
  5
54B
330
17
100
AcDbEntity
  8
S-SEGURIDAD
100
AcDbBlockReference
  2
LAVA-PULSADOR
 10
4.525
 20
-3.85
 30
0.0
  0
LWPOLYLINE
  5
54D
330
17
100
AcDbEntity
  8
S-SEGURIDAD
  6
LAVA_FINO
370
9
100
AcDbPolyline
 90
4
 70
1
 10
15.33
 20
-1.62
 10
16.285
 20
-1.62
 10
16.285
 20
-3.67
 10
15.33
 20
-3.67
  0
LWPOLYLINE
  5
54F
330
17
100
AcDbEntity
  8
M-GAS
100
AcDbPolyline
 90
5
 70
0
 10
3.0
 20
0.15
 10
3.0
 20
-0.0
 10
2.9
 20
-0.2
 10
4.25
 20
-0.2
 10
4.25
 20
-2.016
  0
LINE
  5
550
330
17
100
AcDbEntity
  8
M-GAS
  6
Continuous
100
AcDbLine
 10
4.25
 20
-2.016
 30
0.0
 11
4.175
 21
-2.016
 31
0.0
  0
CIRCLE
  5
551
330
17
100
AcDbEntity
  8
M-GAS
  6
Continuous
100
AcDbCircle
 10
4.175
 20
-2.016
 30
0.0
 40
0.025
  0
LINE
  5
552
330
17
100
AcDbEntity
  8
M-GAS
  6
Continuous
100
AcDbLine
 10
4.25
 20
-1.266
 30
0.0
 11
4.175
 21
-1.266
 31
0.0
  0
CIRCLE
  5
553
330
17
100
AcDbEntity
  8
M-GAS
  6
Continuous
100
AcDbCircle
 10
4.175
 20
-1.266
 30
0.0
 40
0.025
  0
LINE
  5
554
330
17
100
AcDbEntity
  8
M-GAS
  6
Continuous
100
AcDbLine
 10
4.25
 20
-0.716
 30
0.0
 11
4.175
 21
-0.716
 31
0.0
  0
CIRCLE
  5
555
330
17
100
AcDbEntity
  8
M-GAS
  6
Continuous
100
AcDbCircle
 10
4.175
 20
-0.716
 30
0.0
 40
0.025
  0
LINE
  5
556
330
17
100
AcDbEntity
  8
M-GAS
  6
Continuous
100
AcDbLine
 10
4.25
 20
-0.316
 30
0.0
 11
4.175
 21
-0.316
 31
0.0
  0
CIRCLE
  5
557
330
17
100
AcDbEntity
  8
M-GAS
  6
Continuous
100
AcDbCircle
 10
4.175
 20
-0.316
 30
0.0
 40
0.025
  0
INSERT
  5
558
330
17
100
AcDbEntity
  8
M-GAS
100
AcDbBlockReference
  2
LAVA-VALVULA
 10
3.0
 20
0.15
 30
0.0
  0
INSERT
  5
55A
330
17
100
AcDbEntity
  8
M-GAS
100
AcDbBlockReference
  2
LAVA-SOLENOIDE
 10
2.9
 20
-0.2
 30
0.0
  0
CIRCLE
  5
55C
330
17
100
AcDbEntity
  8
M-GAS
  6
Continuous
100
AcDbCircle
 10
3.0
 20
-0.0
 30
0.0
 40
0.04
  0
LWPOLYLINE
  5
55E
330
17
100
AcDbEntity
  8
M-EXTRACCION
100
AcDbPolyline
 90
2
 70
0
 10
3.95
 20
-0.67
 10
4.3
 20
-0.67
  0
CIRCLE
  5
55F
330
17
100
AcDbEntity
  8
M-EXTRACCION
100
AcDbCircle
 10
3.95
 20
-0.67
 30
0.0
 40
0.05
  0
INSERT
  5
560
330
17
100
AcDbEntity
  8
M-EXTRACCION
100
AcDbBlockReference
  2
LAVA-DUCTO-V
 10
4.3
 20
-0.67
 30
0.0
  0
INSERT
  5
562
330
17
100
AcDbEntity
  8
M-EXTRACCION
100
AcDbBlockReference
  2
LAVA-DUCTO-V
 10
3.8
 20
-3.2
 30
0.0
  0
INSERT
  5
564
330
17
100
AcDbEntity
  8
M-EXTRACCION
100
AcDbBlockReference
  2
LAVA-DUCTO-V
 10
0.29
 20
-1.7
 30
0.0
  0
LWPOLYLINE
  5
566
330
17
100
AcDbEntity
  8
M-EXTRACCION
  6
LAVA_FINO
100
AcDbPolyline
 90
4
 70
1
 10
4.096
 20
-0.469
 10
4.496
 20
-0.469
 10
4.496
 20
-0.869
 10
4.096
 20
-0.869
  0
LINE
  5
567
330
17
100
AcDbEntity
  8
M-EXTRACCION
  6
LAVA_FINO
370
9
100
AcDbLine
 10
4.096
 20
-0.469
 30
0.0
 11
4.496
 21
-0.869
 31
0.0
  0
LINE
  5
568
330
17
100
AcDbEntity
  8
M-EXTRACCION
  6
LAVA_FINO
370
9
100
AcDbLine
 10
4.096
 20
-0.869
 30
0.0
 11
4.496
 21
-0.469
 31
0.0
  0
INSERT
  5
56A
330
17
100
AcDbEntity
  8
M-AIRE
100
AcDbBlockReference
  2
LAVA-DIFUSOR
 10
2.4
 20
-1.6
 30
0.0
  0
INSERT
  5
56C
330
17
100
AcDbEntity
  8
M-AIRE
100
AcDbBlockReference
  2
LAVA-DIFUSOR
 10
2.4
 20
-3.0
 30
0.0
  0
INSERT
  5
56E
330
17
100
AcDbEntity
  8
M-AIRE
100
AcDbBlockReference
  2
LAVA-DUCTO-V
 10
2.4
 20
-1.116
 30
0.0
  0
LINE
  5
570
330
17
100
AcDbEntity
  8
M-AIRE
  6
LAVA_FINO
370
9
100
AcDbLine
 10
2.4
 20
-1.116
 30
0.0
 11
2.4
 21
-1.6
 31
0.0
  0
LINE
  5
571
330
17
100
AcDbEntity
  8
M-AIRE
  6
LAVA_FINO
370
9
100
AcDbLine
 10
2.4
 20
-1.6
 30
0.0
 11
2.4
 21
-3.0
 31
0.0
  0
LWPOLYLINE
  5
573
330
17
100
AcDbEntity
  8
E-TABLERO
100
AcDbPolyline
 90
4
 70
1
 10
6.25
 20
-0.116
 10
6.85
 20
-0.116
 10
6.85
 20
-0.26
 10
6.25
 20
-0.26
  0
HATCH
  5
574
330
17
100
AcDbEntity
  8
E-TABLERO
100
AcDbHatch
 10
0.0
 20
0.0
 30
0.0
210
0.0
220
0.0
230
1.0
  2
SOLID
 70
1
 71
0
 91
1
 92
3
 72
0
 73
1
 93
3
 10
6.25
 20
-0.116
 10
6.85
 20
-0.116
 10
6.85
 20
-0.26
 97
0
 75
1
 76
1
 98
0
  0
LWPOLYLINE
  5
575
330
17
100
AcDbEntity
  8
E-TABLERO
  6
LAVA_FINO
370
9
100
AcDbPolyline
 90
4
 70
1
 10
6.25
 20
-0.26
 10
7.27
 20
-0.26
 10
7.27
 20
-1.16
 10
6.25
 20
-1.16
  0
LWPOLYLINE
  5
576
330
17
100
AcDbEntity
  8
E-TABLERO
100
AcDbPolyline
 90
4
 70
1
 10
6.87
 20
-0.116
 10
7.27
 20
-0.116
 10
7.27
 20
-0.26
 10
6.87
 20
-0.26
  0
LWPOLYLINE
  5
577
330
17
100
AcDbEntity
  8
P-SANITARIO
  6
LAVA_FINO
370
13
100
AcDbPolyline
 90
4
 70
1
 10
3.47
 20
-5.13
 10
4.09
 20
-5.13
 10
4.09
 20
-6.42
 10
3.47
 20
-6.42
  0
LWPOLYLINE
  5
578
330
17
100
AcDbEntity
  8
P-SANITARIO
  6
LAVA_FINO
370
13
100
AcDbPolyline
 90
4
 70
1
 10
3.88
 20
-6.45
 10
4.49
 20
-6.45
 10
4.49
 20
-7.55
 10
3.88
 20
-7.55
  0
LWPOLYLINE
  5
579
330
17
100
AcDbEntity
  8
P-SANITARIO
  6
LAVA_FINO
370
13
100
AcDbPolyline
 90
4
 70
1
 10
3.91
 20
-7.94
 10
4.51
 20
-7.94
 10
4.51
 20
-8.44
 10
3.91
 20
-8.44
  0
LWPOLYLINE
  5
57A
330
17
100
AcDbEntity
  8
P-SANITARIO
  6
LAVA_FINO
370
13
100
AcDbPolyline
 90
4
 70
1
 10
1.72
 20
-6.47
 10
2.17
 20
-6.47
 10
2.17
 20
-6.92
 10
1.72
 20
-6.92
  0
LWPOLYLINE
  5
57B
330
17
100
AcDbEntity
  8
P-SANITARIO
  6
LAVA_FINO
370
13
100
AcDbPolyline
 90
4
 70
1
 10
5.7
 20
-1.78
 10
6.27
 20
-1.78
 10
6.27
 20
-2.28
 10
5.7
 20
-2.28
  0
LWPOLYLINE
  5
57C
330
17
100
AcDbEntity
  8
P-SANITARIO
  6
LAVA_FINO
370
13
100
AcDbPolyline
 90
4
 70
1
 10
6.51
 20
-2.2
 10
6.97
 20
-2.2
 10
6.97
 20
-2.64
 10
6.51
 20
-2.64
  0
INSERT
  5
57D
330
17
100
AcDbEntity
  8
P-SANITARIO
100
AcDbBlockReference
  2
LAVA-DESAGUE
 10
2.045
 20
-2.85
 30
0.0
  0
INSERT
  5
57F
330
17
100
AcDbEntity
  8
P-SANITARIO
100
AcDbBlockReference
  2
LAVA-DESAGUE
 10
2.685
 20
-7.41
 30
0.0
  0
INSERT
  5
581
330
17
100
AcDbEntity
  8
P-SANITARIO
100
AcDbBlockReference
  2
LAVA-DESAGUE
 10
2.828
 20
-9.867
 30
0.0
  0
CIRCLE
  5
583
330
17
100
AcDbEntity
  8
P-SANITARIO
  6
LAVA_FINO
100
AcDbCircle
 10
4.23
 20
-8.186
 30
0.0
 40
0.12
  0
CIRCLE
  5
584
330
17
100
AcDbEntity
  8
P-SANITARIO
  6
LAVA_FINO
100
AcDbCircle
 10
5.91
 20
-0.64
 30
0.0
 40
0.12
  0
LWPOLYLINE
  5
586
330
17
100
AcDbEntity
  8
S-EGRESO
100
AcDbPolyline
 90
10
 70
0
 10
3.54
 20
-11.191
 10
1.34
 20
-8.941
 10
1.19
 20
-8.491
 10
1.19
 20
-7.891
 10
1.44
 20
-7.691
 10
2.34
 20
-7.191
 10
3.14
 20
-4.941
 10
6.09
 20
-3.391
 10
6.64
 20
-2.891
 10
16.3
 20
-2.891
  0
HATCH
  5
587
330
17
100
AcDbEntity
  8
S-EGRESO
100
AcDbHatch
 10
0.0
 20
0.0
 30
0.0
210
0.0
220
0.0
230
1.0
  2
SOLID
 70
1
 71
0
 91
1
 92
3
 72
0
 73
1
 93
3
 10
16.3
 20
-2.891
 10
16.14
 20
-2.951
 10
16.14
 20
-2.831
 97
0
 75
1
 76
1
 98
0
  0
LWPOLYLINE
  5
588
330
17
100
AcDbEntity
  8
S-EGRESO
  6
Continuous
100
AcDbPolyline
 90
3
 70
1
 10
16.3
 20
-2.891
 10
16.14
 20
-2.951
 10
16.14
 20
-2.831
  0
CIRCLE
  5
589
330
17
100
AcDbEntity
  8
S-EGRESO
  6
Continuous
100
AcDbCircle
 10
3.54
 20
-11.191
 30
0.0
 40
0.035
  0
LWPOLYLINE
  5
58A
330
17
100
AcDbEntity
  8
S-EGRESO
100
AcDbPolyline
 90
7
 70
0
 10
1.84
 20
-8.141
 10
1.89
 20
-7.891
 10
2.59
 20
-6.741
 10
3.09
 20
-4.991
 10
6.14
 20
-3.341
 10
6.54
 20
-2.941
 10
16.3
 20
-2.891
  0
CIRCLE
  5
58B
330
17
100
AcDbEntity
  8
S-EGRESO
  6
Continuous
100
AcDbCircle
 10
1.84
 20
-8.141
 30
0.0
 40
0.035
  0
LWPOLYLINE
  5
58C
330
17
100
AcDbEntity
  8
S-EGRESO
100
AcDbPolyline
 90
5
 70
0
 10
0.965
 20
-1.7
 10
3.29
 20
-4.191
 10
4.49
 20
-4.241
 10
6.64
 20
-2.891
 10
16.3
 20
-2.891
  0
CIRCLE
  5
58D
330
17
100
AcDbEntity
  8
S-EGRESO
  6
Continuous
100
AcDbCircle
 10
0.965
 20
-1.7
 30
0.0
 40
0.035
  0
LWPOLYLINE
  5
58E
330
17
100
AcDbEntity
  8
S-EGRESO
100
AcDbPolyline
 90
6
 70
0
 10
2.69
 20
-0.391
 10
3.14
 20
-4.041
 10
3.34
 20
-4.241
 10
4.54
 20
-4.241
 10
6.69
 20
-2.891
 10
16.3
 20
-2.891
  0
CIRCLE
  5
58F
330
17
100
AcDbEntity
  8
S-EGRESO
  6
Continuous
100
AcDbCircle
 10
2.69
 20
-0.391
 30
0.0
 40
0.035
  0
LWPOLYLINE
  5
590
330
17
100
AcDbEntity
  8
S-EGRESO
100
AcDbPolyline
 90
6
 70
0
 10
6.946
 20
-4.711
 10
6.29
 20
-4.191
 10
6.29
 20
-3.591
 10
6.44
 20
-3.041
 10
6.69
 20
-2.891
 10
16.3
 20
-2.891
  0
CIRCLE
  5
591
330
17
100
AcDbEntity
  8
S-EGRESO
  6
Continuous
100
AcDbCircle
 10
6.946
 20
-4.711
 30
0.0
 40
0.035
  0
LWPOLYLINE
  5
592
330
17
100
AcDbEntity
  8
S-EGRESO
100
AcDbPolyline
 90
4
 70
0
 10
5.14
 20
-0.391
 10
5.14
 20
-2.391
 10
5.39
 20
-2.641
 10
16.3
 20
-2.641
  0
HATCH
  5
593
330
17
100
AcDbEntity
  8
S-EGRESO
100
AcDbHatch
 10
0.0
 20
0.0
 30
0.0
210
0.0
220
0.0
230
1.0
  2
SOLID
 70
1
 71
0
 91
1
 92
3
 72
0
 73
1
 93
3
 10
16.3
 20
-2.641
 10
16.14
 20
-2.701
 10
16.14
 20
-2.581
 97
0
 75
1
 76
1
 98
0
  0
LWPOLYLINE
  5
594
330
17
100
AcDbEntity
  8
S-EGRESO
  6
Continuous
100
AcDbPolyline
 90
3
 70
1
 10
16.3
 20
-2.641
 10
16.14
 20
-2.701
 10
16.14
 20
-2.581
  0
CIRCLE
  5
595
330
17
100
AcDbEntity
  8
S-EGRESO
  6
Continuous
100
AcDbCircle
 10
5.14
 20
-0.391
 30
0.0
 40
0.035
  0
LWPOLYLINE
  5
596
330
17
100
AcDbEntity
  8
S-EGRESO
100
AcDbPolyline
 90
3
 70
0
 10
15.825
 20
-1.3
 10
16.14
 20
-1.891
 10
16.3
 20
-1.931
  0
HATCH
  5
597
330
17
100
AcDbEntity
  8
S-EGRESO
100
AcDbHatch
 10
0.0
 20
0.0
 30
0.0
210
0.0
220
0.0
230
1.0
  2
SOLID
 70
1
 71
0
 91
1
 92
3
 72
0
 73
1
 93
3
 10
16.3
 20
-1.931
 10
16.13022506247457
 20
-1.9504028500029067
 10
16.159329337478926
 20
-1.8339857499854668
 97
0
 75
1
 76
1
 98
0
  0
LWPOLYLINE
  5
598
330
17
100
AcDbEntity
  8
S-EGRESO
  6
Continuous
100
AcDbPolyline
 90
3
 70
1
 10
16.3
 20
-1.931
 10
16.13022506247457
 20
-1.9504028500029067
 10
16.159329337478926
 20
-1.8339857499854668
  0
CIRCLE
  5
599
330
17
100
AcDbEntity
  8
S-EGRESO
  6
Continuous
100
AcDbCircle
 10
15.825
 20
-1.3
 30
0.0
 40
0.035
  0
LWPOLYLINE
  5
59A
330
17
100
AcDbEntity
  8
S-EGRESO
100
AcDbPolyline
 90
5
 70
0
 10
0.99
 20
-1.091
 10
3.29
 20
-4.191
 10
4.49
 20
-4.241
 10
6.64
 20
-2.891
 10
16.3
 20
-2.891
  0
CIRCLE
  5
59B
330
17
100
AcDbEntity
  8
S-EGRESO
  6
Continuous
100
AcDbCircle
 10
0.99
 20
-1.091
 30
0.0
 40
0.035
  0
LWPOLYLINE
  5
59C
330
17
100
AcDbEntity
  8
S-EGRESO
100
AcDbPolyline
 90
10
 70
0
 10
3.54
 20
-11.191
 10
1.34
 20
-8.941
 10
1.19
 20
-8.491
 10
1.19
 20
-7.891
 10
1.44
 20
-7.691
 10
2.34
 20
-7.191
 10
3.14
 20
-4.941
 10
6.09
 20
-3.391
 10
6.64
 20
-2.891
 10
16.3
 20
-2.891
  0
CIRCLE
  5
59D
330
17
100
AcDbEntity
  8
S-EGRESO
  6
Continuous
100
AcDbCircle
 10
3.54
 20
-11.191
 30
0.0
 40
0.035
  0
TEXT
  5
59E
330
17
100
AcDbEntity
  8
A-ZONA
420
15760404
100
AcDbText
 10
2.9800000000000004
 20
-2.2510299999999996
 30
0.0
 40
0.06380000000000001
  1
HOT LINE /
  7
LAVA-B
 72
1
 11
2.9800000000000004
 21
-2.2510299999999996
 31
0.0
100
AcDbText
 73
2
  0
TEXT
  5
59F
330
17
100
AcDbEntity
  8
A-ZONA
420
15760404
100
AcDbText
 10
2.9800000000000004
 20
-2.33397
 30
0.0
 40
0.06380000000000001
  1
SHOW KITCHEN
  7
LAVA-B
 72
1
 11
2.9800000000000004
 21
-2.33397
 31
0.0
100
AcDbText
 73
2
  0
TEXT
  5
5A0
330
17
100
AcDbEntity
  8
A-ZONA
420
15760404
100
AcDbText
 10
2.9800000000000004
 20
-2.4404399999999997
 30
0.0
 40
0.05
  1
ZONA B · ≈ 12.6 m²
  7
LAVA-B
 72
1
 11
2.9800000000000004
 21
-2.4404399999999997
 31
0.0
100
AcDbText
 73
2
  0
TEXT
  5
5A1
330
17
100
AcDbEntity
  8
A-ZONA
420
12730636
100
AcDbText
 10
1.2
 20
-3.64454
 30
0.0
 40
0.1334
  1
BBQ
  7
LAVA-B
 72
1
 11
1.2
 21
-3.64454
 31
0.0
100
AcDbText
 73
2
  0
TEXT
  5
5A2
330
17
100
AcDbEntity
  8
A-ZONA
420
12730636
100
AcDbText
 10
1.2
 20
-3.8179600000000002
 30
0.0
 40
0.1334
  1
PRODUCTION
  7
LAVA-B
 72
1
 11
1.2
 21
-3.8179600000000002
 31
0.0
100
AcDbText
 73
2
  0
TEXT
  5
5A3
330
17
100
AcDbEntity
  8
A-ZONA
420
12730636
100
AcDbText
 10
1.2
 20
-3.98317
 30
0.0
 40
0.065
  1
ZONA E · ≈ 8.2 m²
  7
LAVA-B
 72
1
 11
1.2
 21
-3.98317
 31
0.0
100
AcDbText
 73
2
  0
TEXT
  5
5A4
330
17
100
AcDbEntity
  8
A-ZONA
420
1536890
100
AcDbText
 10
2.75
 20
-7.6812499999999995
 30
0.0
 40
0.145
  1
WASHING
  7
LAVA-B
 72
1
 11
2.75
 21
-7.6812499999999995
 31
0.0
100
AcDbText
 73
2
  0
TEXT
  5
5A5
330
17
100
AcDbEntity
  8
A-ZONA
420
1536890
100
AcDbText
 10
2.75
 20
-7.854
 30
0.0
 40
0.065
  1
ZONA W · ≈ 9.6 m²
  7
LAVA-B
 72
1
 11
2.75
 21
-7.854
 31
0.0
100
AcDbText
 73
2
  0
TEXT
  5
5A6
330
17
100
AcDbEntity
  8
A-ZONA
420
3108816
100
AcDbText
 10
2.2
 20
-9.28125
 30
0.0
 40
0.145
  1
COLD PREP
  7
LAVA-B
 72
1
 11
2.2
 21
-9.28125
 31
0.0
100
AcDbText
 73
2
  0
TEXT
  5
5A7
330
17
100
AcDbEntity
  8
A-ZONA
420
3108816
100
AcDbText
 10
2.2
 20
-9.453999999999999
 30
0.0
 40
0.065
  1
ZONA A · ≈ 18.9 m²
  7
LAVA-B
 72
1
 11
2.2
 21
-9.453999999999999
 31
0.0
100
AcDbText
 73
2
  0
TEXT
  5
5A8
330
17
100
AcDbEntity
  8
A-ZONA
420
8015800
100
AcDbText
 10
6.3999999999999995
 20
-1.28125
 30
0.0
 40
0.09859999999999998
  1
BAR / POS
  7
LAVA-B
 72
1
 11
6.3999999999999995
 21
-1.28125
 31
0.0
100
AcDbText
 73
2
  0
TEXT
  5
5A9
330
17
100
AcDbEntity
  8
A-ZONA
420
8015800
100
AcDbText
 10
6.3999999999999995
 20
-1.42384
 30
0.0
 40
0.065
  1
ZONA C · ≈ 5.8 m²
  7
LAVA-B
 72
1
 11
6.3999999999999995
 21
-1.42384
 31
0.0
100
AcDbText
 73
2
  0
TEXT
  5
5AA
330
17
100
AcDbEntity
  8
A-ZONA
420
3054138
100
AcDbText
 10
10.35
 20
-2.48125
 30
0.0
 40
0.145
  1
DINING
  7
LAVA-B
 72
1
 11
10.35
 21
-2.48125
 31
0.0
100
AcDbText
 73
2
  0
TEXT
  5
5AB
330
17
100
AcDbEntity
  8
A-ZONA
420
3054138
100
AcDbText
 10
10.35
 20
-2.654
 30
0.0
 40
0.065
  1
ZONA D · ≈ 51.6 m²
  7
LAVA-B
 72
1
 11
10.35
 21
-2.654
 31
0.0
100
AcDbText
 73
2
  0
TEXT
  5
5AC
330
17
100
AcDbEntity
  8
A-MURO-NUEVO
100
AcDbText
 10
4.587000000000001
 20
-2.041
 30
0.0
 40
0.065
  1
NW-1 · Muro bajo h 1.00 + vidrio
 50
90.0
  7
LAVA-B
 72
1
 11
4.587000000000001
 21
-2.041
 31
0.0
100
AcDbText
 73
2
  0
TEXT
  5
5AD
330
17
100
AcDbEntity
  8
A-MURO-NUEVO
100
AcDbText
 10
4.691
 20
-2.041
 30
0.0
 40
0.065
  1
h 3.00 · base h 1.00
 50
90.0
  7
LAVA
 72
1
 11
4.691
 21
-2.041
 31
0.0
100
AcDbText
 73
2
  0
TEXT
  5
5AE
330
17
100
AcDbEntity
  8
A-MURO-NUEVO
100
AcDbText
 10
3.875
 20
-4.078
 30
0.0
 40
0.065
  1
NW-2 · Panel térmico
  7
LAVA-B
 72
1
 11
3.875
 21
-4.078
 31
0.0
100
AcDbText
 73
2
  0
TEXT
  5
5AF
330
17
100
AcDbEntity
  8
A-MURO-NUEVO
100
AcDbText
 10
3.875
 20
-4.1819999999999995
 30
0.0
 40
0.065
  1
h 2.05
  7
LAVA
 72
1
 11
3.875
 21
-4.1819999999999995
 31
0.0
100
AcDbText
 73
2
  0
TEXT
  5
5B0
330
17
100
AcDbEntity
  8
A-RETIRO
100
AcDbText
 10
4.297
 20
0.248
 30
0.0
 40
0.06
  1
Campana existente Marna’s 3.80 × 1.10
  7
LAVA-B
 72
1
 11
4.297
 21
0.248
 31
0.0
100
AcDbText
 73
2
  0
TEXT
  5
5B1
330
17
100
AcDbEntity
  8
A-RETIRO
100
AcDbText
 10
4.297
 20
0.15200000000000002
 30
0.0
 40
0.06
  1
A RETIRAR
  7
LAVA
 72
1
 11
4.297
 21
0.15200000000000002
 31
0.0
100
AcDbText
 73
2
  0
LINE
  5
5B2
330
17
100
AcDbEntity
  8
A-RETIRO
370
9
100
AcDbLine
 10
4.297
 20
-0.03599999999999999
 30
0.0
 11
4.297
 21
0.08900000000000001
 31
0.0
  0
TEXT
  5
5B3
330
17
100
AcDbEntity
  8
A-MURO-DEMOL
100
AcDbText
 10
6.476
 20
-2.1879999999999997
 30
0.0
 40
0.06
  1
DEMOLER IP-KB
 50
90.0
  7
LAVA-B
 72
1
 11
6.476
 21
-2.1879999999999997
 31
0.0
100
AcDbText
 73
2
  0
TEXT
  5
5B4
330
17
100
AcDbEntity
  8
A-MURO-DEMOL
100
AcDbText
 10
3.58
 20
-4.9079999999999995
 30
0.0
 40
0.06
  1
DEMOLER IP-P0b
  7
LAVA-B
 72
1
 11
3.58
 21
-4.9079999999999995
 31
0.0
100
AcDbText
 73
2
  0
TEXT
  5
5B5
330
17
100
AcDbEntity
  8
A-MURO-DEMOL
100
AcDbText
 10
1.51
 20
-7.166
 30
0.0
 40
0.06
  1
DEMOLER IP-P1 (parcial)
  7
LAVA-B
 72
1
 11
1.51
 21
-7.166
 31
0.0
100
AcDbText
 73
2
  0
TEXT
  5
5B6
330
17
100
AcDbEntity
  8
A-MURO-DEMOL
100
AcDbText
 10
1.3820000000000001
 20
-8.710999999999999
 30
0.0
 40
0.06
  1
DEMOLER IP-P2 (parcial)
 50
90.0
  7
LAVA-B
 72
1
 11
1.3820000000000001
 21
-8.710999999999999
 31
0.0
100
AcDbText
 73
2
  0
TEXT
  5
5B7
330
17
100
AcDbEntity
  8
A-MURO-DEMOL
100
AcDbText
 10
3.4125
 20
-11.799
 30
0.0
 40
0.06
  1
DEMOLER EW-S2 (condicional)
  7
LAVA-B
 72
1
 11
3.4125
 21
-11.799
 31
0.0
100
AcDbText
 73
2
  0
LINE
  5
5B8
330
17
100
AcDbEntity
  8
A-MURO-DEMOL
370
9
100
AcDbLine
 10
3.4125
 20
-11.615
 30
0.0
 11
3.4125
 21
-11.735999999999999
 31
0.0
  0
TEXT
  5
5B9
330
17
100
AcDbEntity
  8
A-PUERTA
100
AcDbText
 10
4.984100000000001
 20
-4.648
 30
0.0
 40
0.065
  1
P-1 · vaivén 1.02
  7
LAVA-B
 72
1
 11
4.984100000000001
 21
-4.648
 31
0.0
100
AcDbText
 73
2
  0
TEXT
  5
5BA
330
17
100
AcDbEntity
  8
A-PUERTA
100
AcDbText
 10
0.9259000000000001
 20
-7.493
 30
0.0
 40
0.065
  1
P-2 · puerta 0.99
  7
LAVA-B
 72
1
 11
0.9259000000000001
 21
-7.493
 31
0.0
100
AcDbText
 73
2
  0
TEXT
  5
5BB
330
17
100
AcDbEntity
  8
A-PUERTA-COND
100
AcDbText
 10
4.5382
 20
-12.203
 30
0.0
 40
0.065
  1
PS-1 · servicio 0.90 · CONDICIONAL
  7
LAVA-B
 72
1
 11
4.5382
 21
-12.203
 31
0.0
100
AcDbText
 73
2
  0
LINE
  5
5BC
330
17
100
AcDbEntity
  8
A-PUERTA-COND
370
9
100
AcDbLine
 10
3.0778822509939086
 20
-11.61888225099391
 30
0.0
 11
3.5949999999999998
 21
-12.136
 31
0.0
  0
TEXT
  5
5BD
330
17
100
AcDbEntity
  8
S-SEGURIDAD
100
AcDbText
 10
14.410200000000001
 20
-2.775
 30
0.0
 40
0.065
  1
SAL-1 · SALIDA 2.00 m
  7
LAVA-B
 72
1
 11
14.410200000000001
 21
-2.775
 31
0.0
100
AcDbText
 73
2
  0
TEXT
  5
5BE
330
17
100
AcDbEntity
  8
S-SEGURIDAD
100
AcDbText
 10
14.410200000000001
 20
-2.879
 30
0.0
 40
0.065
  1
Capacidad máxima 49 personas
  7
LAVA
 72
1
 11
14.410200000000001
 21
-2.879
 31
0.0
100
AcDbText
 73
2
  0
TEXT
  5
5BF
330
17
100
AcDbEntity
  8
S-SEGURIDAD
100
AcDbText
 10
1.8544999999999998
 20
-10.702000000000002
 30
0.0
 40
0.065
  1
SAL-2 · SALIDA 0.90 m · CONDICIONAL
  7
LAVA-B
 72
1
 11
1.8544999999999998
 21
-10.702000000000002
 31
0.0
100
AcDbText
 73
2
  0
LINE
  5
5C0
330
17
100
AcDbEntity
  8
S-SEGURIDAD
370
9
100
AcDbLine
 10
2.964745166004061
 20
-10.49525483399594
 30
0.0
 11
2.8249999999999997
 21
-10.635000000000002
 31
0.0
  0
TEXT
  5
5C1
330
17
100
AcDbEntity
  8
S-SEGURIDAD
100
AcDbText
 10
16.15
 20
-2.915
 30
0.0
 40
0.065
  1
RS-1
  7
LAVA-B
 72
1
 11
16.15
 21
-2.915
 31
0.0
100
AcDbText
 73
2
  0
TEXT
  5
5C2
330
17
100
AcDbEntity
  8
S-SEGURIDAD
100
AcDbText
 10
6.5708
 20
-2.75
 30
0.0
 40
0.065
  1
RS-2
  7
LAVA-B
 72
1
 11
6.5708
 21
-2.75
 31
0.0
100
AcDbText
 73
2
  0
TEXT
  5
5C3
330
17
100
AcDbEntity
  8
S-SEGURIDAD
100
AcDbText
 10
3.8708
 20
-4.48
 30
0.0
 40
0.065
  1
RS-3
  7
LAVA-B
 72
1
 11
3.8708
 21
-4.48
 31
0.0
100
AcDbText
 73
2
  0
TEXT
  5
5C4
330
17
100
AcDbEntity
  8
S-SEGURIDAD
100
AcDbText
 10
1.2292
 20
-5.15
 30
0.0
 40
0.065
  1
RS-4
  7
LAVA-B
 72
1
 11
1.2292
 21
-5.15
 31
0.0
100
AcDbText
 73
2
  0
TEXT
  5
5C5
330
17
100
AcDbEntity
  8
S-SEGURIDAD
100
AcDbText
 10
0.6708000000000001
 20
-8.95
 30
0.0
 40
0.065
  1
RS-5
  7
LAVA-B
 72
1
 11
0.6708000000000001
 21
-8.95
 31
0.0
100
AcDbText
 73
2
  0
TEXT
  5
5C6
330
17
100
AcDbEntity
  8
S-SEGURIDAD
100
AcDbText
 10
3.0292000000000003
 20
-7.4
 30
0.0
 40
0.065
  1
RS-6
  7
LAVA-B
 72
1
 11
3.0292000000000003
 21
-7.4
 31
0.0
100
AcDbText
 73
2
  0
TEXT
  5
5C7
330
17
100
AcDbEntity
  8
S-SEGURIDAD
100
AcDbText
 10
1.6
 20
-4.748
 30
0.0
 40
0.065
  1
EX-K
  7
LAVA-B
 72
1
 11
1.6
 21
-4.748
 31
0.0
100
AcDbText
 73
2
  0
TEXT
  5
5C8
330
17
100
AcDbEntity
  8
S-SEGURIDAD
100
AcDbText
 10
0.24649999999999997
 20
-4.7
 30
0.0
 40
0.065
  1
EX-K2
  7
LAVA-B
 72
1
 11
0.24649999999999997
 21
-4.7
 31
0.0
100
AcDbText
 73
2
  0
TEXT
  5
5C9
330
17
100
AcDbEntity
  8
S-SEGURIDAD
100
AcDbText
 10
2.45
 20
0.07200000000000001
 30
0.0
 40
0.065
  1
EX-B1
  7
LAVA-B
 72
1
 11
2.45
 21
0.07200000000000001
 31
0.0
100
AcDbText
 73
2
  0
TEXT
  5
5CA
330
17
100
AcDbEntity
  8
S-SEGURIDAD
100
AcDbText
 10
15.8
 20
-4.748
 30
0.0
 40
0.065
  1
EX-A2
  7
LAVA-B
 72
1
 11
15.8
 21
-4.748
 31
0.0
100
AcDbText
 73
2
  0
TEXT
  5
5CB
330
17
100
AcDbEntity
  8
S-SEGURIDAD
100
AcDbText
 10
0.6365
 20
-8.5
 30
0.0
 40
0.065
  1
EX-A3
  7
LAVA-B
 72
1
 11
0.6365
 21
-8.5
 31
0.0
100
AcDbText
 73
2
  0
TEXT
  5
5CC
330
17
100
AcDbEntity
  8
S-SEGURIDAD
100
AcDbText
 10
4.974550000000001
 20
-3.798
 30
0.0
 40
0.065
  1
PM-1 / PM-2
  7
LAVA-B
 72
1
 11
4.974550000000001
 21
-3.798
 31
0.0
100
AcDbText
 73
2
  0
TEXT
  5
5CD
330
17
100
AcDbEntity
  8
S-SEGURIDAD
100
AcDbText
 10
4.974550000000001
 20
-3.902
 30
0.0
 40
0.065
  1
h 1.07–1.22 m
  7
LAVA
 72
1
 11
4.974550000000001
 21
-3.902
 31
0.0
100
AcDbText
 73
2
  0
TEXT
  5
5CE
330
17
100
AcDbEntity
  8
M-GAS
100
AcDbText
 10
3.0
 20
0.526
 30
0.0
 40
0.065
  1
GAS · llave de corte principal
  7
LAVA-B
 72
1
 11
3.0
 21
0.526
 31
0.0
100
AcDbText
 73
2
  0
TEXT
  5
5CF
330
17
100
AcDbEntity
  8
M-GAS
100
AcDbText
 10
3.0
 20
0.422
 30
0.0
 40
0.065
  1
FUERA del local (red del C.C.)
  7
LAVA
 72
1
 11
3.0
 21
0.422
 31
0.0
100
AcDbText
 73
2
  0
LINE
  5
5D0
330
17
100
AcDbEntity
  8
M-GAS
370
9
100
AcDbLine
 10
3.0
 20
0.23
 30
0.0
 11
3.0
 21
0.355
 31
0.0
  0
TEXT
  5
5D1
330
17
100
AcDbEntity
  8
M-GAS
100
AcDbText
 10
1.7744
 20
0.6759999999999999
 30
0.0
 40
0.065
  1
Solenoide gas
  7
LAVA-B
 72
1
 11
1.7744
 21
0.6759999999999999
 31
0.0
100
AcDbText
 73
2
  0
TEXT
  5
5D2
330
17
100
AcDbEntity
  8
M-GAS
100
AcDbText
 10
1.7744
 20
0.5719999999999998
 30
0.0
 40
0.065
  1
(enclavada HD-1)
  7
LAVA
 72
1
 11
1.7744
 21
0.5719999999999998
 31
0.0
100
AcDbText
 73
2
  0
LINE
  5
5D3
330
17
100
AcDbEntity
  8
M-GAS
370
9
100
AcDbLine
 10
2.832117749006091
 20
-0.1321177490060914
 30
0.0
 11
2.1950000000000003
 21
0.5049999999999999
 31
0.0
  0
TEXT
  5
5D4
330
17
100
AcDbEntity
  8
M-EXTRACCION
100
AcDbText
 10
4.9787
 20
-0.67
 30
0.0
 40
0.065
  1
EXT-1 · grasa (gas)
  7
LAVA-B
 72
1
 11
4.9787
 21
-0.67
 31
0.0
100
AcDbText
 73
2
  0
TEXT
  5
5D5
330
17
100
AcDbEntity
  8
M-EXTRACCION
100
AcDbText
 10
5.2698
 20
-3.2
 30
0.0
 40
0.065
  1
EXT-2 · combustible sólido
  7
LAVA-B
 72
1
 11
5.2698
 21
-3.2
 31
0.0
100
AcDbText
 73
2
  0
LINE
  5
5D6
330
17
100
AcDbEntity
  8
M-EXTRACCION
370
9
100
AcDbLine
 10
3.928
 20
-3.2
 30
0.0
 11
4.545000000000001
 21
-3.2
 31
0.0
  0
TEXT
  5
5D7
330
17
100
AcDbEntity
  8
M-EXTRACCION
100
AcDbText
 10
1.0779
 20
-1.912
 30
0.0
 40
0.065
  1
EXT-3 · chimenea smoker
  7
LAVA-B
 72
1
 11
1.0779
 21
-1.912
 31
0.0
100
AcDbText
 73
2
  0
TEXT
  5
5D8
330
17
100
AcDbEntity
  8
M-AIRE
100
AcDbText
 10
2.0507999999999997
 20
-1.6
 30
0.0
 40
0.065
  1
AR-1
  7
LAVA-B
 72
1
 11
2.0507999999999997
 21
-1.6
 31
0.0
100
AcDbText
 73
2
  0
TEXT
  5
5D9
330
17
100
AcDbEntity
  8
M-AIRE
100
AcDbText
 10
2.0507999999999997
 20
-3.0
 30
0.0
 40
0.065
  1
AR-1
  7
LAVA-B
 72
1
 11
2.0507999999999997
 21
-3.0
 31
0.0
100
AcDbText
 73
2
  0
TEXT
  5
5DA
330
17
100
AcDbEntity
  8
E-TABLERO
100
AcDbText
 10
6.55
 20
-0.392
 30
0.0
 40
0.065
  1
TE-1
  7
LAVA-B
 72
1
 11
6.55
 21
-0.392
 31
0.0
100
AcDbText
 73
2
  0
TEXT
  5
5DB
330
17
100
AcDbEntity
  8
E-TABLERO
100
AcDbText
 10
6.55
 20
-0.496
 30
0.0
 40
0.065
  1
+ CC-1
  7
LAVA
 72
1
 11
6.55
 21
-0.496
 31
0.0
100
AcDbText
 73
2
  0
TEXT
  5
5DC
330
17
100
AcDbEntity
  8
P-SANITARIO
100
AcDbText
 10
3.1390000000000002
 20
-5.775
 30
0.0
 40
0.05
  1
WP1 drenaje exist.
  7
LAVA
 72
1
 11
3.1390000000000002
 21
-5.775
 31
0.0
100
AcDbText
 73
2
  0
LINE
  5
5DD
330
17
100
AcDbEntity
  8
P-SANITARIO
370
9
100
AcDbLine
 10
3.74
 20
-5.775
 30
0.0
 11
3.5050000000000003
 21
-5.775
 31
0.0
  0
TEXT
  5
5DE
330
17
100
AcDbEntity
  8
P-SANITARIO
100
AcDbText
 10
3.6640000000000006
 20
-7.21
 30
0.0
 40
0.05
  1
WP2 drenaje exist.
  7
LAVA
 72
1
 11
3.6640000000000006
 21
-7.21
 31
0.0
100
AcDbText
 73
2
  0
LINE
  5
5DF
330
17
100
AcDbEntity
  8
P-SANITARIO
370
9
100
AcDbLine
 10
4.1567157287525385
 20
-7.028284271247462
 30
0.0
 11
4.03
 21
-7.155
 31
0.0
  0
TEXT
  5
5E0
330
17
100
AcDbEntity
  8
P-SANITARIO
100
AcDbText
 10
3.689
 20
-8.19
 30
0.0
 40
0.05
  1
WP3 drenaje exist.
  7
LAVA
 72
1
 11
3.689
 21
-8.19
 31
0.0
100
AcDbText
 73
2
  0
LINE
  5
5E1
330
17
100
AcDbEntity
  8
P-SANITARIO
370
9
100
AcDbLine
 10
4.17
 20
-8.19
 30
0.0
 11
4.055
 21
-8.19
 31
0.0
  0
TEXT
  5
5E2
330
17
100
AcDbEntity
  8
P-SANITARIO
100
AcDbText
 10
2.4659999999999997
 20
-6.905
 30
0.0
 40
0.05
  1
WP4 drenaje exist.
  7
LAVA
 72
1
 11
2.4659999999999997
 21
-6.905
 31
0.0
100
AcDbText
 73
2
  0
LINE
  5
5E3
330
17
100
AcDbEntity
  8
P-SANITARIO
370
9
100
AcDbLine
 10
1.9732842712474616
 20
-6.723284271247462
 30
0.0
 11
2.0999999999999996
 21
-6.8500000000000005
 31
0.0
  0
TEXT
  5
5E4
330
17
100
AcDbEntity
  8
P-SANITARIO
100
AcDbText
 10
5.4639999999999995
 20
-2.2399999999999998
 30
0.0
 40
0.05
  1
WP5 drenaje exist.
  7
LAVA
 72
1
 11
5.4639999999999995
 21
-2.2399999999999998
 31
0.0
100
AcDbText
 73
2
  0
LINE
  5
5E5
330
17
100
AcDbEntity
  8
P-SANITARIO
370
9
100
AcDbLine
 10
5.956715728752537
 20
-2.058284271247462
 30
0.0
 11
5.829999999999999
 21
-2.1849999999999996
 31
0.0
  0
TEXT
  5
5E6
330
17
100
AcDbEntity
  8
P-SANITARIO
100
AcDbText
 10
6.985
 20
-2.42
 30
0.0
 40
0.05
  1
WP6 exist.
  7
LAVA
 72
1
 11
6.985
 21
-2.42
 31
0.0
100
AcDbText
 73
2
  0
TEXT
  5
5E7
330
17
100
AcDbEntity
  8
P-SANITARIO
100
AcDbText
 10
1.8525999999999998
 20
-2.85
 30
0.0
 40
0.055
  1
FD-1
  7
LAVA-B
 72
1
 11
1.8525999999999998
 21
-2.85
 31
0.0
100
AcDbText
 73
2
  0
TEXT
  5
5E8
330
17
100
AcDbEntity
  8
P-SANITARIO
100
AcDbText
 10
2.3726000000000003
 20
-7.41
 30
0.0
 40
0.055
  1
FD-2
  7
LAVA-B
 72
1
 11
2.3726000000000003
 21
-7.41
 31
0.0
100
AcDbText
 73
2
  0
LINE
  5
5E9
330
17
100
AcDbEntity
  8
P-SANITARIO
370
9
100
AcDbLine
 10
2.605
 20
-7.41
 30
0.0
 11
2.4800000000000004
 21
-7.41
 31
0.0
  0
TEXT
  5
5EA
330
17
100
AcDbEntity
  8
P-SANITARIO
100
AcDbText
 10
2.6355999999999997
 20
-9.867
 30
0.0
 40
0.055
  1
FD-3
  7
LAVA-B
 72
1
 11
2.6355999999999997
 21
-9.867
 31
0.0
100
AcDbText
 73
2
  0
TEXT
  5
5EB
330
17
100
AcDbEntity
  8
P-SANITARIO
100
AcDbText
 10
3.9976000000000003
 20
-8.37
 30
0.0
 40
0.055
  1
CA-1
  7
LAVA-B
 72
1
 11
3.9976000000000003
 21
-8.37
 31
0.0
100
AcDbText
 73
2
  0
TEXT
  5
5EC
330
17
100
AcDbEntity
  8
P-SANITARIO
100
AcDbText
 10
6.1424
 20
-0.64
 30
0.0
 40
0.055
  1
CA-2
  7
LAVA-B
 72
1
 11
6.1424
 21
-0.64
 31
0.0
100
AcDbText
 73
2
  0
TEXT
  5
5ED
330
17
100
AcDbEntity
  8
S-EGRESO
100
AcDbText
 10
3.54
 20
-11.087000000000002
 30
0.0
 40
0.055
  1
E1 21.69 m ≤ 22.86
  7
LAVA
 72
1
 11
3.54
 21
-11.087000000000002
 31
0.0
100
AcDbText
 73
2
  0
TEXT
  5
5EE
330
17
100
AcDbEntity
  8
S-EGRESO
100
AcDbText
 10
1.84
 20
-7.797
 30
0.0
 40
0.055
  1
E2 17.21 m ≤ 22.86
  7
LAVA
 72
1
 11
1.84
 21
-7.797
 31
0.0
100
AcDbText
 73
2
  0
LINE
  5
5EF
330
17
100
AcDbEntity
  8
S-EGRESO
370
9
100
AcDbLine
 10
1.84
 20
-8.093
 30
0.0
 11
1.84
 21
-7.855999999999999
 31
0.0
  0
TEXT
  5
5F0
330
17
100
AcDbEntity
  8
S-EGRESO
100
AcDbText
 10
1.6511
 20
-2.044
 30
0.0
 40
0.055
  1
E3 16.81 m ≤ 22.86
  7
LAVA
 72
1
 11
1.6511
 21
-2.044
 31
0.0
100
AcDbText
 73
2
  0
LINE
  5
5F1
330
17
100
AcDbEntity
  8
S-EGRESO
370
9
100
AcDbLine
 10
0.9989411254969542
 20
-1.7339411254969543
 30
0.0
 11
1.2500000000000002
 21
-1.985
 31
0.0
  0
TEXT
  5
5F2
330
17
100
AcDbEntity
  8
S-EGRESO
100
AcDbText
 10
1.8839
 20
0.07299999999999995
 30
0.0
 40
0.055
  1
E4 17.31 m ≤ 22.86
  7
LAVA
 72
1
 11
1.8839
 21
0.07299999999999995
 31
0.0
100
AcDbText
 73
2
  0
LINE
  5
5F3
330
17
100
AcDbEntity
  8
S-EGRESO
370
9
100
AcDbLine
 10
2.656058874503046
 20
-0.35705887450304574
 30
0.0
 11
2.285
 21
0.01399999999999995
 31
0.0
  0
TEXT
  5
5F4
330
17
100
AcDbEntity
  8
S-EGRESO
100
AcDbText
 10
6.379899999999999
 20
-4.487
 30
0.0
 40
0.055
  1
E5 11.91 m ≤ 22.86
  7
LAVA
 72
1
 11
6.379899999999999
 21
-4.487
 31
0.0
100
AcDbText
 73
2
  0
LINE
  5
5F5
330
17
100
AcDbEntity
  8
S-EGRESO
370
9
100
AcDbLine
 10
6.912058874503045
 20
-4.677058874503046
 30
0.0
 11
6.780999999999999
 21
-4.545999999999999
 31
0.0
  0
TEXT
  5
5F6
330
17
100
AcDbEntity
  8
S-EGRESO
100
AcDbText
 10
5.14
 20
-0.495
 30
0.0
 40
0.055
  1
E6 13.26 m ≤ 22.86
  7
LAVA
 72
1
 11
5.14
 21
-0.495
 31
0.0
100
AcDbText
 73
2
  0
TEXT
  5
5F7
330
17
100
AcDbEntity
  8
S-EGRESO
100
AcDbText
 10
16.36965
 20
-1.3
 30
0.0
 40
0.055
  1
E7 0.83 m ≤ 22.86
  7
LAVA
 72
1
 11
16.36965
 21
-1.3
 31
0.0
100
AcDbText
 73
2
  0
LINE
  5
5F8
330
17
100
AcDbEntity
  8
S-EGRESO
370
9
100
AcDbLine
 10
15.873
 20
-1.3
 30
0.0
 11
15.989999999999998
 21
-1.3
 31
0.0
  0
TEXT
  5
5F9
330
17
100
AcDbEntity
  8
S-EGRESO
100
AcDbText
 10
0.99
 20
-0.987
 30
0.0
 40
0.055
  1
E8 17.26 m ≤ 22.86
  7
LAVA
 72
1
 11
0.99
 21
-0.987
 31
0.0
100
AcDbText
 73
2
  0
TEXT
  5
5FA
330
17
100
AcDbEntity
  8
S-EGRESO
100
AcDbText
 10
3.54
 20
-11.415000000000001
 30
0.0
 40
0.055
  1
E0 21.69 m ≤ 22.86
  7
LAVA
 72
1
 11
3.54
 21
-11.415000000000001
 31
0.0
100
AcDbText
 73
2
  0
LINE
  5
5FB
330
17
100
AcDbEntity
  8
S-EGRESO
370
9
100
AcDbLine
 10
3.54
 20
-11.239
 30
0.0
 11
3.54
 21
-11.356
 31
0.0
  0
INSERT
  5
5FD
330
17
100
AcDbEntity
  8
A-TEXTO
100
AcDbBlockReference
 66
1
  2
LAVA-ROTULO
 10
18.5
 20
2.33
 30
0.0
  0
ATTRIB
  5
5FF
330
17
100
AcDbEntity
  8
A-TEXTO
100
AcDbText
 10
18.75
 20
1.35
 30
0.0
 40
0.1
  1
LAVA - Contemporary Fire & BBQ · restaurante (adecuación de local)
  7
LAVA-B
 11
18.75
 21
1.35
 31
0.0
100
AcDbAttribute
  2
PROYECTO
 70
0
 71
1
 72
0
 11
18.75
 21
1.35
 31
0.0
  0
ATTRIB
  5
600
330
17
100
AcDbEntity
  8
A-TEXTO
100
AcDbText
 10
18.75
 20
1.09
 30
0.0
 40
0.08
  1
Local ex-Marna's · Terrazas Lindora (C.C. abierto, condominio) · Santa Ana, San José, CR
  7
LAVA
 11
18.75
 21
1.09
 31
0.0
100
AcDbAttribute
  2
UBICACION
 70
0
 71
1
 72
0
 11
18.75
 21
1.09
 31
0.0
  0
ATTRIB
  5
601
330
17
100
AcDbEntity
  8
A-TEXTO
100
AcDbText
 10
18.75
 20
0.71
 30
0.0
 40
0.15
  1
Base CAD v3 · planta propuesta (anteproyecto)
  7
LAVA-B
 11
18.75
 21
0.71
 31
0.0
100
AcDbAttribute
  2
DOCUMENTO
 70
0
 71
1
 72
0
 11
18.75
 21
0.71
 31
0.0
  0
ATTRIB
  5
602
330
17
100
AcDbEntity
  8
A-TEXTO
100
AcDbText
 10
18.75
 20
0.3800000000000001
 30
0.0
 40
0.085
  1
ANTEPROYECTO / PRELIMINAR — a validar por el profesional responsable (CFIA)
  7
LAVA-B
 11
18.75
 21
0.3800000000000001
 31
0.0
100
AcDbAttribute
  2
ESTADO
 70
0
 71
1
 72
0
 11
18.75
 21
0.3800000000000001
 31
0.0
  0
ATTRIB
  5
603
330
17
100
AcDbEntity
  8
A-TEXTO
100
AcDbText
 10
18.75
 20
0.1299999999999999
 30
0.0
 40
0.075
  1
Archivo base editable: verificar en sitio, ajustar y firmar. No es plano constructivo.
  7
LAVA
 11
18.75
 21
0.1299999999999999
 31
0.0
100
AcDbAttribute
  2
NOTA
 70
0
 71
1
 72
0
 11
18.75
 21
0.1299999999999999
 31
0.0
  0
ATTRIB
  5
604
330
17
100
AcDbEntity
  8
A-TEXTO
100
AcDbText
 10
18.75
 20
-0.52
 30
0.0
 40
0.075
  1
Unidades: metros (1 unidad = 1 m) · imprimir a 1:50 en A2 · cotas ±2 cm (base: PDF de Marna’s)
  7
LAVA
 11
18.75
 21
-0.52
 31
0.0
100
AcDbAttribute
  2
ESCALA
 70
0
 71
1
 72
0
 11
18.75
 21
-0.52
 31
0.0
  0
ATTRIB
  5
605
330
17
100
AcDbEntity
  8
A-TEXTO
100
AcDbText
 10
18.75
 20
-0.77
 30
0.0
 40
0.075
  1
Layout v3.0 · 2026-09-25 · AutoCAD 2018 DXF
  7
LAVA
 11
18.75
 21
-0.77
 31
0.0
100
AcDbAttribute
  2
VERSION
 70
0
 71
1
 72
0
 11
18.75
 21
-0.77
 31
0.0
  0
ATTRIB
  5
606
330
17
100
AcDbEntity
  8
A-TEXTO
100
AcDbText
 10
18.75
 20
-1.02
 30
0.0
 40
0.075
  1
LAVA_base_v3.dxf
  7
LAVA
 11
18.75
 21
-1.02
 31
0.0
100
AcDbAttribute
  2
ARCHIVO
 70
0
 71
1
 72
0
 11
18.75
 21
-1.02
 31
0.0
  0
ATTRIB
  5
607
330
17
100
AcDbEntity
  8
A-TEXTO
100
AcDbText
 10
25.7
 20
1.58
 30
0.0
 40
0.075
  1
Nombre: ________________
  7
LAVA
 11
25.7
 21
1.58
 31
0.0
100
AcDbAttribute
  2
PROFESIONAL
 70
0
 71
1
 72
0
 11
25.7
 21
1.58
 31
0.0
  0
ATTRIB
  5
608
330
17
100
AcDbEntity
  8
A-TEXTO
100
AcDbText
 10
25.7
 20
1.28
 30
0.0
 40
0.075
  1
Carné CFIA: __________
  7
LAVA
 11
25.7
 21
1.28
 31
0.0
100
AcDbAttribute
  2
CARNE_CFIA
 70
0
 71
1
 72
0
 11
25.7
 21
1.28
 31
0.0
  0
ATTRIB
  5
609
330
17
100
AcDbEntity
  8
A-TEXTO
100
AcDbText
 10
25.7
 20
0.98
 30
0.0
 40
0.075
  1
Disciplina: arquitectura
  7
LAVA
 11
25.7
 21
0.98
 31
0.0
100
AcDbAttribute
  2
DISCIPLINA
 70
0
 71
1
 72
0
 11
25.7
 21
0.98
 31
0.0
  0
SEQEND
  5
5FE
330
5FD
100
AcDbEntity
  8
A-TEXTO
  0
TEXT
  5
60A
330
17
100
AcDbEntity
  8
A-TEXTO
100
AcDbText
 10
18.5
 20
-1.7200000000000002
 30
0.0
 40
0.1
  1
NOTAS GENERALES
  7
LAVA-B
 11
18.5
 21
-1.7200000000000002
 31
0.0
100
AcDbText
 73
2
  0
TEXT
  5
60B
330
17
100
AcDbEntity
  8
A-TEXTO
100
AcDbText
 10
18.55
 20
-1.9900000000000002
 30
0.0
 40
0.075
  1
•
  7
LAVA
 11
18.55
 21
-1.9900000000000002
 31
0.0
100
AcDbText
 73
2
  0
MTEXT
  5
60C
330
17
100
AcDbEntity
  8
A-TEXTO
 62
1
100
AcDbMText
 10
18.75
 20
-1.9400000000000002
 30
0.0
 40
0.075
 41
9.7
 71
1
  1
ANTEPROYECTO / PRELIMINAR — a validar por el profesional responsable (CFIA). Nada en este archivo declara cumplimiento normativo final.
  7
LAVA-B
  0
TEXT
  5
60D
330
17
100
AcDbEntity
  8
A-TEXTO
100
AcDbText
 10
18.55
 20
-2.18525
 30
0.0
 40
0.075
  1
•
  7
LAVA
 11
18.55
 21
-2.18525
 31
0.0
100
AcDbText
 73
2
  0
MTEXT
  5
60E
330
17
100
AcDbEntity
  8
A-TEXTO
100
AcDbMText
 10
18.75
 20
-2.13525
 30
0.0
 40
0.075
 41
9.7
 71
1
  3
Coordenadas: 1 unidad = 1 m. Origen = eje A (X = 0) / eje 1 (Y = 0). X crece hacia la fachada (este). Y del DXF = −Y de data/*.json (en los JSON Y crece hacia el sur); el UCS guardado «LAVA-DATOS» reproduce las coordenadas de los JSON. «Norte» = part
  1
e superior del PDF de Marna’s (no es norte geográfico).
  7
LAVA
  0
TEXT
  5
60F
330
17
100
AcDbEntity
  8
A-TEXTO
100
AcDbText
 10
18.55
 20
-2.50575
 30
0.0
 40
0.075
  1
•
  7
LAVA
 11
18.55
 21
-2.50575
 31
0.0
100
AcDbText
 73
2
  0
MTEXT
  5
610
330
17
100
AcDbEntity
  8
A-TEXTO
100
AcDbMText
 10
18.75
 20
-2.45575
 30
0.0
 40
0.075
 41
9.7
 71
1
  1
Base: Marnas_Terrazas_Rev8_Opcion1.pdf (AutoCAD, A2, escala 1:50). Geometría extraída de los vectores del PDF. Tolerancia: Coordenadas +-2 cm respecto al PDF; todo debe verificarse en sitio.
  7
LAVA
  0
TEXT
  5
611
330
17
100
AcDbEntity
  8
A-TEXTO
100
AcDbText
 10
18.55
 20
-2.82625
 30
0.0
 40
0.075
  1
•
  7
LAVA
 11
18.55
 21
-2.82625
 31
0.0
100
AcDbText
 73
2
  0
MTEXT
  5
612
330
17
100
AcDbEntity
  8
A-TEXTO
100
AcDbMText
 10
18.75
 20
-2.77625
 30
0.0
 40
0.075
 41
9.7
 71
1
  1
Cielo: altura supuesta 3.00 m — VERIFY ON SITE. Altura libre y altura a losa NO legibles en el PDF: VERIFY ON SITE (clave para campana, ductos, smoker y cielo expuesto).
  7
LAVA
  0
TEXT
  5
613
330
17
100
AcDbEntity
  8
A-TEXTO
100
AcDbText
 10
18.55
 20
-3.14675
 30
0.0
 40
0.075
  1
•
  7
LAVA
 11
18.55
 21
-3.14675
 31
0.0
100
AcDbText
 73
2
  0
MTEXT
  5
614
330
17
100
AcDbEntity
  8
A-TEXTO
 62
1
100
AcDbMText
 10
18.75
 20
-3.09675
 30
0.0
 40
0.075
 41
9.7
 71
1
  1
EXTRACTION / MAKE-UP AIR / FIRE SUPPRESSION TO BE ENGINEERED
  7
LAVA-B
  0
TEXT
  5
615
330
17
100
AcDbEntity
  8
A-TEXTO
100
AcDbText
 10
18.55
 20
-3.342
 30
0.0
 40
0.075
  1
•
  7
LAVA
 11
18.55
 21
-3.342
 31
0.0
100
AcDbText
 73
2
  0
MTEXT
  5
616
330
17
100
AcDbEntity
  8
A-TEXTO
 62
1
100
AcDbMText
 10
18.75
 20
-3.2920000000000003
 30
0.0
 40
0.075
 41
9.7
 71
1
  1
SOLID-FUEL SMOKER - LOCATION / FLUE / FIRE CODE TO BE VALIDATED
  7
LAVA-B
  0
TEXT
  5
617
330
17
100
AcDbEntity
  8
A-TEXTO
100
AcDbText
 10
18.55
 20
-3.5372500000000002
 30
0.0
 40
0.075
  1
•
  7
LAVA
 11
18.55
 21
-3.5372500000000002
 31
0.0
100
AcDbText
 73
2
  0
MTEXT
  5
618
330
17
100
AcDbEntity
  8
A-TEXTO
100
AcDbMText
 10
18.75
 20
-3.4872500000000004
 30
0.0
 40
0.075
 41
9.7
 71
1
  1
* junto a una medida = DIMENSION TO VERIFY (equipo sin ficha técnica).
  7
LAVA
  0
TEXT
  5
619
330
17
100
AcDbEntity
  8
A-TEXTO
100
AcDbText
 10
18.55
 20
-3.7325000000000004
 30
0.0
 40
0.075
  1
•
  7
LAVA
 11
18.55
 21
-3.7325000000000004
 31
0.0
100
AcDbText
 73
2
  0
MTEXT
  5
61A
330
17
100
AcDbEntity
  8
A-TEXTO
100
AcDbMText
 10
18.75
 20
-3.6825000000000006
 30
0.0
 40
0.075
 41
9.7
 71
1
  1
Gas: Red de gas del centro comercial (tipo de gas y presión: VERIFY). Sin cilindros en el local. Punto de acometida tentativo en el muro norte — VERIFY ON SITE con la administración.
  7
LAVA
  0
TEXT
  5
61B
330
17
100
AcDbEntity
  8
A-TEXTO
100
AcDbText
 10
18.55
 20
-4.053
 30
0.0
 40
0.075
  1
•
  7
LAVA
 11
18.55
 21
-4.053
 31
0.0
100
AcDbText
 73
2
  0
MTEXT
  5
61C
330
17
100
AcDbEntity
  8
A-TEXTO
100
AcDbMText
 10
18.75
 20
-4.003
 30
0.0
 40
0.075
 41
9.7
 71
1
  3
Servicios sanitarios: comunes del centro comercial (H/M + accesible) para clientes y personal. Capacidad según CIHSE Tabla 5.3, horario, distancia de recorrido y autorización escrita de la administración: VERIFY. Criterio a validar: distancia de reco
  1
rrido ≤ 36 m.
  7
LAVA
  0
TEXT
  5
61D
330
17
100
AcDbEntity
  8
A-TEXTO
100
AcDbText
 10
18.55
 20
-4.3735
 30
0.0
 40
0.075
  1
•
  7
LAVA
 11
18.55
 21
-4.3735
 31
0.0
100
AcDbText
 73
2
  0
MTEXT
  5
61E
330
17
100
AcDbEntity
  8
A-TEXTO
100
AcDbMText
 10
18.75
 20
-4.3235
 30
0.0
 40
0.075
 41
9.7
 71
1
  1
Venta de bebidas alcohólicas: licencia municipal clase C (Ley 9047, restaurante) — trámite y requisitos a verificar con la Municipalidad de Santa Ana. La barra es solo de servicio (sin taburetes).
  7
LAVA
  0
TEXT
  5
61F
330
17
100
AcDbEntity
  8
A-TEXTO
100
AcDbText
 10
18.55
 20
-4.694
 30
0.0
 40
0.075
  1
•
  7
LAVA
 11
18.55
 21
-4.694
 31
0.0
100
AcDbText
 73
2
  0
MTEXT
  5
620
330
17
100
AcDbEntity
  8
A-TEXTO
100
AcDbMText
 10
18.75
 20
-4.644
 30
0.0
 40
0.075
 41
9.7
 71
1
  1
Centro comercial abierto con reglamento de condominio; no se dispone del plano del conjunto: ubicación de baños comunes, acometida de gas, cuarto de basura y rutas comunes — VERIFY ON SITE con la administración.
  7
LAVA
  0
TEXT
  5
621
330
17
100
AcDbEntity
  8
A-TEXTO
100
AcDbText
 10
18.55
 20
-5.0145
 30
0.0
 40
0.075
  1
•
  7
LAVA
 11
18.55
 21
-5.0145
 31
0.0
100
AcDbText
 73
2
  0
MTEXT
  5
622
330
17
100
AcDbEntity
  8
A-TEXTO
100
AcDbMText
 10
18.75
 20
-4.9645
 30
0.0
 40
0.075
 41
9.7
 71
1
  3
Capacidad: Capacidad máxima declarada y rotulada: 49 personas (clientes + personal). Condición de diseño: ocupación de menos de 50 personas (NFPA 101 mercantil / <50): una salida, puerta sin exigencia de giro hacia afuera ni antipánico. VERIFY con Bo
  1
mberos (RNPCI).
  7
LAVA
  0
TEXT
  5
623
330
17
100
AcDbEntity
  8
A-TEXTO
100
AcDbText
 10
18.55
 20
-5.335
 30
0.0
 40
0.075
  1
•
  7
LAVA
 11
18.55
 21
-5.335
 31
0.0
100
AcDbText
 73
2
  0
MTEXT
  5
624
330
17
100
AcDbEntity
  8
A-TEXTO
100
AcDbMText
 10
18.75
 20
-5.285
 30
0.0
 40
0.075
 41
9.7
 71
1
  1
Capas apagadas por defecto: A-COTA-DEMO (cotas Marna’s / corrimiento), A-FLUJO (flujos operativos), A-EQUIPO-DESPEJE (despejes frente a equipos). PS-1 y su vano están en capas propias (condicional).
  7
LAVA
  0
TEXT
  5
625
330
17
100
AcDbEntity
  8
A-TEXTO
100
AcDbText
 10
18.55
 20
-5.6555
 30
0.0
 40
0.075
  1
•
  7
LAVA
 11
18.55
 21
-5.6555
 31
0.0
100
AcDbText
 73
2
  0
MTEXT
  5
626
330
17
100
AcDbEntity
  8
A-TEXTO
100
AcDbMText
 10
18.75
 20
-5.6055
 30
0.0
 40
0.075
 41
9.7
 71
1
  1
Estrategia (definida con el cliente): Hot line sobre la división con el salón; BBQ (smoker + holding) al fondo; lavado en PILAS; cold prep en PASTELERÍA; extracción independiente para combustible sólido; gas de la red del centro comercial.
  7
LAVA
  0
TEXT
  5
627
330
17
100
AcDbEntity
  8
A-TEXTO
100
AcDbText
 10
18.55
 20
-5.976
 30
0.0
 40
0.075
  1
•
  7
LAVA
 11
18.55
 21
-5.976
 31
0.0
100
AcDbText
 73
2
  0
MTEXT
  5
628
330
17
100
AcDbEntity
  8
A-TEXTO
 62
1
100
AcDbMText
 10
18.75
 20
-5.926
 30
0.0
 40
0.075
 41
9.7
 71
1
  1
Confirmar en sitio que ninguna división aloja instalaciones.
  7
LAVA-B
  0
TEXT
  5
629
330
17
100
AcDbEntity
  8
A-TEXTO
100
AcDbText
 10
18.5
 20
-6.4712499999999995
 30
0.0
 40
0.1
  1
NOTAS CLAVE (numeración de la lámina A-101)
  7
LAVA-B
 11
18.5
 21
-6.4712499999999995
 31
0.0
100
AcDbText
 73
2
  0
CIRCLE
  5
62A
330
17
100
AcDbEntity
  8
A-NOTA-CLAVE
420
11753728
100
AcDbCircle
 10
18.62
 20
-6.821249999999999
 30
0.0
 40
0.1
  0
TEXT
  5
62B
330
17
100
AcDbEntity
  8
A-NOTA-CLAVE
420
11753728
100
AcDbText
 10
18.62
 20
-6.821249999999999
 30
0.0
 40
0.09
  1
1
  7
LAVA-B
 72
1
 11
18.62
 21
-6.821249999999999
 31
0.0
100
AcDbText
 73
2
  0
TEXT
  5
62C
330
17
100
AcDbEntity
  8
A-TEXTO
100
AcDbText
 10
18.85
 20
-6.821249999999999
 30
0.0
 40
0.07
  1
EXTRACTION / MAKE-UP AIR / FIRE SUPPRESSION TO BE ENGINEERED
  7
LAVA-B
 11
18.85
 21
-6.821249999999999
 31
0.0
100
AcDbText
 73
2
  0
TEXT
  5
62D
330
17
100
AcDbEntity
  8
A-TEXTO
100
AcDbText
 10
18.85
 20
-6.9712499999999995
 30
0.0
 40
0.07
  1
Dos sistemas independientes: campana 1 (gas, supresión UL 300)
  7
LAVA
 11
18.85
 21
-6.9712499999999995
 31
0.0
100
AcDbText
 73
2
  0
TEXT
  5
62E
330
17
100
AcDbEntity
  8
A-TEXTO
100
AcDbText
 10
18.85
 20
-7.121249999999999
 30
0.0
 40
0.07
  1
y campana 2 solo parrilla (combustible sólido, NFPA 96 cap. 14).
  7
LAVA
 11
18.85
 21
-7.121249999999999
 31
0.0
100
AcDbText
 73
2
  0
CIRCLE
  5
62F
330
17
100
AcDbEntity
  8
A-NOTA-CLAVE
420
7218440
100
AcDbCircle
 10
18.62
 20
-7.391249999999999
 30
0.0
 40
0.1
  0
TEXT
  5
630
330
17
100
AcDbEntity
  8
A-NOTA-CLAVE
420
7218440
100
AcDbText
 10
18.62
 20
-7.391249999999999
 30
0.0
 40
0.09
  1
2
  7
LAVA-B
 72
1
 11
18.62
 21
-7.391249999999999
 31
0.0
100
AcDbText
 73
2
  0
TEXT
  5
631
330
17
100
AcDbEntity
  8
A-TEXTO
100
AcDbText
 10
18.85
 20
-7.391249999999999
 30
0.0
 40
0.07
  1
SOLID-FUEL SMOKER - LOCATION / FLUE / FIRE CODE TO BE VALIDATED
  7
LAVA-B
 11
18.85
 21
-7.391249999999999
 31
0.0
100
AcDbText
 73
2
  0
TEXT
  5
632
330
17
100
AcDbEntity
  8
A-TEXTO
100
AcDbText
 10
18.85
 20
-7.54125
 30
0.0
 40
0.07
  1
Chimenea propia; leña, cenizas y drenaje de grasa por el frente.
  7
LAVA
 11
18.85
 21
-7.54125
 31
0.0
100
AcDbText
 73
2
  0
CIRCLE
  5
633
330
17
100
AcDbEntity
  8
A-NOTA-CLAVE
420
1118481
100
AcDbCircle
 10
18.62
 20
-7.811249999999999
 30
0.0
 40
0.1
  0
TEXT
  5
634
330
17
100
AcDbEntity
  8
A-NOTA-CLAVE
420
1118481
100
AcDbText
 10
18.62
 20
-7.811249999999999
 30
0.0
 40
0.09
  1
3
  7
LAVA-B
 72
1
 11
18.62
 21
-7.811249999999999
 31
0.0
100
AcDbText
 73
2
  0
TEXT
  5
635
330
17
100
AcDbEntity
  8
A-TEXTO
100
AcDbText
 10
18.85
 20
-7.811249999999999
 30
0.0
 40
0.07
  1
NEW PROPOSED WALL · división cocina/salón en X = 4.33
  7
LAVA-B
 11
18.85
 21
-7.811249999999999
 31
0.0
100
AcDbText
 73
2
  0
TEXT
  5
636
330
17
100
AcDbEntity
  8
A-TEXTO
100
AcDbText
 10
18.85
 20
-7.96125
 30
0.0
 40
0.07
  1
Muro bajo sólido h 1.00 + vidrio (spec. térmica TO BE ENGINEERED).
  7
LAVA
 11
18.85
 21
-7.96125
 31
0.0
100
AcDbText
 73
2
  0
TEXT
  5
637
330
17
100
AcDbEntity
  8
A-TEXTO
100
AcDbText
 10
18.85
 20
-8.11125
 30
0.0
 40
0.07
  1
Corrimiento 1.97 m respecto de la división de Marna’s.
  7
LAVA
 11
18.85
 21
-8.11125
 31
0.0
100
AcDbText
 73
2
  0
CIRCLE
  5
638
330
17
100
AcDbEntity
  8
A-NOTA-CLAVE
420
5584520
100
AcDbCircle
 10
18.62
 20
-8.38125
 30
0.0
 40
0.1
  0
TEXT
  5
639
330
17
100
AcDbEntity
  8
A-NOTA-CLAVE
420
5584520
100
AcDbText
 10
18.62
 20
-8.38125
 30
0.0
 40
0.09
  1
4
  7
LAVA-B
 72
1
 11
18.62
 21
-8.38125
 31
0.0
100
AcDbText
 73
2
  0
TEXT
  5
63A
330
17
100
AcDbEntity
  8
A-TEXTO
100
AcDbText
 10
18.85
 20
-8.38125
 30
0.0
 40
0.07
  1
PASE: línea → P-1 (paso libre ≥0.90) → pase caliente al sur de la barra (≈2 m)
  7
LAVA-B
 11
18.85
 21
-8.38125
 31
0.0
100
AcDbText
 73
2
  0
TEXT
  5
63B
330
17
100
AcDbEntity
  8
A-TEXTO
100
AcDbText
 10
18.85
 20
-8.53125
 30
0.0
 40
0.07
  1
P-1 es la única conexión cocina/salón: vaivén con visor.
  7
LAVA
 11
18.85
 21
-8.53125
 31
0.0
100
AcDbText
 73
2
  0
CIRCLE
  5
63C
330
17
100
AcDbEntity
  8
A-NOTA-CLAVE
420
9389312
100
AcDbCircle
 10
18.62
 20
-8.80125
 30
0.0
 40
0.1
  0
TEXT
  5
63D
330
17
100
AcDbEntity
  8
A-NOTA-CLAVE
420
9389312
100
AcDbText
 10
18.62
 20
-8.80125
 30
0.0
 40
0.09
  1
5
  7
LAVA-B
 72
1
 11
18.62
 21
-8.80125
 31
0.0
100
AcDbText
 73
2
  0
TEXT
  5
63E
330
17
100
AcDbEntity
  8
A-TEXTO
100
AcDbText
 10
18.85
 20
-8.80125
 30
0.0
 40
0.07
  1
Mesa inox 140 × 70 + horno de mesa (muro norte, junto a freidoras)
  7
LAVA-B
 11
18.85
 21
-8.80125
 31
0.0
100
AcDbText
 73
2
  0
TEXT
  5
63F
330
17
100
AcDbEntity
  8
A-TEXTO
100
AcDbText
 10
18.85
 20
-8.95125
 30
0.0
 40
0.07
  1
Horno de piso: exige división en X ≈ 5.1 — DIMENSION TO VERIFY.
  7
LAVA
 11
18.85
 21
-8.95125
 31
0.0
100
AcDbText
 73
2
  0
CIRCLE
  5
640
330
17
100
AcDbEntity
  8
A-NOTA-CLAVE
420
1536890
100
AcDbCircle
 10
18.62
 20
-9.22125
 30
0.0
 40
0.1
  0
TEXT
  5
641
330
17
100
AcDbEntity
  8
A-NOTA-CLAVE
420
1536890
100
AcDbText
 10
18.62
 20
-9.22125
 30
0.0
 40
0.09
  1
6
  7
LAVA-B
 72
1
 11
18.62
 21
-9.22125
 31
0.0
100
AcDbText
 73
2
  0
TEXT
  5
642
330
17
100
AcDbEntity
  8
A-TEXTO
100
AcDbText
 10
18.85
 20
-9.22125
 30
0.0
 40
0.07
  1
WASHING en la ubicación existente de PILAS — VERIFY ON SITE
  7
LAVA-B
 11
18.85
 21
-9.22125
 31
0.0
100
AcDbText
 73
2
  0
TEXT
  5
643
330
17
100
AcDbEntity
  8
A-TEXTO
100
AcDbText
 10
18.85
 20
-9.37125
 30
0.0
 40
0.07
  1
Fregadero 2T, lavamanos y mop sink sobre drenajes existentes.
  7
LAVA
 11
18.85
 21
-9.37125
 31
0.0
100
AcDbText
 73
2
  0
CIRCLE
  5
644
330
17
100
AcDbEntity
  8
A-NOTA-CLAVE
420
1725872
100
AcDbCircle
 10
18.62
 20
-9.64125
 30
0.0
 40
0.1
  0
TEXT
  5
645
330
17
100
AcDbEntity
  8
A-NOTA-CLAVE
420
1725872
100
AcDbText
 10
18.62
 20
-9.64125
 30
0.0
 40
0.09
  1
7
  7
LAVA-B
 72
1
 11
18.62
 21
-9.64125
 31
0.0
100
AcDbText
 73
2
  0
TEXT
  5
646
330
17
100
AcDbEntity
  8
A-TEXTO
100
AcDbText
 10
18.85
 20
-9.64125
 30
0.0
 40
0.07
  1
COLD PREP concentrado en la antigua PASTELERÍA
  7
LAVA-B
 11
18.85
 21
-9.64125
 31
0.0
100
AcDbText
 73
2
  0
TEXT
  5
647
330
17
100
AcDbEntity
  8
A-TEXTO
100
AcDbText
 10
18.85
 20
-9.79125
 30
0.0
 40
0.07
  1
Refri 2P · congelador · mesa fría · mesa · estanterías · almacén seco.
  7
LAVA
 11
18.85
 21
-9.79125
 31
0.0
100
AcDbText
 73
2
  0
CIRCLE
  5
648
330
17
100
AcDbEntity
  8
A-NOTA-CLAVE
420
11534368
100
AcDbCircle
 10
18.62
 20
-10.06125
 30
0.0
 40
0.1
  0
TEXT
  5
649
330
17
100
AcDbEntity
  8
A-NOTA-CLAVE
420
11534368
100
AcDbText
 10
18.62
 20
-10.06125
 30
0.0
 40
0.09
  1
8
  7
LAVA-B
 72
1
 11
18.62
 21
-10.06125
 31
0.0
100
AcDbText
 73
2
  0
TEXT
  5
64A
330
17
100
AcDbEntity
  8
A-TEXTO
100
AcDbText
 10
18.85
 20
-10.06125
 30
0.0
 40
0.07
  1
PS-1 PUERTA DE SERVICIO CONDICIONAL — VERIFY ON SITE
  7
LAVA-B
 11
18.85
 21
-10.06125
 31
0.0
100
AcDbText
 73
2
  0
TEXT
  5
64B
330
17
100
AcDbEntity
  8
A-TEXTO
100
AcDbText
 10
18.85
 20
-10.21125
 30
0.0
 40
0.07
  1
Reemplaza parte de la ventana sur: aprobación de la administración.
  7
LAVA
 11
18.85
 21
-10.21125
 31
0.0
100
AcDbText
 73
2
  0
CIRCLE
  5
64C
330
17
100
AcDbEntity
  8
A-NOTA-CLAVE
420
7167752
100
AcDbCircle
 10
18.62
 20
-10.48125
 30
0.0
 40
0.1
  0
TEXT
  5
64D
330
17
100
AcDbEntity
  8
A-NOTA-CLAVE
420
7167752
100
AcDbText
 10
18.62
 20
-10.48125
 30
0.0
 40
0.09
  1
9
  7
LAVA-B
 72
1
 11
18.62
 21
-10.48125
 31
0.0
100
AcDbText
 73
2
  0
TEXT
  5
64E
330
17
100
AcDbEntity
  8
A-TEXTO
100
AcDbText
 10
18.85
 20
-10.48125
 30
0.0
 40
0.07
  1
DELIVERY: retiro en la recepción de la entrada
  7
LAVA-B
 11
18.85
 21
-10.48125
 31
0.0
100
AcDbText
 73
2
  0
TEXT
  5
64F
330
17
100
AcDbEntity
  8
A-TEXTO
100
AcDbText
 10
18.85
 20
-10.63125
 30
0.0
 40
0.07
  1
El repartidor no cruza el salón; pedidos empacados en el pase.
  7
LAVA
 11
18.85
 21
-10.63125
 31
0.0
100
AcDbText
 73
2
  0
CIRCLE
  5
650
330
17
100
AcDbEntity
  8
A-NOTA-CLAVE
420
5592405
100
AcDbCircle
 10
18.62
 20
-10.90125
 30
0.0
 40
0.1
  0
TEXT
  5
651
330
17
100
AcDbEntity
  8
A-NOTA-CLAVE
420
5592405
100
AcDbText
 10
18.62
 20
-10.90125
 30
0.0
 40
0.09
  1
10
  7
LAVA-B
 72
1
 11
18.62
 21
-10.90125
 31
0.0
100
AcDbText
 73
2
  0
TEXT
  5
652
330
17
100
AcDbEntity
  8
A-TEXTO
100
AcDbText
 10
18.85
 20
-10.90125
 30
0.0
 40
0.07
  1
Ductos en envolvente de columna A1 — VERIFY ON SITE
  7
LAVA-B
 11
18.85
 21
-10.90125
 31
0.0
100
AcDbText
 73
2
  0
TEXT
  5
653
330
17
100
AcDbEntity
  8
A-TEXTO
100
AcDbText
 10
18.85
 20
-11.05125
 30
0.0
 40
0.07
  1
Altura libre de cielo (3.00 supuesta) — VERIFY ON SITE.
  7
LAVA
 11
18.85
 21
-11.05125
 31
0.0
100
AcDbText
 73
2
  0
TEXT
  5
654
330
17
100
AcDbEntity
  8
A-TEXTO
100
AcDbText
 10
29.4
 20
2.23
 30
0.0
 40
0.1
  1
CAPAS (nombre · contenido)
  7
LAVA-B
 11
29.4
 21
2.23
 31
0.0
100
AcDbText
 73
2
  0
LINE
  5
655
330
17
100
AcDbEntity
  8
A-EJE
100
AcDbLine
 10
29.4
 20
1.9700000000000002
 30
0.0
 11
30.2
 21
1.9700000000000002
 31
0.0
  0
TEXT
  5
656
330
17
100
AcDbEntity
  8
A-TEXTO
100
AcDbText
 10
30.4
 20
1.9700000000000002
 30
0.0
 40
0.07
  1
A-EJE — Ejes de columnas A-B-C / 1-2
  7
LAVA
 11
30.4
 21
1.9700000000000002
 31
0.0
100
AcDbText
 73
2
  0
LINE
  5
657
330
17
100
AcDbEntity
  8
A-MURO-EXIST
100
AcDbLine
 10
29.4
 20
1.7700000000000002
 30
0.0
 11
30.2
 21
1.7700000000000002
 31
0.0
  0
TEXT
  5
658
330
17
100
AcDbEntity
  8
A-TEXTO
100
AcDbText
 10
30.4
 20
1.7700000000000002
 30
0.0
 40
0.07
  1
A-MURO-EXIST — EXISTING WALL: muro existente que se mantiene (contorno)
  7
LAVA
 11
30.4
 21
1.7700000000000002
 31
0.0
100
AcDbText
 73
2
  0
HATCH
  5
659
330
17
100
AcDbEntity
  8
A-MURO-EXIST-TRAMA
100
AcDbHatch
 10
0.0
 20
0.0
 30
0.0
210
0.0
220
0.0
230
1.0
  2
ANSI31
 70
0
 71
0
 91
1
 92
3
 72
0
 73
1
 93
4
 10
30.2
 20
1.6300000000000003
 10
30.2
 20
1.5100000000000002
 10
29.4
 20
1.5100000000000002
 10
29.4
 20
1.6300000000000003
 97
0
 75
1
 76
1
 52
0.0
 41
0.02
 77
0
 78
1
 53
45.0
 43
0.0
 44
0.0
 45
-0.0449012806
 46
0.0449012806
 79
0
 98
0
  0
TEXT
  5
65A
330
17
100
AcDbEntity
  8
A-TEXTO
100
AcDbText
 10
30.4
 20
1.5700000000000003
 30
0.0
 40
0.07
  1
A-MURO-EXIST-TRAMA — Trama de muro existente
  7
LAVA
 11
30.4
 21
1.5700000000000003
 31
0.0
100
AcDbText
 73
2
  0
LINE
  5
65B
330
17
100
AcDbEntity
  8
A-MURO-DEMOL
100
AcDbLine
 10
29.4
 20
1.3700000000000003
 30
0.0
 11
30.2
 21
1.3700000000000003
 31
0.0
  0
TEXT
  5
65C
330
17
100
AcDbEntity
  8
A-TEXTO
100
AcDbText
 10
30.4
 20
1.3700000000000003
 30
0.0
 40
0.07
  1
A-MURO-DEMOL — WALL TO DEMOLISH: muro / vidrio / tramo a demoler
  7
LAVA
 11
30.4
 21
1.3700000000000003
 31
0.0
100
AcDbText
 73
2
  0
HATCH
  5
65D
330
17
100
AcDbEntity
  8
A-MURO-DEMOL-TRAMA
100
AcDbHatch
 10
0.0
 20
0.0
 30
0.0
210
0.0
220
0.0
230
1.0
  2
ANSI31
 70
0
 71
0
 91
1
 92
3
 72
0
 73
1
 93
4
 10
30.2
 20
1.2300000000000004
 10
30.2
 20
1.1100000000000003
 10
29.4
 20
1.1100000000000003
 10
29.4
 20
1.2300000000000004
 97
0
 75
1
 76
1
 52
90.0
 41
0.02
 77
0
 78
1
 53
135.0
 43
0.0
 44
0.0
 45
-0.0449012806
 46
-0.0449012806
 79
0
 98
0
  0
TEXT
  5
65E
330
17
100
AcDbEntity
  8
A-TEXTO
100
AcDbText
 10
30.4
 20
1.1700000000000004
 30
0.0
 40
0.07
  1
A-MURO-DEMOL-TRAMA — Trama de demolición
  7
LAVA
 11
30.4
 21
1.1700000000000004
 31
0.0
100
AcDbText
 73
2
  0
LINE
  5
65F
330
17
100
AcDbEntity
  8
A-MURO-NUEVO
100
AcDbLine
 10
29.4
 20
0.9700000000000004
 30
0.0
 11
30.2
 21
0.9700000000000004
 31
0.0
  0
TEXT
  5
660
330
17
100
AcDbEntity
  8
A-TEXTO
100
AcDbText
 10
30.4
 20
0.9700000000000004
 30
0.0
 40
0.07
  1
A-MURO-NUEVO — NEW PROPOSED WALL: muro / división nueva
  7
LAVA
 11
30.4
 21
0.9700000000000004
 31
0.0
100
AcDbText
 73
2
  0
HATCH
  5
661
330
17
100
AcDbEntity
  8
A-MURO-NUEVO-TRAMA
100
AcDbHatch
 10
0.0
 20
0.0
 30
0.0
210
0.0
220
0.0
230
1.0
  2
SOLID
 70
1
 71
0
 91
1
 92
3
 72
0
 73
1
 93
4
 10
30.2
 20
0.8300000000000005
 10
30.2
 20
0.7100000000000004
 10
29.4
 20
0.7100000000000004
 10
29.4
 20
0.8300000000000005
 97
0
 75
1
 76
1
 98
0
  0
TEXT
  5
662
330
17
100
AcDbEntity
  8
A-TEXTO
100
AcDbText
 10
30.4
 20
0.7700000000000005
 30
0.0
 40
0.07
  1
A-MURO-NUEVO-TRAMA — Relleno sólido de muro nuevo
  7
LAVA
 11
30.4
 21
0.7700000000000005
 31
0.0
100
AcDbText
 73
2
  0
LINE
  5
663
330
17
100
AcDbEntity
  8
A-VIDRIO
100
AcDbLine
 10
29.4
 20
0.5700000000000005
 30
0.0
 11
30.2
 21
0.5700000000000005
 31
0.0
  0
TEXT
  5
664
330
17
100
AcDbEntity
  8
A-TEXTO
100
AcDbText
 10
30.4
 20
0.5700000000000005
 30
0.0
 40
0.07
  1
A-VIDRIO — Vidrio: vitrinas, ventana, vidrio de la división NW-1
  7
LAVA
 11
30.4
 21
0.5700000000000005
 31
0.0
100
AcDbText
 73
2
  0
LINE
  5
665
330
17
100
AcDbEntity
  8
A-PUERTA
100
AcDbLine
 10
29.4
 20
0.3700000000000005
 30
0.0
 11
30.2
 21
0.3700000000000005
 31
0.0
  0
TEXT
  5
666
330
17
100
AcDbEntity
  8
A-TEXTO
100
AcDbText
 10
30.4
 20
0.3700000000000005
 30
0.0
 40
0.07
  1
A-PUERTA — Puertas y vanos con giro de hoja
  7
LAVA
 11
30.4
 21
0.3700000000000005
 31
0.0
100
AcDbText
 73
2
  0
LINE
  5
667
330
17
100
AcDbEntity
  8
A-PUERTA-COND
100
AcDbLine
 10
29.4
 20
0.17000000000000048
 30
0.0
 11
30.2
 21
0.17000000000000048
 31
0.0
  0
TEXT
  5
668
330
17
100
AcDbEntity
  8
A-TEXTO
100
AcDbText
 10
30.4
 20
0.17000000000000048
 30
0.0
 40
0.07
  1
A-PUERTA-COND — Puerta / vano CONDICIONAL (requiere aprobación)
  7
LAVA
 11
30.4
 21
0.17000000000000048
 31
0.0
100
AcDbText
 73
2
  0
LINE
  5
669
330
17
100
AcDbEntity
  8
A-COLUMNA
100
AcDbLine
 10
29.4
 20
-0.029999999999999527
 30
0.0
 11
30.2
 21
-0.029999999999999527
 31
0.0
  0
TEXT
  5
66A
330
17
100
AcDbEntity
  8
A-TEXTO
100
AcDbText
 10
30.4
 20
-0.029999999999999527
 30
0.0
 40
0.07
  1
A-COLUMNA — Columnas (contorno)
  7
LAVA
 11
30.4
 21
-0.029999999999999527
 31
0.0
100
AcDbText
 73
2
  0
HATCH
  5
66B
330
17
100
AcDbEntity
  8
A-COLUMNA-TRAMA
100
AcDbHatch
 10
0.0
 20
0.0
 30
0.0
210
0.0
220
0.0
230
1.0
  2
SOLID
 70
1
 71
0
 91
1
 92
3
 72
0
 73
1
 93
4
 10
30.2
 20
-0.16999999999999954
 10
30.2
 20
-0.28999999999999954
 10
29.4
 20
-0.28999999999999954
 10
29.4
 20
-0.16999999999999954
 97
0
 75
1
 76
1
 98
0
  0
TEXT
  5
66C
330
17
100
AcDbEntity
  8
A-TEXTO
100
AcDbText
 10
30.4
 20
-0.22999999999999954
 30
0.0
 40
0.07
  1
A-COLUMNA-TRAMA — Relleno de columnas
  7
LAVA
 11
30.4
 21
-0.22999999999999954
 31
0.0
100
AcDbText
 73
2
  0
LINE
  5
66D
330
17
100
AcDbEntity
  8
A-ESCALERA
100
AcDbLine
 10
29.4
 20
-0.42999999999999955
 30
0.0
 11
30.2
 21
-0.42999999999999955
 31
0.0
  0
TEXT
  5
66E
330
17
100
AcDbEntity
  8
A-TEXTO
100
AcDbText
 10
30.4
 20
-0.42999999999999955
 30
0.0
 40
0.07
  1
A-ESCALERA — Escalera del edificio (fuera del local)
  7
LAVA
 11
30.4
 21
-0.42999999999999955
 31
0.0
100
AcDbText
 73
2
  0
LINE
  5
66F
330
17
100
AcDbEntity
  8
A-DUCTO
100
AcDbLine
 10
29.4
 20
-0.6299999999999996
 30
0.0
 11
30.2
 21
-0.6299999999999996
 31
0.0
  0
TEXT
  5
670
330
17
100
AcDbEntity
  8
A-TEXTO
100
AcDbText
 10
30.4
 20
-0.6299999999999996
 30
0.0
 40
0.07
  1
A-DUCTO — Ductos existentes (shafts)
  7
LAVA
 11
30.4
 21
-0.6299999999999996
 31
0.0
100
AcDbText
 73
2
  0
LINE
  5
671
330
17
100
AcDbEntity
  8
A-CONTEXTO
100
AcDbLine
 10
29.4
 20
-0.8299999999999996
 30
0.0
 11
30.2
 21
-0.8299999999999996
 31
0.0
  0
TEXT
  5
672
330
17
100
AcDbEntity
  8
A-TEXTO
100
AcDbText
 10
30.4
 20
-0.8299999999999996
 30
0.0
 40
0.07
  1
A-CONTEXTO — Contexto fuera del local (puertas vecinas, terraza)
  7
LAVA
 11
30.4
 21
-0.8299999999999996
 31
0.0
100
AcDbText
 73
2
  0
LINE
  5
673
330
17
100
AcDbEntity
  8
A-EQUIPO
100
AcDbLine
 10
29.4
 20
-1.0299999999999996
 30
0.0
 11
30.2
 21
-1.0299999999999996
 31
0.0
  0
TEXT
  5
674
330
17
100
AcDbEntity
  8
A-TEXTO
100
AcDbText
 10
30.4
 20
-1.0299999999999996
 30
0.0
 40
0.07
  1
A-EQUIPO — Equipos de cocina / barra en piso (trazo grueso = frente de trabajo)
  7
LAVA
 11
30.4
 21
-1.0299999999999996
 31
0.0
100
AcDbText
 73
2
  0
LINE
  5
675
330
17
100
AcDbEntity
  8
A-EQUIPO-ALTO
100
AcDbLine
 10
29.4
 20
-1.2299999999999995
 30
0.0
 11
30.2
 21
-1.2299999999999995
 31
0.0
  0
TEXT
  5
676
330
17
100
AcDbEntity
  8
A-TEXTO
100
AcDbText
 10
30.4
 20
-1.2299999999999995
 30
0.0
 40
0.07
  1
A-EQUIPO-ALTO — Equipos en altura: campanas (proyección)
  7
LAVA
 11
30.4
 21
-1.2299999999999995
 31
0.0
100
AcDbText
 73
2
  0
TEXT
  5
677
330
17
100
AcDbEntity
  8
A-EQUIPO-TEXTO
100
AcDbText
 10
29.799999999999997
 20
-1.4299999999999995
 30
0.0
 40
0.07
  1
Abc 123
  7
LAVA
 72
1
 11
29.799999999999997
 21
-1.4299999999999995
 31
0.0
100
AcDbText
 73
2
  0
TEXT
  5
678
330
17
100
AcDbEntity
  8
A-TEXTO
100
AcDbText
 10
30.4
 20
-1.4299999999999995
 30
0.0
 40
0.07
  1
A-EQUIPO-TEXTO — Rótulos de equipos: tag · nombre · medida (* = DIMENSION TO VERIFY)
  7
LAVA
 11
30.4
 21
-1.4299999999999995
 31
0.0
100
AcDbText
 73
2
  0
LINE
  5
679
330
17
100
AcDbEntity
  8
A-EQUIPO-DESPEJE
100
AcDbLine
 10
29.4
 20
-1.6299999999999994
 30
0.0
 11
30.2
 21
-1.6299999999999994
 31
0.0
  0
TEXT
  5
67A
330
17
100
AcDbEntity
  8
A-TEXTO
100
AcDbText
 10
30.4
 20
-1.6299999999999994
 30
0.0
 40
0.07
  1
A-EQUIPO-DESPEJE — Despeje libre exigido frente a cada equipo  [apagada por defecto]
  7
LAVA
 11
30.4
 21
-1.6299999999999994
 31
0.0
100
AcDbText
 73
2
  0
LINE
  5
67B
330
17
100
AcDbEntity
  8
A-RETIRO
100
AcDbLine
 10
29.4
 20
-1.8299999999999994
 30
0.0
 11
30.2
 21
-1.8299999999999994
 31
0.0
  0
TEXT
  5
67C
330
17
100
AcDbEntity
  8
A-TEXTO
100
AcDbText
 10
30.4
 20
-1.8299999999999994
 30
0.0
 40
0.07
  1
A-RETIRO — Equipo existente a retirar
  7
LAVA
 11
30.4
 21
-1.8299999999999994
 31
0.0
100
AcDbText
 73
2
  0
LINE
  5
67D
330
17
100
AcDbEntity
  8
A-MOBILIARIO
100
AcDbLine
 10
29.4
 20
-2.0299999999999994
 30
0.0
 11
30.2
 21
-2.0299999999999994
 31
0.0
  0
TEXT
  5
67E
330
17
100
AcDbEntity
  8
A-TEXTO
100
AcDbText
 10
30.4
 20
-2.0299999999999994
 30
0.0
 40
0.07
  1
A-MOBILIARIO — Mesas, sillas y bancas corridas
  7
LAVA
 11
30.4
 21
-2.0299999999999994
 31
0.0
100
AcDbText
 73
2
  0
LINE
  5
67F
330
17
100
AcDbEntity
  8
A-DECOR
100
AcDbLine
 10
29.4
 20
-2.2299999999999995
 30
0.0
 11
30.2
 21
-2.2299999999999995
 31
0.0
  0
TEXT
  5
680
330
17
100
AcDbEntity
  8
A-TEXTO
100
AcDbText
 10
30.4
 20
-2.2299999999999995
 30
0.0
 40
0.07
  1
A-DECOR — Decoración: celosía, letrero, afiches, luminarias decorativas
  7
LAVA
 11
30.4
 21
-2.2299999999999995
 31
0.0
100
AcDbText
 73
2
  0
LINE
  5
681
330
17
100
AcDbEntity
  8
A-ZONA
100
AcDbLine
 10
29.4
 20
-2.4299999999999997
 30
0.0
 11
30.2
 21
-2.4299999999999997
 31
0.0
  0
TEXT
  5
682
330
17
100
AcDbEntity
  8
A-TEXTO
100
AcDbText
 10
30.4
 20
-2.4299999999999997
 30
0.0
 40
0.07
  1
A-ZONA — Zonas operativas: límite, nombre y área
  7
LAVA
 11
30.4
 21
-2.4299999999999997
 31
0.0
100
AcDbText
 73
2
  0
HATCH
  5
683
330
17
100
AcDbEntity
  8
A-ZONA-TRAMA
420
3108816
440
33554482
100
AcDbHatch
 10
0.0
 20
0.0
 30
0.0
210
0.0
220
0.0
230
1.0
  2
SOLID
 70
1
 71
0
 91
1
 92
3
 72
0
 73
1
 93
4
 10
30.2
 20
-2.57
 10
30.2
 20
-2.69
 10
29.4
 20
-2.69
 10
29.4
 20
-2.57
 97
0
 75
1
 76
1
 98
0
  0
TEXT
  5
684
330
17
100
AcDbEntity
  8
A-TEXTO
100
AcDbText
 10
30.4
 20
-2.63
 30
0.0
 40
0.07
  1
A-ZONA-TRAMA — Relleno transparente de zonas
  7
LAVA
 11
30.4
 21
-2.63
 31
0.0
100
AcDbText
 73
2
  0
LINE
  5
685
330
17
100
AcDbEntity
  8
A-FLUJO
100
AcDbLine
 10
29.4
 20
-2.83
 30
0.0
 11
30.2
 21
-2.83
 31
0.0
  0
TEXT
  5
686
330
17
100
AcDbEntity
  8
A-TEXTO
100
AcDbText
 10
30.4
 20
-2.83
 30
0.0
 40
0.07
  1
A-FLUJO — Flujos operativos (limpio / sucio / platos / clientes / delivery)  [apagada por defecto]
  7
LAVA
 11
30.4
 21
-2.83
 31
0.0
100
AcDbText
 73
2
  0
LINE
  5
687
330
17
100
AcDbEntity
  8
A-COTA
100
AcDbLine
 10
29.4
 20
-3.0300000000000002
 30
0.0
 11
30.2
 21
-3.0300000000000002
 31
0.0
  0
TEXT
  5
688
330
17
100
AcDbEntity
  8
A-TEXTO
100
AcDbText
 10
30.4
 20
-3.0300000000000002
 30
0.0
 40
0.07
  1
A-COTA — Cotas (entidades DIMENSION, estilo LAVA-50)
  7
LAVA
 11
30.4
 21
-3.0300000000000002
 31
0.0
100
AcDbText
 73
2
  0
LINE
  5
689
330
17
100
AcDbEntity
  8
A-COTA-DEMO
100
AcDbLine
 10
29.4
 20
-3.2300000000000004
 30
0.0
 11
30.2
 21
-3.2300000000000004
 31
0.0
  0
TEXT
  5
68A
330
17
100
AcDbEntity
  8
A-TEXTO
100
AcDbText
 10
30.4
 20
-3.2300000000000004
 30
0.0
 40
0.07
  1
A-COTA-DEMO — Cotas del estado Marna’s y corrimiento (lámina A-102)  [apagada por defecto]
  7
LAVA
 11
30.4
 21
-3.2300000000000004
 31
0.0
100
AcDbText
 73
2
  0
TEXT
  5
68B
330
17
100
AcDbEntity
  8
A-NOTA-CLAVE
100
AcDbText
 10
29.799999999999997
 20
-3.4300000000000006
 30
0.0
 40
0.07
  1
Abc 123
  7
LAVA
 72
1
 11
29.799999999999997
 21
-3.4300000000000006
 31
0.0
100
AcDbText
 73
2
  0
TEXT
  5
68C
330
17
100
AcDbEntity
  8
A-TEXTO
100
AcDbText
 10
30.4
 20
-3.4300000000000006
 30
0.0
 40
0.07
  1
A-NOTA-CLAVE — Notas clave numeradas (mismas que la lámina A-101)
  7
LAVA
 11
30.4
 21
-3.4300000000000006
 31
0.0
100
AcDbText
 73
2
  0
TEXT
  5
68D
330
17
100
AcDbEntity
  8
A-TEXTO
100
AcDbText
 10
29.799999999999997
 20
-3.630000000000001
 30
0.0
 40
0.07
  1
Abc 123
  7
LAVA
 72
1
 11
29.799999999999997
 21
-3.630000000000001
 31
0.0
100
AcDbText
 73
2
  0
TEXT
  5
68E
330
17
100
AcDbEntity
  8
A-TEXTO
100
AcDbText
 10
30.4
 20
-3.630000000000001
 30
0.0
 40
0.07
  1
A-TEXTO — Textos, rótulo, notas y cuadros
  7
LAVA
 11
30.4
 21
-3.630000000000001
 31
0.0
100
AcDbText
 73
2
  0
LINE
  5
68F
330
17
100
AcDbEntity
  8
S-SEGURIDAD
100
AcDbLine
 10
29.4
 20
-3.830000000000001
 30
0.0
 11
30.2
 21
-3.830000000000001
 31
0.0
  0
TEXT
  5
690
330
17
100
AcDbEntity
  8
A-TEXTO
100
AcDbText
 10
30.4
 20
-3.830000000000001
 30
0.0
 40
0.07
  1
S-SEGURIDAD — Salidas, rótulos SALIDA, luces de emergencia, extintores, detectores, pulsadores
  7
LAVA
 11
30.4
 21
-3.830000000000001
 31
0.0
100
AcDbText
 73
2
  0
LINE
  5
691
330
17
100
AcDbEntity
  8
S-EGRESO
100
AcDbLine
 10
29.4
 20
-4.030000000000001
 30
0.0
 11
30.2
 21
-4.030000000000001
 31
0.0
  0
TEXT
  5
692
330
17
100
AcDbEntity
  8
A-TEXTO
100
AcDbText
 10
30.4
 20
-4.030000000000001
 30
0.0
 40
0.07
  1
S-EGRESO — Recorridos de egreso medidos (data/life_safety_calcs.json)  [apagada por defecto]
  7
LAVA
 11
30.4
 21
-4.030000000000001
 31
0.0
100
AcDbText
 73
2
  0
LINE
  5
693
330
17
100
AcDbEntity
  8
M-GAS
100
AcDbLine
 10
29.4
 20
-4.230000000000001
 30
0.0
 11
30.2
 21
-4.230000000000001
 31
0.0
  0
TEXT
  5
694
330
17
100
AcDbEntity
  8
A-TEXTO
100
AcDbText
 10
30.4
 20
-4.230000000000001
 30
0.0
 40
0.07
  1
M-GAS — Gas de la red del centro comercial: acometida, llaves, solenoide, manifold (esquemático)
  7
LAVA
 11
30.4
 21
-4.230000000000001
 31
0.0
100
AcDbText
 73
2
  0
LINE
  5
695
330
17
100
AcDbEntity
  8
M-EXTRACCION
100
AcDbLine
 10
29.4
 20
-4.4300000000000015
 30
0.0
 11
30.2
 21
-4.4300000000000015
 31
0.0
  0
TEXT
  5
696
330
17
100
AcDbEntity
  8
A-TEXTO
100
AcDbText
 10
30.4
 20
-4.4300000000000015
 30
0.0
 40
0.07
  1
M-EXTRACCION — Extracción EXT-1 / EXT-2 y chimenea EXT-3: collarines y ductos verticales
  7
LAVA
 11
30.4
 21
-4.4300000000000015
 31
0.0
100
AcDbText
 73
2
  0
LINE
  5
697
330
17
100
AcDbEntity
  8
M-AIRE
100
AcDbLine
 10
29.4
 20
-4.630000000000002
 30
0.0
 11
30.2
 21
-4.630000000000002
 31
0.0
  0
TEXT
  5
698
330
17
100
AcDbEntity
  8
A-TEXTO
100
AcDbText
 10
30.4
 20
-4.630000000000002
 30
0.0
 40
0.07
  1
M-AIRE — Aire de reposición AR-1 (difusores y riser propuesto de M-102)
  7
LAVA
 11
30.4
 21
-4.630000000000002
 31
0.0
100
AcDbText
 73
2
  0
LINE
  5
699
330
17
100
AcDbEntity
  8
P-SANITARIO
100
AcDbLine
 10
29.4
 20
-4.830000000000002
 30
0.0
 11
30.2
 21
-4.830000000000002
 31
0.0
  0
TEXT
  5
69A
330
17
100
AcDbEntity
  8
A-TEXTO
100
AcDbText
 10
30.4
 20
-4.830000000000002
 30
0.0
 40
0.07
  1
P-SANITARIO — Artefactos sanitarios, trampa de grasa, puntos húmedos existentes WP, desagües
  7
LAVA
 11
30.4
 21
-4.830000000000002
 31
0.0
100
AcDbText
 73
2
  0
LINE
  5
69B
330
17
100
AcDbEntity
  8
E-TABLERO
100
AcDbLine
 10
29.4
 20
-5.030000000000002
 30
0.0
 11
30.2
 21
-5.030000000000002
 31
0.0
  0
TEXT
  5
69C
330
17
100
AcDbEntity
  8
A-TEXTO
100
AcDbText
 10
30.4
 20
-5.030000000000002
 30
0.0
 40
0.07
  1
E-TABLERO — Tablero eléctrico y espacio de trabajo
  7
LAVA
 11
30.4
 21
-5.030000000000002
 31
0.0
100
AcDbText
 73
2
  0
TEXT
  5
69D
330
17
100
AcDbEntity
  8
A-TEXTO
100
AcDbText
 10
29.4
 20
-5.430000000000002
 30
0.0
 40
0.1
  1
SÍMBOLOS
  7
LAVA-B
 11
29.4
 21
-5.430000000000002
 31
0.0
100
AcDbText
 73
2
  0
INSERT
  5
69E
330
17
100
AcDbEntity
  8
S-SEGURIDAD
100
AcDbBlockReference
  2
LAVA-SALIDA
 10
29.799999999999997
 20
-5.860000000000002
 30
0.0
  0
TEXT
  5
6A0
330
17
100
AcDbEntity
  8
A-TEXTO
100
AcDbText
 10
30.4
 20
-5.860000000000002
 30
0.0
 40
0.07
  1
Rótulo SALIDA iluminado (triángulo = sentido de salida)
  7
LAVA
 11
30.4
 21
-5.860000000000002
 31
0.0
100
AcDbText
 73
2
  0
INSERT
  5
6A1
330
17
100
AcDbEntity
  8
S-SEGURIDAD
100
AcDbBlockReference
  2
LAVA-LUZ-EMERG
 10
29.799999999999997
 20
-6.280000000000002
 30
0.0
  0
TEXT
  5
6A3
330
17
100
AcDbEntity
  8
A-TEXTO
100
AcDbText
 10
30.4
 20
-6.280000000000002
 30
0.0
 40
0.07
  1
Luz de emergencia (autonomía ≥ 1.5 h)
  7
LAVA
 11
30.4
 21
-6.280000000000002
 31
0.0
100
AcDbText
 73
2
  0
INSERT
  5
6A4
330
17
100
AcDbEntity
  8
S-SEGURIDAD
100
AcDbBlockReference
 66
1
  2
LAVA-EXTINTOR
 10
29.799999999999997
 20
-6.700000000000002
 30
0.0
  0
ATTRIB
  5
6A6
330
17
100
AcDbEntity
  8
S-SEGURIDAD
100
AcDbText
 10
29.799999999999997
 20
-6.690000000000002
 30
0.0
 40
0.055
  1
K
  7
LAVA-B
 72
1
 11
29.799999999999997
 21
-6.690000000000002
 31
0.0
100
AcDbAttribute
  2
CLASE
 70
0
 74
2
 71
1
 72
0
 11
29.799999999999997
 21
-6.690000000000002
 31
0.0
  0
SEQEND
  5
6A5
330
6A4
100
AcDbEntity
  8
S-SEGURIDAD
  0
TEXT
  5
6A7
330
17
100
AcDbEntity
  8
A-TEXTO
100
AcDbText
 10
30.4
 20
-6.700000000000002
 30
0.0
 40
0.07
  1
Extintor portátil (K = clase K · ABC = polvo químico)
  7
LAVA
 11
30.4
 21
-6.700000000000002
 31
0.0
100
AcDbText
 73
2
  0
INSERT
  5
6A8
330
17
100
AcDbEntity
  8
S-SEGURIDAD
100
AcDbBlockReference
 66
1
  2
LAVA-DETECTOR
 10
29.799999999999997
 20
-7.120000000000002
 30
0.0
  0
ATTRIB
  5
6AA
330
17
100
AcDbEntity
  8
S-SEGURIDAD
100
AcDbText
 10
29.799999999999997
 20
-7.120000000000002
 30
0.0
 40
0.05
  1
DT
  7
LAVA-B
 72
1
 11
29.799999999999997
 21
-7.120000000000002
 31
0.0
100
AcDbAttribute
  2
TIPO
 70
0
 74
2
 71
1
 72
0
 11
29.799999999999997
 21
-7.120000000000002
 31
0.0
  0
SEQEND
  5
6A9
330
6A8
100
AcDbEntity
  8
S-SEGURIDAD
  0
TEXT
  5
6AB
330
17
100
AcDbEntity
  8
A-TEXTO
100
AcDbText
 10
30.4
 20
-7.120000000000002
 30
0.0
 40
0.07
  1
Detector: DH humo · DT térmico (cocina caliente)
  7
LAVA
 11
30.4
 21
-7.120000000000002
 31
0.0
100
AcDbText
 73
2
  0
INSERT
  5
6AC
330
17
100
AcDbEntity
  8
S-SEGURIDAD
100
AcDbBlockReference
  2
LAVA-PULSADOR
 10
29.799999999999997
 20
-7.540000000000002
 30
0.0
  0
TEXT
  5
6AE
330
17
100
AcDbEntity
  8
A-TEXTO
100
AcDbText
 10
30.4
 20
-7.540000000000002
 30
0.0
 40
0.07
  1
Pulsador manual de supresión de campana
  7
LAVA
 11
30.4
 21
-7.540000000000002
 31
0.0
100
AcDbText
 73
2
  0
INSERT
  5
6AF
330
17
100
AcDbEntity
  8
M-GAS
100
AcDbBlockReference
  2
LAVA-VALVULA
 10
29.799999999999997
 20
-7.960000000000002
 30
0.0
  0
TEXT
  5
6B1
330
17
100
AcDbEntity
  8
A-TEXTO
100
AcDbText
 10
30.4
 20
-7.960000000000002
 30
0.0
 40
0.07
  1
Llave de gas
  7
LAVA
 11
30.4
 21
-7.960000000000002
 31
0.0
100
AcDbText
 73
2
  0
INSERT
  5
6B2
330
17
100
AcDbEntity
  8
M-GAS
100
AcDbBlockReference
  2
LAVA-SOLENOIDE
 10
29.799999999999997
 20
-8.380000000000003
 30
0.0
  0
TEXT
  5
6B4
330
17
100
AcDbEntity
  8
A-TEXTO
100
AcDbText
 10
30.4
 20
-8.380000000000003
 30
0.0
 40
0.07
  1
Válvula solenoide de gas enclavada con la supresión
  7
LAVA
 11
30.4
 21
-8.380000000000003
 31
0.0
100
AcDbText
 73
2
  0
INSERT
  5
6B5
330
17
100
AcDbEntity
  8
M-EXTRACCION
100
AcDbBlockReference
  2
LAVA-DUCTO-V
 10
29.799999999999997
 20
-8.800000000000002
 30
0.0
  0
TEXT
  5
6B7
330
17
100
AcDbEntity
  8
A-TEXTO
100
AcDbText
 10
30.4
 20
-8.800000000000002
 30
0.0
 40
0.07
  1
Ducto vertical / collarín de extracción o chimenea
  7
LAVA
 11
30.4
 21
-8.800000000000002
 31
0.0
100
AcDbText
 73
2
  0
INSERT
  5
6B8
330
17
100
AcDbEntity
  8
M-AIRE
100
AcDbBlockReference
  2
LAVA-DIFUSOR
 10
29.799999999999997
 20
-9.220000000000002
 30
0.0
  0
TEXT
  5
6BA
330
17
100
AcDbEntity
  8
A-TEXTO
100
AcDbText
 10
30.4
 20
-9.220000000000002
 30
0.0
 40
0.07
  1
Difusor de aire de reposición
  7
LAVA
 11
30.4
 21
-9.220000000000002
 31
0.0
100
AcDbText
 73
2
  0
INSERT
  5
6BB
330
17
100
AcDbEntity
  8
P-SANITARIO
100
AcDbBlockReference
  2
LAVA-DESAGUE
 10
29.799999999999997
 20
-9.640000000000002
 30
0.0
  0
TEXT
  5
6BD
330
17
100
AcDbEntity
  8
A-TEXTO
100
AcDbText
 10
30.4
 20
-9.640000000000002
 30
0.0
 40
0.07
  1
Desagüe de piso
  7
LAVA
 11
30.4
 21
-9.640000000000002
 31
0.0
100
AcDbText
 73
2
  0
TEXT
  5
6BE
330
17
100
AcDbEntity
  8
A-TEXTO
100
AcDbText
 10
29.4
 20
-10.393000000000002
 30
0.0
 40
0.09450000000000001
  1
CUADRO DE ÁREAS (≈, a verificar en sitio)
  7
LAVA-B
 11
29.4
 21
-10.393000000000002
 31
0.0
100
AcDbText
 73
2
  0
TEXT
  5
6BF
330
17
100
AcDbEntity
  8
A-TEXTO
100
AcDbText
 10
29.45
 20
-10.585500000000001
 30
0.0
 40
0.07
  1
Zona
  7
LAVA-B
 11
29.45
 21
-10.585500000000001
 31
0.0
100
AcDbText
 73
2
  0
TEXT
  5
6C0
330
17
100
AcDbEntity
  8
A-TEXTO
100
AcDbText
 10
30.15
 20
-10.585500000000001
 30
0.0
 40
0.07
  1
Nombre
  7
LAVA-B
 11
30.15
 21
-10.585500000000001
 31
0.0
100
AcDbText
 73
2
  0
TEXT
  5
6C1
330
17
100
AcDbEntity
  8
A-TEXTO
100
AcDbText
 10
37.949999999999996
 20
-10.585500000000001
 30
0.0
 40
0.07
  1
Área m²
  7
LAVA-B
 11
37.949999999999996
 21
-10.585500000000001
 31
0.0
100
AcDbText
 73
2
  0
LINE
  5
6C2
330
17
100
AcDbEntity
  8
A-TEXTO
370
25
100
AcDbLine
 10
29.4
 20
-10.659000000000002
 30
0.0
 11
39.4
 21
-10.659000000000002
 31
0.0
  0
TEXT
  5
6C3
330
17
100
AcDbEntity
  8
A-TEXTO
100
AcDbText
 10
29.45
 20
-10.732500000000002
 30
0.0
 40
0.07
  1
B
  7
LAVA-B
 11
29.45
 21
-10.732500000000002
 31
0.0
100
AcDbText
 73
2
  0
TEXT
  5
6C4
330
17
100
AcDbEntity
  8
A-TEXTO
100
AcDbText
 10
30.15
 20
-10.732500000000002
 30
0.0
 40
0.07
  1
Cocina caliente / show kitchen
  7
LAVA
 11
30.15
 21
-10.732500000000002
 31
0.0
100
AcDbText
 73
2
  0
TEXT
  5
6C5
330
17
100
AcDbEntity
  8
A-TEXTO
100
AcDbText
 10
37.949999999999996
 20
-10.732500000000002
 30
0.0
 40
0.07
  1
12.59
  7
LAVA
 11
37.949999999999996
 21
-10.732500000000002
 31
0.0
100
AcDbText
 73
2
  0
LINE
  5
6C6
330
17
100
AcDbEntity
  8
A-TEXTO
370
5
100
AcDbLine
 10
29.4
 20
-10.806000000000003
 30
0.0
 11
39.4
 21
-10.806000000000003
 31
0.0
  0
TEXT
  5
6C7
330
17
100
AcDbEntity
  8
A-TEXTO
100
AcDbText
 10
29.45
 20
-10.879500000000002
 30
0.0
 40
0.07
  1
E
  7
LAVA-B
 11
29.45
 21
-10.879500000000002
 31
0.0
100
AcDbText
 73
2
  0
TEXT
  5
6C8
330
17
100
AcDbEntity
  8
A-TEXTO
100
AcDbText
 10
30.15
 20
-10.879500000000002
 30
0.0
 40
0.07
  1
Producción BBQ: smoker + holding
  7
LAVA
 11
30.15
 21
-10.879500000000002
 31
0.0
100
AcDbText
 73
2
  0
TEXT
  5
6C9
330
17
100
AcDbEntity
  8
A-TEXTO
100
AcDbText
 10
37.949999999999996
 20
-10.879500000000002
 30
0.0
 40
0.07
  1
8.18
  7
LAVA
 11
37.949999999999996
 21
-10.879500000000002
 31
0.0
100
AcDbText
 73
2
  0
LINE
  5
6CA
330
17
100
AcDbEntity
  8
A-TEXTO
370
5
100
AcDbLine
 10
29.4
 20
-10.953000000000003
 30
0.0
 11
39.4
 21
-10.953000000000003
 31
0.0
  0
TEXT
  5
6CB
330
17
100
AcDbEntity
  8
A-TEXTO
100
AcDbText
 10
29.45
 20
-11.026500000000002
 30
0.0
 40
0.07
  1
W
  7
LAVA-B
 11
29.45
 21
-11.026500000000002
 31
0.0
100
AcDbText
 73
2
  0
TEXT
  5
6CC
330
17
100
AcDbEntity
  8
A-TEXTO
100
AcDbText
 10
30.15
 20
-11.026500000000002
 30
0.0
 40
0.07
  1
Lavado (antiguas PILAS)
  7
LAVA
 11
30.15
 21
-11.026500000000002
 31
0.0
100
AcDbText
 73
2
  0
TEXT
  5
6CD
330
17
100
AcDbEntity
  8
A-TEXTO
100
AcDbText
 10
37.949999999999996
 20
-11.026500000000002
 30
0.0
 40
0.07
  1
9.59
  7
LAVA
 11
37.949999999999996
 21
-11.026500000000002
 31
0.0
100
AcDbText
 73
2
  0
LINE
  5
6CE
330
17
100
AcDbEntity
  8
A-TEXTO
370
5
100
AcDbLine
 10
29.4
 20
-11.100000000000003
 30
0.0
 11
39.4
 21
-11.100000000000003
 31
0.0
  0
TEXT
  5
6CF
330
17
100
AcDbEntity
  8
A-TEXTO
100
AcDbText
 10
29.45
 20
-11.173500000000002
 30
0.0
 40
0.07
  1
A
  7
LAVA-B
 11
29.45
 21
-11.173500000000002
 31
0.0
100
AcDbText
 73
2
  0
TEXT
  5
6D0
330
17
100
AcDbEntity
  8
A-TEXTO
100
AcDbText
 10
30.15
 20
-11.173500000000002
 30
0.0
 40
0.07
  1
Cold prep + refrigeración + almacén (antigua PASTELERÍA)
  7
LAVA
 11
30.15
 21
-11.173500000000002
 31
0.0
100
AcDbText
 73
2
  0
TEXT
  5
6D1
330
17
100
AcDbEntity
  8
A-TEXTO
100
AcDbText
 10
37.949999999999996
 20
-11.173500000000002
 30
0.0
 40
0.07
  1
18.87
  7
LAVA
 11
37.949999999999996
 21
-11.173500000000002
 31
0.0
100
AcDbText
 73
2
  0
LINE
  5
6D2
330
17
100
AcDbEntity
  8
A-TEXTO
370
5
100
AcDbLine
 10
29.4
 20
-11.247000000000003
 30
0.0
 11
39.4
 21
-11.247000000000003
 31
0.0
  0
TEXT
  5
6D3
330
17
100
AcDbEntity
  8
A-TEXTO
100
AcDbText
 10
29.45
 20
-11.320500000000003
 30
0.0
 40
0.07
  1
C
  7
LAVA-B
 11
29.45
 21
-11.320500000000003
 31
0.0
100
AcDbText
 73
2
  0
TEXT
  5
6D4
330
17
100
AcDbEntity
  8
A-TEXTO
100
AcDbText
 10
30.15
 20
-11.320500000000003
 30
0.0
 40
0.07
  1
Barra / caja / POS / pase
  7
LAVA
 11
30.15
 21
-11.320500000000003
 31
0.0
100
AcDbText
 73
2
  0
TEXT
  5
6D5
330
17
100
AcDbEntity
  8
A-TEXTO
100
AcDbText
 10
37.949999999999996
 20
-11.320500000000003
 30
0.0
 40
0.07
  1
5.78
  7
LAVA
 11
37.949999999999996
 21
-11.320500000000003
 31
0.0
100
AcDbText
 73
2
  0
LINE
  5
6D6
330
17
100
AcDbEntity
  8
A-TEXTO
370
5
100
AcDbLine
 10
29.4
 20
-11.394000000000004
 30
0.0
 11
39.4
 21
-11.394000000000004
 31
0.0
  0
TEXT
  5
6D7
330
17
100
AcDbEntity
  8
A-TEXTO
100
AcDbText
 10
29.45
 20
-11.467500000000003
 30
0.0
 40
0.07
  1
D
  7
LAVA-B
 11
29.45
 21
-11.467500000000003
 31
0.0
100
AcDbText
 73
2
  0
TEXT
  5
6D8
330
17
100
AcDbEntity
  8
A-TEXTO
100
AcDbText
 10
30.15
 20
-11.467500000000003
 30
0.0
 40
0.07
  1
Salón
  7
LAVA
 11
30.15
 21
-11.467500000000003
 31
0.0
100
AcDbText
 73
2
  0
TEXT
  5
6D9
330
17
100
AcDbEntity
  8
A-TEXTO
100
AcDbText
 10
37.949999999999996
 20
-11.467500000000003
 30
0.0
 40
0.07
  1
51.58
  7
LAVA
 11
37.949999999999996
 21
-11.467500000000003
 31
0.0
100
AcDbText
 73
2
  0
LINE
  5
6DA
330
17
100
AcDbEntity
  8
A-TEXTO
370
5
100
AcDbLine
 10
29.4
 20
-11.541000000000004
 30
0.0
 11
39.4
 21
-11.541000000000004
 31
0.0
  0
TEXT
  5
6DB
330
17
100
AcDbEntity
  8
A-TEXTO
100
AcDbText
 10
29.45
 20
-11.614500000000003
 30
0.0
 40
0.07
  1
Σ
  7
LAVA-B
 11
29.45
 21
-11.614500000000003
 31
0.0
100
AcDbText
 73
2
  0
TEXT
  5
6DC
330
17
100
AcDbEntity
  8
A-TEXTO
100
AcDbText
 10
30.15
 20
-11.614500000000003
 30
0.0
 40
0.07
  1
Local (polígono de premisas, interior)
  7
LAVA
 11
30.15
 21
-11.614500000000003
 31
0.0
100
AcDbText
 73
2
  0
TEXT
  5
6DD
330
17
100
AcDbEntity
  8
A-TEXTO
100
AcDbText
 10
37.949999999999996
 20
-11.614500000000003
 30
0.0
 40
0.07
  1
107.65
  7
LAVA
 11
37.949999999999996
 21
-11.614500000000003
 31
0.0
100
AcDbText
 73
2
  0
LINE
  5
6DE
330
17
100
AcDbEntity
  8
A-TEXTO
370
5
100
AcDbLine
 10
29.4
 20
-11.688000000000004
 30
0.0
 11
39.4
 21
-11.688000000000004
 31
0.0
  0
TEXT
  5
6DF
330
17
100
AcDbEntity
  8
A-TEXTO
100
AcDbText
 10
29.45
 20
-11.761500000000003
 30
0.0
 40
0.07
  1

  7
LAVA
 11
29.45
 21
-11.761500000000003
 31
0.0
100
AcDbText
 73
2
  0
TEXT
  5
6E0
330
17
100
AcDbEntity
  8
A-TEXTO
100
AcDbText
 10
30.15
 20
-11.761500000000003
 30
0.0
 40
0.07
  1
Asientos: 36 · capacidad declarada: 49 personas
  7
LAVA
 11
30.15
 21
-11.761500000000003
 31
0.0
100
AcDbText
 73
2
  0
TEXT
  5
6E1
330
17
100
AcDbEntity
  8
A-TEXTO
100
AcDbText
 10
37.949999999999996
 20
-11.761500000000003
 30
0.0
 40
0.07
  1

  7
LAVA
 11
37.949999999999996
 21
-11.761500000000003
 31
0.0
100
AcDbText
 73
2
  0
LINE
  5
6E2
330
17
100
AcDbEntity
  8
A-TEXTO
370
5
100
AcDbLine
 10
29.4
 20
-11.835000000000004
 30
0.0
 11
39.4
 21
-11.835000000000004
 31
0.0
  0
TEXT
  5
6E3
330
17
100
AcDbEntity
  8
A-TEXTO
100
AcDbText
 10
29.4
 20
-12.348000000000004
 30
0.0
 40
0.09450000000000001
  1
SEGURIDAD HUMANA (S-SEGURIDAD)
  7
LAVA-B
 11
29.4
 21
-12.348000000000004
 31
0.0
100
AcDbText
 73
2
  0
TEXT
  5
6E4
330
17
100
AcDbEntity
  8
A-TEXTO
100
AcDbText
 10
29.45
 20
-12.540500000000003
 30
0.0
 40
0.07
  1
ID
  7
LAVA-B
 11
29.45
 21
-12.540500000000003
 31
0.0
100
AcDbText
 73
2
  0
TEXT
  5
6E5
330
17
100
AcDbEntity
  8
A-TEXTO
100
AcDbText
 10
30.55
 20
-12.540500000000003
 30
0.0
 40
0.07
  1
Elemento
  7
LAVA-B
 11
30.55
 21
-12.540500000000003
 31
0.0
100
AcDbText
 73
2
  0
TEXT
  5
6E6
330
17
100
AcDbEntity
  8
A-TEXTO
100
AcDbText
 10
33.05
 20
-12.540500000000003
 30
0.0
 40
0.07
  1
Nota (a validar con Bomberos / RNPCI)
  7
LAVA-B
 11
33.05
 21
-12.540500000000003
 31
0.0
100
AcDbText
 73
2
  0
LINE
  5
6E7
330
17
100
AcDbEntity
  8
A-TEXTO
370
25
100
AcDbLine
 10
29.4
 20
-12.614000000000004
 30
0.0
 11
39.4
 21
-12.614000000000004
 31
0.0
  0
TEXT
  5
6E8
330
17
100
AcDbEntity
  8
A-TEXTO
100
AcDbText
 10
29.45
 20
-12.687500000000004
 30
0.0
 40
0.07
  1
SAL-1
  7
LAVA-B
 11
29.45
 21
-12.687500000000004
 31
0.0
100
AcDbText
 73
2
  0
TEXT
  5
6E9
330
17
100
AcDbEntity
  8
A-TEXTO
100
AcDbText
 10
30.55
 20
-12.687500000000004
 30
0.0
 40
0.07
  1
Salida 2.00 m (D-ENT)
  7
LAVA
 11
30.55
 21
-12.687500000000004
 31
0.0
100
AcDbText
 73
2
  0
TEXT
  5
6EA
330
17
100
AcDbEntity
  8
A-TEXTO
100
AcDbText
 10
33.05
 20
-12.687500000000004
 30
0.0
 40
0.07
  1
Salida principal al pasillo abierto del centro comercial. Hojas hoy hacia adentro (permitido con <50 personas).…
  7
LAVA
 11
33.05
 21
-12.687500000000004
 31
0.0
100
AcDbText
 73
2
  0
LINE
  5
6EB
330
17
100
AcDbEntity
  8
A-TEXTO
370
5
100
AcDbLine
 10
29.4
 20
-12.761000000000005
 30
0.0
 11
39.4
 21
-12.761000000000005
 31
0.0
  0
TEXT
  5
6EC
330
17
100
AcDbEntity
  8
A-TEXTO
100
AcDbText
 10
29.45
 20
-12.834500000000004
 30
0.0
 40
0.07
  1
SAL-2
  7
LAVA-B
 11
29.45
 21
-12.834500000000004
 31
0.0
100
AcDbText
 73
2
  0
TEXT
  5
6ED
330
17
100
AcDbEntity
  8
A-TEXTO
100
AcDbText
 10
30.55
 20
-12.834500000000004
 30
0.0
 40
0.07
  1
Salida 0.90 m (PS-1)
  7
LAVA
 11
30.55
 21
-12.834500000000004
 31
0.0
100
AcDbText
 73
2
  0
TEXT
  5
6EE
330
17
100
AcDbEntity
  8
A-TEXTO
100
AcDbText
 10
33.05
 20
-12.834500000000004
 30
0.0
 40
0.07
  1
Segunda salida del personal SOLO si se aprueba PS-1 (condicional). No se cuenta para el cálculo.
  7
LAVA
 11
33.05
 21
-12.834500000000004
 31
0.0
100
AcDbText
 73
2
  0
LINE
  5
6EF
330
17
100
AcDbEntity
  8
A-TEXTO
370
5
100
AcDbLine
 10
29.4
 20
-12.908000000000005
 30
0.0
 11
39.4
 21
-12.908000000000005
 31
0.0
  0
TEXT
  5
6F0
330
17
100
AcDbEntity
  8
A-TEXTO
100
AcDbText
 10
29.45
 20
-12.981500000000004
 30
0.0
 40
0.07
  1
RS-1
  7
LAVA-B
 11
29.45
 21
-12.981500000000004
 31
0.0
100
AcDbText
 73
2
  0
TEXT
  5
6F1
330
17
100
AcDbEntity
  8
A-TEXTO
100
AcDbText
 10
30.55
 20
-12.981500000000004
 30
0.0
 40
0.07
  1
Rótulo «SALIDA»
  7
LAVA
 11
30.55
 21
-12.981500000000004
 31
0.0
100
AcDbText
 73
2
  0
TEXT
  5
6F2
330
17
100
AcDbEntity
  8
A-TEXTO
100
AcDbText
 10
33.05
 20
-12.981500000000004
 30
0.0
 40
0.07
  1
Sobre la puerta principal, iluminado
  7
LAVA
 11
33.05
 21
-12.981500000000004
 31
0.0
100
AcDbText
 73
2
  0
LINE
  5
6F3
330
17
100
AcDbEntity
  8
A-TEXTO
370
5
100
AcDbLine
 10
29.4
 20
-13.055000000000005
 30
0.0
 11
39.4
 21
-13.055000000000005
 31
0.0
  0
TEXT
  5
6F4
330
17
100
AcDbEntity
  8
A-TEXTO
100
AcDbText
 10
29.45
 20
-13.128500000000004
 30
0.0
 40
0.07
  1
RS-2
  7
LAVA-B
 11
29.45
 21
-13.128500000000004
 31
0.0
100
AcDbText
 73
2
  0
TEXT
  5
6F5
330
17
100
AcDbEntity
  8
A-TEXTO
100
AcDbText
 10
30.55
 20
-13.128500000000004
 30
0.0
 40
0.07
  1
Rótulo «SALIDA →»
  7
LAVA
 11
30.55
 21
-13.128500000000004
 31
0.0
100
AcDbText
 73
2
  0
TEXT
  5
6F6
330
17
100
AcDbEntity
  8
A-TEXTO
100
AcDbText
 10
33.05
 20
-13.128500000000004
 30
0.0
 40
0.07
  1
Direccional colgante en el salón (visible desde P-1 y la barra)
  7
LAVA
 11
33.05
 21
-13.128500000000004
 31
0.0
100
AcDbText
 73
2
  0
LINE
  5
6F7
330
17
100
AcDbEntity
  8
A-TEXTO
370
5
100
AcDbLine
 10
29.4
 20
-13.202000000000005
 30
0.0
 11
39.4
 21
-13.202000000000005
 31
0.0
  0
TEXT
  5
6F8
330
17
100
AcDbEntity
  8
A-TEXTO
100
AcDbText
 10
29.45
 20
-13.275500000000005
 30
0.0
 40
0.07
  1
RS-3
  7
LAVA-B
 11
29.45
 21
-13.275500000000005
 31
0.0
100
AcDbText
 73
2
  0
TEXT
  5
6F9
330
17
100
AcDbEntity
  8
A-TEXTO
100
AcDbText
 10
30.55
 20
-13.275500000000005
 30
0.0
 40
0.07
  1
Rótulo «SALIDA →»
  7
LAVA
 11
30.55
 21
-13.275500000000005
 31
0.0
100
AcDbText
 73
2
  0
TEXT
  5
6FA
330
17
100
AcDbEntity
  8
A-TEXTO
100
AcDbText
 10
33.05
 20
-13.275500000000005
 30
0.0
 40
0.07
  1
Cara de cocina de la puerta P-1
  7
LAVA
 11
33.05
 21
-13.275500000000005
 31
0.0
100
AcDbText
 73
2
  0
LINE
  5
6FB
330
17
100
AcDbEntity
  8
A-TEXTO
370
5
100
AcDbLine
 10
29.4
 20
-13.349000000000006
 30
0.0
 11
39.4
 21
-13.349000000000006
 31
0.0
  0
TEXT
  5
6FC
330
17
100
AcDbEntity
  8
A-TEXTO
100
AcDbText
 10
29.45
 20
-13.422500000000005
 30
0.0
 40
0.07
  1
RS-4
  7
LAVA-B
 11
29.45
 21
-13.422500000000005
 31
0.0
100
AcDbText
 73
2
  0
TEXT
  5
6FD
330
17
100
AcDbEntity
  8
A-TEXTO
100
AcDbText
 10
30.55
 20
-13.422500000000005
 30
0.0
 40
0.07
  1
Rótulo «SALIDA ↑»
  7
LAVA
 11
30.55
 21
-13.422500000000005
 31
0.0
100
AcDbText
 73
2
  0
TEXT
  5
6FE
330
17
100
AcDbEntity
  8
A-TEXTO
100
AcDbText
 10
33.05
 20
-13.422500000000005
 30
0.0
 40
0.07
  1
Pasillo limpio del ala, hacia la cocina
  7
LAVA
 11
33.05
 21
-13.422500000000005
 31
0.0
100
AcDbText
 73
2
  0
LINE
  5
6FF
330
17
100
AcDbEntity
  8
A-TEXTO
370
5
100
AcDbLine
 10
29.4
 20
-13.496000000000006
 30
0.0
 11
39.4
 21
-13.496000000000006
 31
0.0
  0
TEXT
  5
700
330
17
100
AcDbEntity
  8
A-TEXTO
100
AcDbText
 10
29.45
 20
-13.569500000000005
 30
0.0
 40
0.07
  1
RS-5
  7
LAVA-B
 11
29.45
 21
-13.569500000000005
 31
0.0
100
AcDbText
 73
2
  0
TEXT
  5
701
330
17
100
AcDbEntity
  8
A-TEXTO
100
AcDbText
 10
30.55
 20
-13.569500000000005
 30
0.0
 40
0.07
  1
Rótulo «SALIDA ↑»
  7
LAVA
 11
30.55
 21
-13.569500000000005
 31
0.0
100
AcDbText
 73
2
  0
TEXT
  5
702
330
17
100
AcDbEntity
  8
A-TEXTO
100
AcDbText
 10
33.05
 20
-13.569500000000005
 30
0.0
 40
0.07
  1
Boca del pasillo limpio desde cold prep
  7
LAVA
 11
33.05
 21
-13.569500000000005
 31
0.0
100
AcDbText
 73
2
  0
LINE
  5
703
330
17
100
AcDbEntity
  8
A-TEXTO
370
5
100
AcDbLine
 10
29.4
 20
-13.643000000000006
 30
0.0
 11
39.4
 21
-13.643000000000006
 31
0.0
  0
TEXT
  5
704
330
17
100
AcDbEntity
  8
A-TEXTO
100
AcDbText
 10
29.45
 20
-13.716500000000005
 30
0.0
 40
0.07
  1
RS-6
  7
LAVA-B
 11
29.45
 21
-13.716500000000005
 31
0.0
100
AcDbText
 73
2
  0
TEXT
  5
705
330
17
100
AcDbEntity
  8
A-TEXTO
100
AcDbText
 10
30.55
 20
-13.716500000000005
 30
0.0
 40
0.07
  1
Rótulo «SALIDA ↑»
  7
LAVA
 11
30.55
 21
-13.716500000000005
 31
0.0
100
AcDbText
 73
2
  0
TEXT
  5
706
330
17
100
AcDbEntity
  8
A-TEXTO
100
AcDbText
 10
33.05
 20
-13.716500000000005
 30
0.0
 40
0.07
  1
Lavado, sobre la franja de evacuación hacia P-1
  7
LAVA
 11
33.05
 21
-13.716500000000005
 31
0.0
100
AcDbText
 73
2
  0
LINE
  5
707
330
17
100
AcDbEntity
  8
A-TEXTO
370
5
100
AcDbLine
 10
29.4
 20
-13.790000000000006
 30
0.0
 11
39.4
 21
-13.790000000000006
 31
0.0
  0
TEXT
  5
708
330
17
100
AcDbEntity
  8
A-TEXTO
100
AcDbText
 10
29.45
 20
-13.863500000000005
 30
0.0
 40
0.07
  1
EX-K
  7
LAVA-B
 11
29.45
 21
-13.863500000000005
 31
0.0
100
AcDbText
 73
2
  0
TEXT
  5
709
330
17
100
AcDbEntity
  8
A-TEXTO
100
AcDbText
 10
30.55
 20
-13.863500000000005
 30
0.0
 40
0.07
  1
Clase K 6 L
  7
LAVA
 11
30.55
 21
-13.863500000000005
 31
0.0
100
AcDbText
 73
2
  0
TEXT
  5
70A
330
17
100
AcDbEntity
  8
A-TEXTO
100
AcDbText
 10
33.05
 20
-13.863500000000005
 30
0.0
 40
0.07
  1
Freidoras a ≤9.15 m; rótulo: accionar primero el sistema fijo
  7
LAVA
 11
33.05
 21
-13.863500000000005
 31
0.0
100
AcDbText
 73
2
  0
LINE
  5
70B
330
17
100
AcDbEntity
  8
A-TEXTO
370
5
100
AcDbLine
 10
29.4
 20
-13.937000000000006
 30
0.0
 11
39.4
 21
-13.937000000000006
 31
0.0
  0
TEXT
  5
70C
330
17
100
AcDbEntity
  8
A-TEXTO
100
AcDbText
 10
29.45
 20
-14.010500000000006
 30
0.0
 40
0.07
  1
EX-K2
  7
LAVA-B
 11
29.45
 21
-14.010500000000006
 31
0.0
100
AcDbText
 73
2
  0
TEXT
  5
70D
330
17
100
AcDbEntity
  8
A-TEXTO
100
AcDbText
 10
30.55
 20
-14.010500000000006
 30
0.0
 40
0.07
  1
Clase K 6 L (combustible sólido)
  7
LAVA
 11
30.55
 21
-14.010500000000006
 31
0.0
100
AcDbText
 73
2
  0
TEXT
  5
70E
330
17
100
AcDbEntity
  8
A-TEXTO
100
AcDbText
 10
33.05
 20
-14.010500000000006
 30
0.0
 40
0.07
  1
Smoker y parrilla a ≤6 m (NFPA 96 cap. 14: 2-A de agua pulverizada o químico húmedo K 6 L). Si un hogar supera 0.1…
  7
LAVA
 11
33.05
 21
-14.010500000000006
 31
0.0
100
AcDbText
 73
2
  0
LINE
  5
70F
330
17
100
AcDbEntity
  8
A-TEXTO
370
5
100
AcDbLine
 10
29.4
 20
-14.084000000000007
 30
0.0
 11
39.4
 21
-14.084000000000007
 31
0.0
  0
TEXT
  5
710
330
17
100
AcDbEntity
  8
A-TEXTO
100
AcDbText
 10
29.45
 20
-14.157500000000006
 30
0.0
 40
0.07
  1
EX-B1
  7
LAVA-B
 11
29.45
 21
-14.157500000000006
 31
0.0
100
AcDbText
 73
2
  0
TEXT
  5
711
330
17
100
AcDbEntity
  8
A-TEXTO
100
AcDbText
 10
30.55
 20
-14.157500000000006
 30
0.0
 40
0.07
  1
ABC 2-A:10-B:C
  7
LAVA
 11
30.55
 21
-14.157500000000006
 31
0.0
100
AcDbText
 73
2
  0
TEXT
  5
712
330
17
100
AcDbEntity
  8
A-TEXTO
100
AcDbText
 10
33.05
 20
-14.157500000000006
 30
0.0
 40
0.07
  1
Cocina caliente: equipos a gas (10-B a ≤9.15 m de las freidoras)
  7
LAVA
 11
33.05
 21
-14.157500000000006
 31
0.0
100
AcDbText
 73
2
  0
LINE
  5
713
330
17
100
AcDbEntity
  8
A-TEXTO
370
5
100
AcDbLine
 10
29.4
 20
-14.231000000000007
 30
0.0
 11
39.4
 21
-14.231000000000007
 31
0.0
  0
TEXT
  5
714
330
17
100
AcDbEntity
  8
A-TEXTO
100
AcDbText
 10
29.45
 20
-14.304500000000006
 30
0.0
 40
0.07
  1
EX-A2
  7
LAVA-B
 11
29.45
 21
-14.304500000000006
 31
0.0
100
AcDbText
 73
2
  0
TEXT
  5
715
330
17
100
AcDbEntity
  8
A-TEXTO
100
AcDbText
 10
30.55
 20
-14.304500000000006
 30
0.0
 40
0.07
  1
ABC 2-A:10-B:C
  7
LAVA
 11
30.55
 21
-14.304500000000006
 31
0.0
100
AcDbText
 73
2
  0
TEXT
  5
716
330
17
100
AcDbEntity
  8
A-TEXTO
100
AcDbText
 10
33.05
 20
-14.304500000000006
 30
0.0
 40
0.07
  1
Salón, junto a la salida
  7
LAVA
 11
33.05
 21
-14.304500000000006
 31
0.0
100
AcDbText
 73
2
  0
LINE
  5
717
330
17
100
AcDbEntity
  8
A-TEXTO
370
5
100
AcDbLine
 10
29.4
 20
-14.378000000000007
 30
0.0
 11
39.4
 21
-14.378000000000007
 31
0.0
  0
TEXT
  5
718
330
17
100
AcDbEntity
  8
A-TEXTO
100
AcDbText
 10
29.45
 20
-14.451500000000006
 30
0.0
 40
0.07
  1
EX-A3
  7
LAVA-B
 11
29.45
 21
-14.451500000000006
 31
0.0
100
AcDbText
 73
2
  0
TEXT
  5
719
330
17
100
AcDbEntity
  8
A-TEXTO
100
AcDbText
 10
30.55
 20
-14.451500000000006
 30
0.0
 40
0.07
  1
ABC 2-A:10-B:C
  7
LAVA
 11
30.55
 21
-14.451500000000006
 31
0.0
100
AcDbText
 73
2
  0
TEXT
  5
71A
330
17
100
AcDbEntity
  8
A-TEXTO
100
AcDbText
 10
33.05
 20
-14.451500000000006
 30
0.0
 40
0.07
  1
Ala de servicio (lavado / cold prep)
  7
LAVA
 11
33.05
 21
-14.451500000000006
 31
0.0
100
AcDbText
 73
2
  0
LINE
  5
71B
330
17
100
AcDbEntity
  8
A-TEXTO
370
5
100
AcDbLine
 10
29.4
 20
-14.525000000000007
 30
0.0
 11
39.4
 21
-14.525000000000007
 31
0.0
  0
TEXT
  5
71C
330
17
100
AcDbEntity
  8
A-TEXTO
100
AcDbText
 10
29.45
 20
-14.598500000000007
 30
0.0
 40
0.07
  1
PM-1 / PM-2
  7
LAVA-B
 11
29.45
 21
-14.598500000000007
 31
0.0
100
AcDbText
 73
2
  0
TEXT
  5
71D
330
17
100
AcDbEntity
  8
A-TEXTO
100
AcDbText
 10
30.55
 20
-14.598500000000007
 30
0.0
 40
0.07
  1
Pulsador manual h 1.07–1.22 m
  7
LAVA
 11
30.55
 21
-14.598500000000007
 31
0.0
100
AcDbText
 73
2
  0
TEXT
  5
71E
330
17
100
AcDbEntity
  8
A-TEXTO
100
AcDbText
 10
33.05
 20
-14.598500000000007
 30
0.0
 40
0.07
  1
Pulsadores manuales de supresión de la campana 1 (PM-1) y de la campana 2 (PM-2), con tapa e identificados, en la…
  7
LAVA
 11
33.05
 21
-14.598500000000007
 31
0.0
100
AcDbText
 73
2
  0
LINE
  5
71F
330
17
100
AcDbEntity
  8
A-TEXTO
370
5
100
AcDbLine
 10
29.4
 20
-14.672000000000008
 30
0.0
 11
39.4
 21
-14.672000000000008
 31
0.0
  0
TEXT
  5
720
330
17
100
AcDbEntity
  8
A-TEXTO
100
AcDbText
 10
29.45
 20
-14.745500000000007
 30
0.0
 40
0.07
  1
9 ×
  7
LAVA-B
 11
29.45
 21
-14.745500000000007
 31
0.0
100
AcDbText
 73
2
  0
TEXT
  5
721
330
17
100
AcDbEntity
  8
A-TEXTO
100
AcDbText
 10
30.55
 20
-14.745500000000007
 30
0.0
 40
0.07
  1
Luces de emergencia
  7
LAVA
 11
30.55
 21
-14.745500000000007
 31
0.0
100
AcDbText
 73
2
  0
TEXT
  5
722
330
17
100
AcDbEntity
  8
A-TEXTO
100
AcDbText
 10
33.05
 20
-14.745500000000007
 30
0.0
 40
0.07
  1
Iluminación de emergencia en todo el recorrido: autonomía ≥1.5 h, ≥10.8 lux promedio y ≥1.1 lux mínimo iniciales (…
  7
LAVA
 11
33.05
 21
-14.745500000000007
 31
0.0
100
AcDbText
 73
2
  0
LINE
  5
723
330
17
100
AcDbEntity
  8
A-TEXTO
370
5
100
AcDbLine
 10
29.4
 20
-14.819000000000008
 30
0.0
 11
39.4
 21
-14.819000000000008
 31
0.0
  0
TEXT
  5
724
330
17
100
AcDbEntity
  8
A-TEXTO
100
AcDbText
 10
29.45
 20
-14.892500000000007
 30
0.0
 40
0.07
  1
5 ×
  7
LAVA-B
 11
29.45
 21
-14.892500000000007
 31
0.0
100
AcDbText
 73
2
  0
TEXT
  5
725
330
17
100
AcDbEntity
  8
A-TEXTO
100
AcDbText
 10
30.55
 20
-14.892500000000007
 30
0.0
 40
0.07
  1
Detectores
  7
LAVA
 11
30.55
 21
-14.892500000000007
 31
0.0
100
AcDbText
 73
2
  0
TEXT
  5
726
330
17
100
AcDbEntity
  8
A-TEXTO
100
AcDbText
 10
33.05
 20
-14.892500000000007
 30
0.0
 40
0.07
  1
Detección e integración a la alarma del centro comercial si existe (VERIFY). En cocina caliente: detector térmico,…
  7
LAVA
 11
33.05
 21
-14.892500000000007
 31
0.0
100
AcDbText
 73
2
  0
LINE
  5
727
330
17
100
AcDbEntity
  8
A-TEXTO
370
5
100
AcDbLine
 10
29.4
 20
-14.966000000000008
 30
0.0
 11
39.4
 21
-14.966000000000008
 31
0.0
  0
TEXT
  5
728
330
17
100
AcDbEntity
  8
A-TEXTO
100
AcDbText
 10
29.45
 20
-15.039500000000007
 30
0.0
 40
0.07
  1
Nota
  7
LAVA-B
 11
29.45
 21
-15.039500000000007
 31
0.0
100
AcDbText
 73
2
  0
TEXT
  5
729
330
17
100
AcDbEntity
  8
A-TEXTO
100
AcDbText
 10
30.55
 20
-15.039500000000007
 30
0.0
 40
0.07
  1
Dispositivos de cielo
  7
LAVA
 11
30.55
 21
-15.039500000000007
 31
0.0
100
AcDbText
 73
2
  0
TEXT
  5
72A
330
17
100
AcDbEntity
  8
A-TEXTO
100
AcDbText
 10
33.05
 20
-15.039500000000007
 30
0.0
 40
0.07
  1
Detectores y luces: posición indicativa (símbolo corrido ≤0.4 m si tapaba una cota; línea fina al punto de datos).…
  7
LAVA
 11
33.05
 21
-15.039500000000007
 31
0.0
100
AcDbText
 73
2
  0
LINE
  5
72B
330
17
100
AcDbEntity
  8
A-TEXTO
370
5
100
AcDbLine
 10
29.4
 20
-15.113000000000008
 30
0.0
 11
39.4
 21
-15.113000000000008
 31
0.0
  0
TEXT
  5
72C
330
17
100
AcDbEntity
  8
A-TEXTO
100
AcDbText
 10
29.45
 20
-15.186500000000008
 30
0.0
 40
0.07
  1
Límites
  7
LAVA-B
 11
29.45
 21
-15.186500000000008
 31
0.0
100
AcDbText
 73
2
  0
TEXT
  5
72D
330
17
100
AcDbEntity
  8
A-TEXTO
100
AcDbText
 10
30.55
 20
-15.186500000000008
 30
0.0
 40
0.07
  1
NFPA 101 (<50 personas)
  7
LAVA
 11
30.55
 21
-15.186500000000008
 31
0.0
100
AcDbText
 73
2
  0
TEXT
  5
72E
330
17
100
AcDbEntity
  8
A-TEXTO
100
AcDbText
 10
33.05
 20
-15.186500000000008
 30
0.0
 40
0.07
  1
Límites NFPA 101 para <50 personas sin rociadores: camino común 22.86 m (75 ft), recorrido 45.72 m (150 ft). Verif…
  7
LAVA
 11
33.05
 21
-15.186500000000008
 31
0.0
100
AcDbText
 73
2
  0
LINE
  5
72F
330
17
100
AcDbEntity
  8
A-TEXTO
370
5
100
AcDbLine
 10
29.4
 20
-15.260000000000009
 30
0.0
 11
39.4
 21
-15.260000000000009
 31
0.0
  0
TEXT
  5
730
330
17
100
AcDbEntity
  8
A-TEXTO
100
AcDbText
 10
29.45
 20
-15.333500000000008
 30
0.0
 40
0.07
  1
E1
  7
LAVA-B
 11
29.45
 21
-15.333500000000008
 31
0.0
100
AcDbText
 73
2
  0
TEXT
  5
731
330
17
100
AcDbEntity
  8
A-TEXTO
100
AcDbText
 10
30.55
 20
-15.333500000000008
 30
0.0
 40
0.07
  1
Recorrido más largo
  7
LAVA
 11
30.55
 21
-15.333500000000008
 31
0.0
100
AcDbText
 73
2
  0
TEXT
  5
732
330
17
100
AcDbEntity
  8
A-TEXTO
100
AcDbText
 10
33.05
 20
-15.333500000000008
 30
0.0
 40
0.07
  1
COLD PREP · punto más remoto (zona A): 21.69 m ≤ 22.86 m (capa S-EGRESO)
  7
LAVA
 11
33.05
 21
-15.333500000000008
 31
0.0
100
AcDbText
 73
2
  0
LINE
  5
733
330
17
100
AcDbEntity
  8
A-TEXTO
370
5
100
AcDbLine
 10
29.4
 20
-15.407000000000009
 30
0.0
 11
39.4
 21
-15.407000000000009
 31
0.0
  0
TEXT
  5
734
330
17
100
AcDbEntity
  8
A-TEXTO
100
AcDbText
 10
29.4
 20
-15.92000000000001
 30
0.0
 40
0.09450000000000001
  1
INSTALACIONES (M- / P- / E-) · esquemático
  7
LAVA-B
 11
29.4
 21
-15.92000000000001
 31
0.0
100
AcDbText
 73
2
  0
TEXT
  5
735
330
17
100
AcDbEntity
  8
A-TEXTO
100
AcDbText
 10
29.45
 20
-16.112500000000008
 30
0.0
 40
0.07
  1
ID
  7
LAVA-B
 11
29.45
 21
-16.112500000000008
 31
0.0
100
AcDbText
 73
2
  0
TEXT
  5
736
330
17
100
AcDbEntity
  8
A-TEXTO
100
AcDbText
 10
30.55
 20
-16.112500000000008
 30
0.0
 40
0.07
  1
Sistema
  7
LAVA-B
 11
30.55
 21
-16.112500000000008
 31
0.0
100
AcDbText
 73
2
  0
TEXT
  5
737
330
17
100
AcDbEntity
  8
A-TEXTO
100
AcDbText
 10
33.05
 20
-16.112500000000008
 30
0.0
 40
0.07
  1
Nota (TO BE ENGINEERED)
  7
LAVA-B
 11
33.05
 21
-16.112500000000008
 31
0.0
100
AcDbText
 73
2
  0
LINE
  5
738
330
17
100
AcDbEntity
  8
A-TEXTO
370
25
100
AcDbLine
 10
29.4
 20
-16.186000000000007
 30
0.0
 11
39.4
 21
-16.186000000000007
 31
0.0
  0
TEXT
  5
739
330
17
100
AcDbEntity
  8
A-TEXTO
100
AcDbText
 10
29.45
 20
-16.259500000000006
 30
0.0
 40
0.07
  1
GAS
  7
LAVA-B
 11
29.45
 21
-16.259500000000006
 31
0.0
100
AcDbText
 73
2
  0
TEXT
  5
73A
330
17
100
AcDbEntity
  8
A-TEXTO
100
AcDbText
 10
30.55
 20
-16.259500000000006
 30
0.0
 40
0.07
  1
Red del centro comercial
  7
LAVA
 11
30.55
 21
-16.259500000000006
 31
0.0
100
AcDbText
 73
2
  0
TEXT
  5
73B
330
17
100
AcDbEntity
  8
A-TEXTO
100
AcDbText
 10
33.05
 20
-16.259500000000006
 30
0.0
 40
0.07
  1
Llave de corte principal FUERA del local, en la acometida, rotulada. Válvula solenoide/mecánica enclavada con la s…
  7
LAVA
 11
33.05
 21
-16.259500000000006
 31
0.0
100
AcDbText
 73
2
  0
LINE
  5
73C
330
17
100
AcDbEntity
  8
A-TEXTO
370
5
100
AcDbLine
 10
29.4
 20
-16.333000000000006
 30
0.0
 11
39.4
 21
-16.333000000000006
 31
0.0
  0
TEXT
  5
73D
330
17
100
AcDbEntity
  8
A-TEXTO
100
AcDbText
 10
29.45
 20
-16.406500000000005
 30
0.0
 40
0.07
  1
EXT-1
  7
LAVA-B
 11
29.45
 21
-16.406500000000005
 31
0.0
100
AcDbText
 73
2
  0
TEXT
  5
73E
330
17
100
AcDbEntity
  8
A-TEXTO
100
AcDbText
 10
30.55
 20
-16.406500000000005
 30
0.0
 40
0.07
  1
grasa (gas) · HD-1
  7
LAVA
 11
30.55
 21
-16.406500000000005
 31
0.0
100
AcDbText
 73
2
  0
TEXT
  5
73F
330
17
100
AcDbEntity
  8
A-TEXTO
100
AcDbText
 10
33.05
 20
-16.406500000000005
 30
0.0
 40
0.07
  1
Collarín nuevo en HD-1 con transición al riser existente de Marna’s (X 4.10–4.50, Y 0.47–0.87) solo si la inspecci…
  7
LAVA
 11
33.05
 21
-16.406500000000005
 31
0.0
100
AcDbText
 73
2
  0
LINE
  5
740
330
17
100
AcDbEntity
  8
A-TEXTO
370
5
100
AcDbLine
 10
29.4
 20
-16.480000000000004
 30
0.0
 11
39.4
 21
-16.480000000000004
 31
0.0
  0
TEXT
  5
741
330
17
100
AcDbEntity
  8
A-TEXTO
100
AcDbText
 10
29.45
 20
-16.553500000000003
 30
0.0
 40
0.07
  1
EXT-2
  7
LAVA-B
 11
29.45
 21
-16.553500000000003
 31
0.0
100
AcDbText
 73
2
  0
TEXT
  5
742
330
17
100
AcDbEntity
  8
A-TEXTO
100
AcDbText
 10
30.55
 20
-16.553500000000003
 30
0.0
 40
0.07
  1
combustible sólido · HD-2
  7
LAVA
 11
30.55
 21
-16.553500000000003
 31
0.0
100
AcDbText
 73
2
  0
TEXT
  5
743
330
17
100
AcDbEntity
  8
A-TEXTO
100
AcDbText
 10
33.05
 20
-16.553500000000003
 30
0.0
 40
0.07
  1
Ducto vertical propio sobre la parrilla hasta cubierta, en cerramiento RF 1 h nuevo (penetración de losa: revisión…
  7
LAVA
 11
33.05
 21
-16.553500000000003
 31
0.0
100
AcDbText
 73
2
  0
LINE
  5
744
330
17
100
AcDbEntity
  8
A-TEXTO
370
5
100
AcDbLine
 10
29.4
 20
-16.627000000000002
 30
0.0
 11
39.4
 21
-16.627000000000002
 31
0.0
  0
TEXT
  5
745
330
17
100
AcDbEntity
  8
A-TEXTO
100
AcDbText
 10
29.45
 20
-16.7005
 30
0.0
 40
0.07
  1
EXT-3
  7
LAVA-B
 11
29.45
 21
-16.7005
 31
0.0
100
AcDbText
 73
2
  0
TEXT
  5
746
330
17
100
AcDbEntity
  8
A-TEXTO
100
AcDbText
 10
30.55
 20
-16.7005
 30
0.0
 40
0.07
  1
chimenea smoker · S1
  7
LAVA
 11
30.55
 21
-16.7005
 31
0.0
100
AcDbText
 73
2
  0
TEXT
  5
747
330
17
100
AcDbEntity
  8
A-TEXTO
100
AcDbText
 10
33.05
 20
-16.7005
 30
0.0
 40
0.07
  1
Chimenea listada vertical (NFPA 211) sobre el smoker hasta cubierta, con arrestachispas — VERIFY. Alternativa: smo…
  7
LAVA
 11
33.05
 21
-16.7005
 31
0.0
100
AcDbText
 73
2
  0
LINE
  5
748
330
17
100
AcDbEntity
  8
A-TEXTO
370
5
100
AcDbLine
 10
29.4
 20
-16.774
 30
0.0
 11
39.4
 21
-16.774
 31
0.0
  0
TEXT
  5
749
330
17
100
AcDbEntity
  8
A-TEXTO
100
AcDbText
 10
29.45
 20
-16.8475
 30
0.0
 40
0.07
  1
AR-1
  7
LAVA-B
 11
29.45
 21
-16.8475
 31
0.0
100
AcDbText
 73
2
  0
TEXT
  5
74A
330
17
100
AcDbEntity
  8
A-TEXTO
100
AcDbText
 10
30.55
 20
-16.8475
 30
0.0
 40
0.07
  1
Aire de reposición
  7
LAVA
 11
30.55
 21
-16.8475
 31
0.0
100
AcDbText
 73
2
  0
TEXT
  5
74B
330
17
100
AcDbEntity
  8
A-TEXTO
100
AcDbText
 10
33.05
 20
-16.8475
 30
0.0
 40
0.07
  1
Aire de reposición ≈80–90 % del caudal extraído, entregado sin perturbar la captura de las campanas; suministro po…
  7
LAVA
 11
33.05
 21
-16.8475
 31
0.0
100
AcDbText
 73
2
  0
LINE
  5
74C
330
17
100
AcDbEntity
  8
A-TEXTO
370
5
100
AcDbLine
 10
29.4
 20
-16.921
 30
0.0
 11
39.4
 21
-16.921
 31
0.0
  0
TEXT
  5
74D
330
17
100
AcDbEntity
  8
A-TEXTO
100
AcDbText
 10
29.45
 20
-16.9945
 30
0.0
 40
0.07
  1
TE-1
  7
LAVA-B
 11
29.45
 21
-16.9945
 31
0.0
100
AcDbText
 73
2
  0
TEXT
  5
74E
330
17
100
AcDbEntity
  8
A-TEXTO
100
AcDbText
 10
30.55
 20
-16.9945
 30
0.0
 40
0.07
  1
Tablero eléctrico
  7
LAVA
 11
30.55
 21
-16.9945
 31
0.0
100
AcDbText
 73
2
  0
TEXT
  5
74F
330
17
100
AcDbEntity
  8
A-TEXTO
100
AcDbText
 10
33.05
 20
-16.9945
 30
0.0
 40
0.07
  1
Tablero eléctrico del local (ubicación propuesta, frente libre 0.90 m) — acometida existente: VERIFY ON SITE.
  7
LAVA
 11
33.05
 21
-16.9945
 31
0.0
100
AcDbText
 73
2
  0
LINE
  5
750
330
17
100
AcDbEntity
  8
A-TEXTO
370
5
100
AcDbLine
 10
29.4
 20
-17.067999999999998
 30
0.0
 11
39.4
 21
-17.067999999999998
 31
0.0
  0
TEXT
  5
751
330
17
100
AcDbEntity
  8
A-TEXTO
100
AcDbText
 10
29.45
 20
-17.141499999999997
 30
0.0
 40
0.07
  1
GT-1
  7
LAVA-B
 11
29.45
 21
-17.141499999999997
 31
0.0
100
AcDbText
 73
2
  0
TEXT
  5
752
330
17
100
AcDbEntity
  8
A-TEXTO
100
AcDbText
 10
30.55
 20
-17.141499999999997
 30
0.0
 40
0.07
  1
Trampa de grasa
  7
LAVA
 11
30.55
 21
-17.141499999999997
 31
0.0
100
AcDbText
 73
2
  0
TEXT
  5
753
330
17
100
AcDbEntity
  8
A-TEXTO
100
AcDbText
 10
33.05
 20
-17.141499999999997
 30
0.0
 40
0.07
  1
Interceptor de grasa accesible para limpieza antes de conectar al drenaje existente; tamaño según CIHSE — TO BE EN…
  7
LAVA
 11
33.05
 21
-17.141499999999997
 31
0.0
100
AcDbText
 73
2
  0
LINE
  5
754
330
17
100
AcDbEntity
  8
A-TEXTO
370
5
100
AcDbLine
 10
29.4
 20
-17.214999999999996
 30
0.0
 11
39.4
 21
-17.214999999999996
 31
0.0
  0
TEXT
  5
755
330
17
100
AcDbEntity
  8
A-TEXTO
100
AcDbText
 10
29.45
 20
-17.288499999999996
 30
0.0
 40
0.07
  1
WP
  7
LAVA-B
 11
29.45
 21
-17.288499999999996
 31
0.0
100
AcDbText
 73
2
  0
TEXT
  5
756
330
17
100
AcDbEntity
  8
A-TEXTO
100
AcDbText
 10
30.55
 20
-17.288499999999996
 30
0.0
 40
0.07
  1
Drenajes existentes
  7
LAVA
 11
30.55
 21
-17.288499999999996
 31
0.0
100
AcDbText
 73
2
  0
TEXT
  5
757
330
17
100
AcDbEntity
  8
A-TEXTO
100
AcDbText
 10
33.05
 20
-17.288499999999996
 30
0.0
 40
0.07
  1
Se reutilizan WP1, WP2, WP3, WP4, WP5; se anula WP6 — VERIFY ON SITE
  7
LAVA
 11
33.05
 21
-17.288499999999996
 31
0.0
100
AcDbText
 73
2
  0
LINE
  5
758
330
17
100
AcDbEntity
  8
A-TEXTO
370
5
100
AcDbLine
 10
29.4
 20
-17.361999999999995
 30
0.0
 11
39.4
 21
-17.361999999999995
 31
0.0
  0
TEXT
  5
759
330
17
100
AcDbEntity
  8
A-TEXTO
100
AcDbText
 10
29.45
 20
-17.435499999999994
 30
0.0
 40
0.07
  1
FD-1
  7
LAVA-B
 11
29.45
 21
-17.435499999999994
 31
0.0
100
AcDbText
 73
2
  0
TEXT
  5
75A
330
17
100
AcDbEntity
  8
A-TEXTO
100
AcDbText
 10
30.55
 20
-17.435499999999994
 30
0.0
 40
0.07
  1
Desagüe de piso
  7
LAVA
 11
30.55
 21
-17.435499999999994
 31
0.0
100
AcDbText
 73
2
  0
TEXT
  5
75B
330
17
100
AcDbEntity
  8
A-TEXTO
100
AcDbText
 10
33.05
 20
-17.435499999999994
 30
0.0
 40
0.07
  1
cocina (zonas B + E) → GT-1 → WP1
  7
LAVA
 11
33.05
 21
-17.435499999999994
 31
0.0
100
AcDbText
 73
2
  0
LINE
  5
75C
330
17
100
AcDbEntity
  8
A-TEXTO
370
5
100
AcDbLine
 10
29.4
 20
-17.508999999999993
 30
0.0
 11
39.4
 21
-17.508999999999993
 31
0.0
  0
TEXT
  5
75D
330
17
100
AcDbEntity
  8
A-TEXTO
100
AcDbText
 10
29.45
 20
-17.582499999999992
 30
0.0
 40
0.07
  1
FD-2
  7
LAVA-B
 11
29.45
 21
-17.582499999999992
 31
0.0
100
AcDbText
 73
2
  0
TEXT
  5
75E
330
17
100
AcDbEntity
  8
A-TEXTO
100
AcDbText
 10
30.55
 20
-17.582499999999992
 30
0.0
 40
0.07
  1
Desagüe de piso
  7
LAVA
 11
30.55
 21
-17.582499999999992
 31
0.0
100
AcDbText
 73
2
  0
TEXT
  5
75F
330
17
100
AcDbEntity
  8
A-TEXTO
100
AcDbText
 10
33.05
 20
-17.582499999999992
 30
0.0
 40
0.07
  1
lavado (zona W) → GT-1 → WP1
  7
LAVA
 11
33.05
 21
-17.582499999999992
 31
0.0
100
AcDbText
 73
2
  0
LINE
  5
760
330
17
100
AcDbEntity
  8
A-TEXTO
370
5
100
AcDbLine
 10
29.4
 20
-17.65599999999999
 30
0.0
 11
39.4
 21
-17.65599999999999
 31
0.0
  0
TEXT
  5
761
330
17
100
AcDbEntity
  8
A-TEXTO
100
AcDbText
 10
29.45
 20
-17.72949999999999
 30
0.0
 40
0.07
  1
FD-3
  7
LAVA-B
 11
29.45
 21
-17.72949999999999
 31
0.0
100
AcDbText
 73
2
  0
TEXT
  5
762
330
17
100
AcDbEntity
  8
A-TEXTO
100
AcDbText
 10
30.55
 20
-17.72949999999999
 30
0.0
 40
0.07
  1
Desagüe de piso
  7
LAVA
 11
30.55
 21
-17.72949999999999
 31
0.0
100
AcDbText
 73
2
  0
TEXT
  5
763
330
17
100
AcDbEntity
  8
A-TEXTO
100
AcDbText
 10
33.05
 20
-17.72949999999999
 30
0.0
 40
0.07
  1
cold prep (zona A) → WP3
  7
LAVA
 11
33.05
 21
-17.72949999999999
 31
0.0
100
AcDbText
 73
2
  0
LINE
  5
764
330
17
100
AcDbEntity
  8
A-TEXTO
370
5
100
AcDbLine
 10
29.4
 20
-17.80299999999999
 30
0.0
 11
39.4
 21
-17.80299999999999
 31
0.0
  0
TEXT
  5
765
330
17
100
AcDbEntity
  8
A-TEXTO
100
AcDbText
 10
29.45
 20
-17.87649999999999
 30
0.0
 40
0.07
  1
CA-1
  7
LAVA-B
 11
29.45
 21
-17.87649999999999
 31
0.0
100
AcDbText
 73
2
  0
TEXT
  5
766
330
17
100
AcDbEntity
  8
A-TEXTO
100
AcDbText
 10
30.55
 20
-17.87649999999999
 30
0.0
 40
0.07
  1
Agua caliente 150 L
  7
LAVA
 11
30.55
 21
-17.87649999999999
 31
0.0
100
AcDbText
 73
2
  0
TEXT
  5
767
330
17
100
AcDbEntity
  8
A-TEXTO
100
AcDbText
 10
33.05
 20
-17.87649999999999
 30
0.0
 40
0.07
  1
termotanque eléctrico vertical · mural sobre W3
  7
LAVA
 11
33.05
 21
-17.87649999999999
 31
0.0
100
AcDbText
 73
2
  0
LINE
  5
768
330
17
100
AcDbEntity
  8
A-TEXTO
370
5
100
AcDbLine
 10
29.4
 20
-17.94999999999999
 30
0.0
 11
39.4
 21
-17.94999999999999
 31
0.0
  0
TEXT
  5
769
330
17
100
AcDbEntity
  8
A-TEXTO
100
AcDbText
 10
29.45
 20
-18.023499999999988
 30
0.0
 40
0.07
  1
CA-2
  7
LAVA-B
 11
29.45
 21
-18.023499999999988
 31
0.0
100
AcDbText
 73
2
  0
TEXT
  5
76A
330
17
100
AcDbEntity
  8
A-TEXTO
100
AcDbText
 10
30.55
 20
-18.023499999999988
 30
0.0
 40
0.07
  1
Agua caliente 15 L
  7
LAVA
 11
30.55
 21
-18.023499999999988
 31
0.0
100
AcDbText
 73
2
  0
TEXT
  5
76B
330
17
100
AcDbEntity
  8
A-TEXTO
100
AcDbText
 10
33.05
 20
-18.023499999999988
 30
0.0
 40
0.07
  1
calentador eléctrico bajo barra (punto de uso) · PB-1 (C1)
  7
LAVA
 11
33.05
 21
-18.023499999999988
 31
0.0
100
AcDbText
 73
2
  0
LINE
  5
76C
330
17
100
AcDbEntity
  8
A-TEXTO
370
5
100
AcDbLine
 10
29.4
 20
-18.096999999999987
 30
0.0
 11
39.4
 21
-18.096999999999987
 31
0.0
  0
TEXT
  5
76D
330
17
100
AcDbEntity
  8
A-TEXTO
100
AcDbText
 10
29.45
 20
-18.170499999999986
 30
0.0
 40
0.07
  1
Nota
  7
LAVA-B
 11
29.45
 21
-18.170499999999986
 31
0.0
100
AcDbText
 73
2
  0
TEXT
  5
76E
330
17
100
AcDbEntity
  8
A-TEXTO
100
AcDbText
 10
30.55
 20
-18.170499999999986
 30
0.0
 40
0.07
  1
Ingeniería
  7
LAVA
 11
30.55
 21
-18.170499999999986
 31
0.0
100
AcDbText
 73
2
  0
TEXT
  5
76F
330
17
100
AcDbEntity
  8
A-TEXTO
100
AcDbText
 10
33.05
 20
-18.170499999999986
 30
0.0
 40
0.07
  1
Anclaje sísmico (Código Sísmico de CR) de campanas, ductos, gas y equipos altos (A1, A2, S1).
  7
LAVA
 11
33.05
 21
-18.170499999999986
 31
0.0
100
AcDbText
 73
2
  0
LINE
  5
770
330
17
100
AcDbEntity
  8
A-TEXTO
370
5
100
AcDbLine
 10
29.4
 20
-18.243999999999986
 30
0.0
 11
39.4
 21
-18.243999999999986
 31
0.0
  0
TEXT
  5
771
330
17
100
AcDbEntity
  8
A-TEXTO
100
AcDbText
 10
29.45
 20
-18.317499999999985
 30
0.0
 40
0.07
  1
Nota
  7
LAVA-B
 11
29.45
 21
-18.317499999999985
 31
0.0
100
AcDbText
 73
2
  0
TEXT
  5
772
330
17
100
AcDbEntity
  8
A-TEXTO
100
AcDbText
 10
30.55
 20
-18.317499999999985
 30
0.0
 40
0.07
  1
Ingeniería
  7
LAVA
 11
30.55
 21
-18.317499999999985
 31
0.0
100
AcDbText
 73
2
  0
TEXT
  5
773
330
17
100
AcDbEntity
  8
A-TEXTO
100
AcDbText
 10
33.05
 20
-18.317499999999985
 30
0.0
 40
0.07
  1
Ventilación / aire acondicionado del salón y de la cocina: el local solo tiene fachada al este — TO BE ENGINEERED.
  7
LAVA
 11
33.05
 21
-18.317499999999985
 31
0.0
100
AcDbText
 73
2
  0
LINE
  5
774
330
17
100
AcDbEntity
  8
A-TEXTO
370
5
100
AcDbLine
 10
29.4
 20
-18.390999999999984
 30
0.0
 11
39.4
 21
-18.390999999999984
 31
0.0
  0
TEXT
  5
775
330
17
100
AcDbEntity
  8
A-TEXTO
100
AcDbText
 10
29.45
 20
-18.464499999999983
 30
0.0
 40
0.07
  1
Nota
  7
LAVA-B
 11
29.45
 21
-18.464499999999983
 31
0.0
100
AcDbText
 73
2
  0
TEXT
  5
776
330
17
100
AcDbEntity
  8
A-TEXTO
100
AcDbText
 10
30.55
 20
-18.464499999999983
 30
0.0
 40
0.07
  1
Ingeniería
  7
LAVA
 11
30.55
 21
-18.464499999999983
 31
0.0
100
AcDbText
 73
2
  0
TEXT
  5
777
330
17
100
AcDbEntity
  8
A-TEXTO
100
AcDbText
 10
33.05
 20
-18.464499999999983
 30
0.0
 40
0.07
  1
Aire de combustión y monitoreo de CO para la parrilla y el smoker.
  7
LAVA
 11
33.05
 21
-18.464499999999983
 31
0.0
100
AcDbText
 73
2
  0
LINE
  5
778
330
17
100
AcDbEntity
  8
A-TEXTO
370
5
100
AcDbLine
 10
29.4
 20
-18.537999999999982
 30
0.0
 11
39.4
 21
-18.537999999999982
 31
0.0
  0
TEXT
  5
779
330
17
100
AcDbEntity
  8
A-TEXTO
100
AcDbText
 10
-2.215
 20
-14.228
 30
0.0
 40
0.09450000000000001
  1
CUADRO DE EQUIPOS
  7
LAVA-B
 11
-2.215
 21
-14.228
 31
0.0
100
AcDbText
 73
2
  0
TEXT
  5
77A
330
17
100
AcDbEntity
  8
A-TEXTO
100
AcDbText
 10
-2.165
 20
-14.420499999999999
 30
0.0
 40
0.07
  1
TAG
  7
LAVA-B
 11
-2.165
 21
-14.420499999999999
 31
0.0
100
AcDbText
 73
2
  0
TEXT
  5
77B
330
17
100
AcDbEntity
  8
A-TEXTO
100
AcDbText
 10
-1.4149999999999998
 20
-14.420499999999999
 30
0.0
 40
0.07
  1
Equipo
  7
LAVA-B
 11
-1.4149999999999998
 21
-14.420499999999999
 31
0.0
100
AcDbText
 73
2
  0
TEXT
  5
77C
330
17
100
AcDbEntity
  8
A-TEXTO
100
AcDbText
 10
2.085
 20
-14.420499999999999
 30
0.0
 40
0.07
  1
Frente×fondo×alto (m)
  7
LAVA-B
 11
2.085
 21
-14.420499999999999
 31
0.0
100
AcDbText
 73
2
  0
TEXT
  5
77D
330
17
100
AcDbEntity
  8
A-TEXTO
100
AcDbText
 10
3.835
 20
-14.420499999999999
 30
0.0
 40
0.07
  1
Capa
  7
LAVA-B
 11
3.835
 21
-14.420499999999999
 31
0.0
100
AcDbText
 73
2
  0
TEXT
  5
77E
330
17
100
AcDbEntity
  8
A-TEXTO
100
AcDbText
 10
5.285
 20
-14.420499999999999
 30
0.0
 40
0.07
  1
Observación (* = DIMENSION TO VERIFY)
  7
LAVA-B
 11
5.285
 21
-14.420499999999999
 31
0.0
100
AcDbText
 73
2
  0
LINE
  5
77F
330
17
100
AcDbEntity
  8
A-TEXTO
370
25
100
AcDbLine
 10
-2.215
 20
-14.494
 30
0.0
 11
17.535
 21
-14.494
 31
0.0
  0
TEXT
  5
780
330
17
100
AcDbEntity
  8
A-TEXTO
100
AcDbText
 10
-2.165
 20
-14.567499999999999
 30
0.0
 40
0.07
  1
A1
  7
LAVA-B
 11
-2.165
 21
-14.567499999999999
 31
0.0
100
AcDbText
 73
2
  0
TEXT
  5
781
330
17
100
AcDbEntity
  8
A-TEXTO
100
AcDbText
 10
-1.4149999999999998
 20
-14.567499999999999
 30
0.0
 40
0.07
  1
Refrigerador 2 puertas
  7
LAVA
 11
-1.4149999999999998
 21
-14.567499999999999
 31
0.0
100
AcDbText
 73
2
  0
TEXT
  5
782
330
17
100
AcDbEntity
  8
A-TEXTO
100
AcDbText
 10
2.085
 20
-14.567499999999999
 30
0.0
 40
0.07
  1
1.45×0.70×2.00
  7
LAVA
 11
2.085
 21
-14.567499999999999
 31
0.0
100
AcDbText
 73
2
  0
TEXT
  5
783
330
17
100
AcDbEntity
  8
A-TEXTO
100
AcDbText
 10
3.835
 20
-14.567499999999999
 30
0.0
 40
0.07
  1
A-EQUIPO
  7
LAVA
 11
3.835
 21
-14.567499999999999
 31
0.0
100
AcDbText
 73
2
  0
TEXT
  5
784
330
17
100
AcDbEntity
  8
A-TEXTO
100
AcDbText
 10
5.285
 20
-14.567499999999999
 30
0.0
 40
0.07
  1
145 × 70 × 200.
  7
LAVA
 11
5.285
 21
-14.567499999999999
 31
0.0
100
AcDbText
 73
2
  0
LINE
  5
785
330
17
100
AcDbEntity
  8
A-TEXTO
370
5
100
AcDbLine
 10
-2.215
 20
-14.641
 30
0.0
 11
17.535
 21
-14.641
 31
0.0
  0
TEXT
  5
786
330
17
100
AcDbEntity
  8
A-TEXTO
100
AcDbText
 10
-2.165
 20
-14.7145
 30
0.0
 40
0.07
  1
A2
  7
LAVA-B
 11
-2.165
 21
-14.7145
 31
0.0
100
AcDbText
 73
2
  0
TEXT
  5
787
330
17
100
AcDbEntity
  8
A-TEXTO
100
AcDbText
 10
-1.4149999999999998
 20
-14.7145
 30
0.0
 40
0.07
  1
Congelador vertical
  7
LAVA
 11
-1.4149999999999998
 21
-14.7145
 31
0.0
100
AcDbText
 73
2
  0
TEXT
  5
788
330
17
100
AcDbEntity
  8
A-TEXTO
100
AcDbText
 10
2.085
 20
-14.7145
 30
0.0
 40
0.07
  1
0.75×0.70×2.00
  7
LAVA
 11
2.085
 21
-14.7145
 31
0.0
100
AcDbText
 73
2
  0
TEXT
  5
789
330
17
100
AcDbEntity
  8
A-TEXTO
100
AcDbText
 10
3.835
 20
-14.7145
 30
0.0
 40
0.07
  1
A-EQUIPO
  7
LAVA
 11
3.835
 21
-14.7145
 31
0.0
100
AcDbText
 73
2
  0
TEXT
  5
78A
330
17
100
AcDbEntity
  8
A-TEXTO
100
AcDbText
 10
5.285
 20
-14.7145
 30
0.0
 40
0.07
  1
75 × 70 × 200.
  7
LAVA
 11
5.285
 21
-14.7145
 31
0.0
100
AcDbText
 73
2
  0
LINE
  5
78B
330
17
100
AcDbEntity
  8
A-TEXTO
370
5
100
AcDbLine
 10
-2.215
 20
-14.788
 30
0.0
 11
17.535
 21
-14.788
 31
0.0
  0
TEXT
  5
78C
330
17
100
AcDbEntity
  8
A-TEXTO
100
AcDbText
 10
-2.165
 20
-14.8615
 30
0.0
 40
0.07
  1
A3
  7
LAVA-B
 11
-2.165
 21
-14.8615
 31
0.0
100
AcDbText
 73
2
  0
TEXT
  5
78D
330
17
100
AcDbEntity
  8
A-TEXTO
100
AcDbText
 10
-1.4149999999999998
 20
-14.8615
 30
0.0
 40
0.07
  1
Mesa fría refrigerada
  7
LAVA
 11
-1.4149999999999998
 21
-14.8615
 31
0.0
100
AcDbText
 73
2
  0
TEXT
  5
78E
330
17
100
AcDbEntity
  8
A-TEXTO
100
AcDbText
 10
2.085
 20
-14.8615
 30
0.0
 40
0.07
  1
1.80×0.70×0.90
  7
LAVA
 11
2.085
 21
-14.8615
 31
0.0
100
AcDbText
 73
2
  0
TEXT
  5
78F
330
17
100
AcDbEntity
  8
A-TEXTO
100
AcDbText
 10
3.835
 20
-14.8615
 30
0.0
 40
0.07
  1
A-EQUIPO
  7
LAVA
 11
3.835
 21
-14.8615
 31
0.0
100
AcDbText
 73
2
  0
TEXT
  5
790
330
17
100
AcDbEntity
  8
A-TEXTO
100
AcDbText
 10
5.285
 20
-14.8615
 30
0.0
 40
0.07
  1
180 × 70.
  7
LAVA
 11
5.285
 21
-14.8615
 31
0.0
100
AcDbText
 73
2
  0
LINE
  5
791
330
17
100
AcDbEntity
  8
A-TEXTO
370
5
100
AcDbLine
 10
-2.215
 20
-14.935
 30
0.0
 11
17.535
 21
-14.935
 31
0.0
  0
TEXT
  5
792
330
17
100
AcDbEntity
  8
A-TEXTO
100
AcDbText
 10
-2.165
 20
-15.0085
 30
0.0
 40
0.07
  1
A4
  7
LAVA-B
 11
-2.165
 21
-15.0085
 31
0.0
100
AcDbText
 73
2
  0
TEXT
  5
793
330
17
100
AcDbEntity
  8
A-TEXTO
100
AcDbText
 10
-1.4149999999999998
 20
-15.0085
 30
0.0
 40
0.07
  1
Mesa de trabajo inox (prep fría)
  7
LAVA
 11
-1.4149999999999998
 21
-15.0085
 31
0.0
100
AcDbText
 73
2
  0
TEXT
  5
794
330
17
100
AcDbEntity
  8
A-TEXTO
100
AcDbText
 10
2.085
 20
-15.0085
 30
0.0
 40
0.07
  1
1.20×0.70×0.90
  7
LAVA
 11
2.085
 21
-15.0085
 31
0.0
100
AcDbText
 73
2
  0
TEXT
  5
795
330
17
100
AcDbEntity
  8
A-TEXTO
100
AcDbText
 10
3.835
 20
-15.0085
 30
0.0
 40
0.07
  1
A-EQUIPO
  7
LAVA
 11
3.835
 21
-15.0085
 31
0.0
100
AcDbText
 73
2
  0
TEXT
  5
796
330
17
100
AcDbEntity
  8
A-TEXTO
100
AcDbText
 10
5.285
 20
-15.0085
 30
0.0
 40
0.07
  1
120 × 70 (reducida de 180 para dejar libre la boca del pasillo limpio; ajuste permitido por el cliente).
  7
LAVA
 11
5.285
 21
-15.0085
 31
0.0
100
AcDbText
 73
2
  0
LINE
  5
797
330
17
100
AcDbEntity
  8
A-TEXTO
370
5
100
AcDbLine
 10
-2.215
 20
-15.082
 30
0.0
 11
17.535
 21
-15.082
 31
0.0
  0
TEXT
  5
798
330
17
100
AcDbEntity
  8
A-TEXTO
100
AcDbText
 10
-2.165
 20
-15.1555
 30
0.0
 40
0.07
  1
A5
  7
LAVA-B
 11
-2.165
 21
-15.1555
 31
0.0
100
AcDbText
 73
2
  0
TEXT
  5
799
330
17
100
AcDbEntity
  8
A-TEXTO
100
AcDbText
 10
-1.4149999999999998
 20
-15.1555
 30
0.0
 40
0.07
  1
Estantería 4 niveles
  7
LAVA
 11
-1.4149999999999998
 21
-15.1555
 31
0.0
100
AcDbText
 73
2
  0
TEXT
  5
79A
330
17
100
AcDbEntity
  8
A-TEXTO
100
AcDbText
 10
2.085
 20
-15.1555
 30
0.0
 40
0.07
  1
1.70×0.35×1.80
  7
LAVA
 11
2.085
 21
-15.1555
 31
0.0
100
AcDbText
 73
2
  0
TEXT
  5
79B
330
17
100
AcDbEntity
  8
A-TEXTO
100
AcDbText
 10
3.835
 20
-15.1555
 30
0.0
 40
0.07
  1
A-EQUIPO
  7
LAVA
 11
3.835
 21
-15.1555
 31
0.0
100
AcDbText
 73
2
  0
TEXT
  5
79C
330
17
100
AcDbEntity
  8
A-TEXTO
100
AcDbText
 10
5.285
 20
-15.1555
 30
0.0
 40
0.07
  1
170 × 35.
  7
LAVA
 11
5.285
 21
-15.1555
 31
0.0
100
AcDbText
 73
2
  0
LINE
  5
79D
330
17
100
AcDbEntity
  8
A-TEXTO
370
5
100
AcDbLine
 10
-2.215
 20
-15.229000000000001
 30
0.0
 11
17.535
 21
-15.229000000000001
 31
0.0
  0
TEXT
  5
79E
330
17
100
AcDbEntity
  8
A-TEXTO
100
AcDbText
 10
-2.165
 20
-15.3025
 30
0.0
 40
0.07
  1
A6
  7
LAVA-B
 11
-2.165
 21
-15.3025
 31
0.0
100
AcDbText
 73
2
  0
TEXT
  5
79F
330
17
100
AcDbEntity
  8
A-TEXTO
100
AcDbText
 10
-1.4149999999999998
 20
-15.3025
 30
0.0
 40
0.07
  1
Almacén seco (estantería)
  7
LAVA
 11
-1.4149999999999998
 21
-15.3025
 31
0.0
100
AcDbText
 73
2
  0
TEXT
  5
7A0
330
17
100
AcDbEntity
  8
A-TEXTO
100
AcDbText
 10
2.085
 20
-15.3025
 30
0.0
 40
0.07
  1
2.80×0.45×2.00
  7
LAVA
 11
2.085
 21
-15.3025
 31
0.0
100
AcDbText
 73
2
  0
TEXT
  5
7A1
330
17
100
AcDbEntity
  8
A-TEXTO
100
AcDbText
 10
3.835
 20
-15.3025
 30
0.0
 40
0.07
  1
A-EQUIPO
  7
LAVA
 11
3.835
 21
-15.3025
 31
0.0
100
AcDbText
 73
2
  0
TEXT
  5
7A2
330
17
100
AcDbEntity
  8
A-TEXTO
100
AcDbText
 10
5.285
 20
-15.3025
 30
0.0
 40
0.07
  1
280 × 45 a lo largo del pasillo limpio (muro oeste). Estantes a ≥15 cm del piso.
  7
LAVA
 11
5.285
 21
-15.3025
 31
0.0
100
AcDbText
 73
2
  0
LINE
  5
7A3
330
17
100
AcDbEntity
  8
A-TEXTO
370
5
100
AcDbLine
 10
-2.215
 20
-15.376000000000001
 30
0.0
 11
17.535
 21
-15.376000000000001
 31
0.0
  0
TEXT
  5
7A4
330
17
100
AcDbEntity
  8
A-TEXTO
100
AcDbText
 10
-2.165
 20
-15.4495
 30
0.0
 40
0.07
  1
A7
  7
LAVA-B
 11
-2.165
 21
-15.4495
 31
0.0
100
AcDbText
 73
2
  0
TEXT
  5
7A5
330
17
100
AcDbEntity
  8
A-TEXTO
100
AcDbText
 10
-1.4149999999999998
 20
-15.4495
 30
0.0
 40
0.07
  1
Esquinero inox (mesada en L)
  7
LAVA
 11
-1.4149999999999998
 21
-15.4495
 31
0.0
100
AcDbText
 73
2
  0
TEXT
  5
7A6
330
17
100
AcDbEntity
  8
A-TEXTO
100
AcDbText
 10
2.085
 20
-15.4495
 30
0.0
 40
0.07
  1
0.70×0.70×0.90
  7
LAVA
 11
2.085
 21
-15.4495
 31
0.0
100
AcDbText
 73
2
  0
TEXT
  5
7A7
330
17
100
AcDbEntity
  8
A-TEXTO
100
AcDbText
 10
3.835
 20
-15.4495
 30
0.0
 40
0.07
  1
A-EQUIPO
  7
LAVA
 11
3.835
 21
-15.4495
 31
0.0
100
AcDbText
 73
2
  0
TEXT
  5
7A8
330
17
100
AcDbEntity
  8
A-TEXTO
100
AcDbText
 10
5.285
 20
-15.4495
 30
0.0
 40
0.07
  1
Cierra la esquina entre A4 y A3 con mesada continua en L (sin rendijas difíciles de limpiar).
  7
LAVA
 11
5.285
 21
-15.4495
 31
0.0
100
AcDbText
 73
2
  0
LINE
  5
7A9
330
17
100
AcDbEntity
  8
A-TEXTO
370
5
100
AcDbLine
 10
-2.215
 20
-15.523000000000001
 30
0.0
 11
17.535
 21
-15.523000000000001
 31
0.0
  0
TEXT
  5
7AA
330
17
100
AcDbEntity
  8
A-TEXTO
100
AcDbText
 10
-2.165
 20
-15.5965
 30
0.0
 40
0.07
  1
A8
  7
LAVA-B
 11
-2.165
 21
-15.5965
 31
0.0
100
AcDbText
 73
2
  0
TEXT
  5
7AB
330
17
100
AcDbEntity
  8
A-TEXTO
100
AcDbText
 10
-1.4149999999999998
 20
-15.5965
 30
0.0
 40
0.07
  1
Lavamanos prep fría
  7
LAVA
 11
-1.4149999999999998
 21
-15.5965
 31
0.0
100
AcDbText
 73
2
  0
TEXT
  5
7AC
330
17
100
AcDbEntity
  8
A-TEXTO
100
AcDbText
 10
2.085
 20
-15.5965
 30
0.0
 40
0.07
  1
0.33×0.38×0.90
  7
LAVA
 11
2.085
 21
-15.5965
 31
0.0
100
AcDbText
 73
2
  0
TEXT
  5
7AD
330
17
100
AcDbEntity
  8
A-TEXTO
100
AcDbText
 10
3.835
 20
-15.5965
 30
0.0
 40
0.07
  1
P-SANITARIO
  7
LAVA
 11
3.835
 21
-15.5965
 31
0.0
100
AcDbText
 73
2
  0
TEXT
  5
7AE
330
17
100
AcDbEntity
  8
A-TEXTO
100
AcDbText
 10
5.285
 20
-15.5965
 30
0.0
 40
0.07
  1
Lavamanos exclusivo de la zona fría, con jabón y toallas desechables.
  7
LAVA
 11
5.285
 21
-15.5965
 31
0.0
100
AcDbText
 73
2
  0
LINE
  5
7AF
330
17
100
AcDbEntity
  8
A-TEXTO
370
5
100
AcDbLine
 10
-2.215
 20
-15.670000000000002
 30
0.0
 11
17.535
 21
-15.670000000000002
 31
0.0
  0
TEXT
  5
7B0
330
17
100
AcDbEntity
  8
A-TEXTO
100
AcDbText
 10
-2.165
 20
-15.743500000000001
 30
0.0
 40
0.07
  1
C1
  7
LAVA-B
 11
-2.165
 21
-15.743500000000001
 31
0.0
100
AcDbText
 73
2
  0
TEXT
  5
7B1
330
17
100
AcDbEntity
  8
A-TEXTO
100
AcDbText
 10
-1.4149999999999998
 20
-15.743500000000001
 30
0.0
 40
0.07
  1
Barra de bebidas
  7
LAVA
 11
-1.4149999999999998
 21
-15.743500000000001
 31
0.0
100
AcDbText
 73
2
  0
TEXT
  5
7B2
330
17
100
AcDbEntity
  8
A-TEXTO
100
AcDbText
 10
2.085
 20
-15.743500000000001
 30
0.0
 40
0.07
  1
0.68×0.65×1.05
  7
LAVA
 11
2.085
 21
-15.743500000000001
 31
0.0
100
AcDbText
 73
2
  0
TEXT
  5
7B3
330
17
100
AcDbEntity
  8
A-TEXTO
100
AcDbText
 10
3.835
 20
-15.743500000000001
 30
0.0
 40
0.07
  1
A-EQUIPO
  7
LAVA
 11
3.835
 21
-15.743500000000001
 31
0.0
100
AcDbText
 73
2
  0
TEXT
  5
7B4
330
17
100
AcDbEntity
  8
A-TEXTO
100
AcDbText
 10
5.285
 20
-15.743500000000001
 30
0.0
 40
0.07
  1
Barra compacta de bebidas con enfriador bajo barra y pileta de barra (extender drenaje existente WP5 ≈1 m — VERIFY).
  7
LAVA
 11
5.285
 21
-15.743500000000001
 31
0.0
100
AcDbText
 73
2
  0
LINE
  5
7B5
330
17
100
AcDbEntity
  8
A-TEXTO
370
5
100
AcDbLine
 10
-2.215
 20
-15.817000000000002
 30
0.0
 11
17.535
 21
-15.817000000000002
 31
0.0
  0
TEXT
  5
7B6
330
17
100
AcDbEntity
  8
A-TEXTO
100
AcDbText
 10
-2.165
 20
-15.890500000000001
 30
0.0
 40
0.07
  1
C2
  7
LAVA-B
 11
-2.165
 21
-15.890500000000001
 31
0.0
100
AcDbText
 73
2
  0
TEXT
  5
7B7
330
17
100
AcDbEntity
  8
A-TEXTO
100
AcDbText
 10
-1.4149999999999998
 20
-15.890500000000001
 30
0.0
 40
0.07
  1
Pase / pickup caliente
  7
LAVA
 11
-1.4149999999999998
 21
-15.890500000000001
 31
0.0
100
AcDbText
 73
2
  0
TEXT
  5
7B8
330
17
100
AcDbEntity
  8
A-TEXTO
100
AcDbText
 10
2.085
 20
-15.890500000000001
 30
0.0
 40
0.07
  1
0.65×0.65×1.05
  7
LAVA
 11
2.085
 21
-15.890500000000001
 31
0.0
100
AcDbText
 73
2
  0
TEXT
  5
7B9
330
17
100
AcDbEntity
  8
A-TEXTO
100
AcDbText
 10
3.835
 20
-15.890500000000001
 30
0.0
 40
0.07
  1
A-EQUIPO
  7
LAVA
 11
3.835
 21
-15.890500000000001
 31
0.0
100
AcDbText
 73
2
  0
TEXT
  5
7BA
330
17
100
AcDbEntity
  8
A-TEXTO
100
AcDbText
 10
5.285
 20
-15.890500000000001
 30
0.0
 40
0.07
  1
Repisa de pase con lámparas de calor: se carga desde el pasillo de barra (lado cocina) y se retira desde el salón.
  7
LAVA
 11
5.285
 21
-15.890500000000001
 31
0.0
100
AcDbText
 73
2
  0
LINE
  5
7BB
330
17
100
AcDbEntity
  8
A-TEXTO
370
5
100
AcDbLine
 10
-2.215
 20
-15.964000000000002
 30
0.0
 11
17.535
 21
-15.964000000000002
 31
0.0
  0
TEXT
  5
7BC
330
17
100
AcDbEntity
  8
A-TEXTO
100
AcDbText
 10
-2.165
 20
-16.0375
 30
0.0
 40
0.07
  1
C3
  7
LAVA-B
 11
-2.165
 21
-16.0375
 31
0.0
100
AcDbText
 73
2
  0
TEXT
  5
7BD
330
17
100
AcDbEntity
  8
A-TEXTO
100
AcDbText
 10
-1.4149999999999998
 20
-16.0375
 30
0.0
 40
0.07
  1
POS
  7
LAVA
 11
-1.4149999999999998
 21
-16.0375
 31
0.0
100
AcDbText
 73
2
  0
TEXT
  5
7BE
330
17
100
AcDbEntity
  8
A-TEXTO
100
AcDbText
 10
2.085
 20
-16.0375
 30
0.0
 40
0.07
  1
0.45×0.45×0.90
  7
LAVA
 11
2.085
 21
-16.0375
 31
0.0
100
AcDbText
 73
2
  0
TEXT
  5
7BF
330
17
100
AcDbEntity
  8
A-TEXTO
100
AcDbText
 10
3.835
 20
-16.0375
 30
0.0
 40
0.07
  1
A-EQUIPO
  7
LAVA
 11
3.835
 21
-16.0375
 31
0.0
100
AcDbText
 73
2
  0
TEXT
  5
7C0
330
17
100
AcDbEntity
  8
A-TEXTO
100
AcDbText
 10
5.285
 20
-16.0375
 30
0.0
 40
0.07
  1

  7
LAVA
 11
5.285
 21
-16.0375
 31
0.0
100
AcDbText
 73
2
  0
LINE
  5
7C1
330
17
100
AcDbEntity
  8
A-TEXTO
370
5
100
AcDbLine
 10
-2.215
 20
-16.111
 30
0.0
 11
17.535
 21
-16.111
 31
0.0
  0
TEXT
  5
7C2
330
17
100
AcDbEntity
  8
A-TEXTO
100
AcDbText
 10
-2.165
 20
-16.1845
 30
0.0
 40
0.07
  1
C4
  7
LAVA-B
 11
-2.165
 21
-16.1845
 31
0.0
100
AcDbText
 73
2
  0
TEXT
  5
7C3
330
17
100
AcDbEntity
  8
A-TEXTO
100
AcDbText
 10
-1.4149999999999998
 20
-16.1845
 30
0.0
 40
0.07
  1
Caja accesible (h 0.80)
  7
LAVA
 11
-1.4149999999999998
 21
-16.1845
 31
0.0
100
AcDbText
 73
2
  0
TEXT
  5
7C4
330
17
100
AcDbEntity
  8
A-TEXTO
100
AcDbText
 10
2.085
 20
-16.1845
 30
0.0
 40
0.07
  1
0.90×0.65×0.80
  7
LAVA
 11
2.085
 21
-16.1845
 31
0.0
100
AcDbText
 73
2
  0
TEXT
  5
7C5
330
17
100
AcDbEntity
  8
A-TEXTO
100
AcDbText
 10
3.835
 20
-16.1845
 30
0.0
 40
0.07
  1
A-EQUIPO
  7
LAVA
 11
3.835
 21
-16.1845
 31
0.0
100
AcDbText
 73
2
  0
TEXT
  5
7C6
330
17
100
AcDbEntity
  8
A-TEXTO
100
AcDbText
 10
5.285
 20
-16.1845
 30
0.0
 40
0.07
  1
Tramo de mostrador a 0.80 m de altura, 0.90 m de largo, con espacio libre inferior (Ley 7600, Reglamento art. 148).
  7
LAVA
 11
5.285
 21
-16.1845
 31
0.0
100
AcDbText
 73
2
  0
LINE
  5
7C7
330
17
100
AcDbEntity
  8
A-TEXTO
370
5
100
AcDbLine
 10
-2.215
 20
-16.258
 30
0.0
 11
17.535
 21
-16.258
 31
0.0
  0
TEXT
  5
7C8
330
17
100
AcDbEntity
  8
A-TEXTO
100
AcDbText
 10
-2.165
 20
-16.3315
 30
0.0
 40
0.07
  1
C5
  7
LAVA-B
 11
-2.165
 21
-16.3315
 31
0.0
100
AcDbText
 73
2
  0
TEXT
  5
7C9
330
17
100
AcDbEntity
  8
A-TEXTO
100
AcDbText
 10
-1.4149999999999998
 20
-16.3315
 30
0.0
 40
0.07
  1
Lavamanos de barra
  7
LAVA
 11
-1.4149999999999998
 21
-16.3315
 31
0.0
100
AcDbText
 73
2
  0
TEXT
  5
7CA
330
17
100
AcDbEntity
  8
A-TEXTO
100
AcDbText
 10
2.085
 20
-16.3315
 30
0.0
 40
0.07
  1
0.33×0.38×0.90
  7
LAVA
 11
2.085
 21
-16.3315
 31
0.0
100
AcDbText
 73
2
  0
TEXT
  5
7CB
330
17
100
AcDbEntity
  8
A-TEXTO
100
AcDbText
 10
3.835
 20
-16.3315
 30
0.0
 40
0.07
  1
P-SANITARIO
  7
LAVA
 11
3.835
 21
-16.3315
 31
0.0
100
AcDbText
 73
2
  0
TEXT
  5
7CC
330
17
100
AcDbEntity
  8
A-TEXTO
100
AcDbText
 10
5.285
 20
-16.3315
 30
0.0
 40
0.07
  1
Lavamanos exclusivo del personal de barra, al fondo del pasillo de barra (tramo sin salida).
  7
LAVA
 11
5.285
 21
-16.3315
 31
0.0
100
AcDbText
 73
2
  0
LINE
  5
7CD
330
17
100
AcDbEntity
  8
A-TEXTO
370
5
100
AcDbLine
 10
-2.215
 20
-16.404999999999998
 30
0.0
 11
17.535
 21
-16.404999999999998
 31
0.0
  0
TEXT
  5
7CE
330
17
100
AcDbEntity
  8
A-TEXTO
100
AcDbText
 10
-2.165
 20
-16.478499999999997
 30
0.0
 40
0.07
  1
D2
  7
LAVA-B
 11
-2.165
 21
-16.478499999999997
 31
0.0
100
AcDbText
 73
2
  0
TEXT
  5
7CF
330
17
100
AcDbEntity
  8
A-TEXTO
100
AcDbText
 10
-1.4149999999999998
 20
-16.478499999999997
 30
0.0
 40
0.07
  1
Recepción + staging / retiro delivery
  7
LAVA
 11
-1.4149999999999998
 21
-16.478499999999997
 31
0.0
100
AcDbText
 73
2
  0
TEXT
  5
7D0
330
17
100
AcDbEntity
  8
A-TEXTO
100
AcDbText
 10
2.085
 20
-16.478499999999997
 30
0.0
 40
0.07
  1
0.75×0.60×1.05
  7
LAVA
 11
2.085
 21
-16.478499999999997
 31
0.0
100
AcDbText
 73
2
  0
TEXT
  5
7D1
330
17
100
AcDbEntity
  8
A-TEXTO
100
AcDbText
 10
3.835
 20
-16.478499999999997
 30
0.0
 40
0.07
  1
A-EQUIPO
  7
LAVA
 11
3.835
 21
-16.478499999999997
 31
0.0
100
AcDbText
 73
2
  0
TEXT
  5
7D2
330
17
100
AcDbEntity
  8
A-TEXTO
100
AcDbText
 10
5.285
 20
-16.478499999999997
 30
0.0
 40
0.07
  1
Atril de recepción con repisa para pedidos listos: el repartidor retira en la entrada sin cruzar el salón. Los pedidos se empacan en el…
  7
LAVA
 11
5.285
 21
-16.478499999999997
 31
0.0
100
AcDbText
 73
2
  0
LINE
  5
7D3
330
17
100
AcDbEntity
  8
A-TEXTO
370
5
100
AcDbLine
 10
-2.215
 20
-16.551999999999996
 30
0.0
 11
17.535
 21
-16.551999999999996
 31
0.0
  0
TEXT
  5
7D4
330
17
100
AcDbEntity
  8
A-TEXTO
100
AcDbText
 10
-2.165
 20
-16.625499999999995
 30
0.0
 40
0.07
  1
GT-1
  7
LAVA-B
 11
-2.165
 21
-16.625499999999995
 31
0.0
100
AcDbText
 73
2
  0
TEXT
  5
7D5
330
17
100
AcDbEntity
  8
A-TEXTO
100
AcDbText
 10
-1.4149999999999998
 20
-16.625499999999995
 30
0.0
 40
0.07
  1
Trampa de grasa (bajo fregadero)
  7
LAVA
 11
-1.4149999999999998
 21
-16.625499999999995
 31
0.0
100
AcDbText
 73
2
  0
TEXT
  5
7D6
330
17
100
AcDbEntity
  8
A-TEXTO
100
AcDbText
 10
2.085
 20
-16.625499999999995
 30
0.0
 40
0.07
  1
0.70×0.70×0.40*
  7
LAVA
 11
2.085
 21
-16.625499999999995
 31
0.0
100
AcDbText
 73
2
  0
TEXT
  5
7D7
330
17
100
AcDbEntity
  8
A-TEXTO
100
AcDbText
 10
3.835
 20
-16.625499999999995
 30
0.0
 40
0.07
  1
P-SANITARIO
  7
LAVA
 11
3.835
 21
-16.625499999999995
 31
0.0
100
AcDbText
 73
2
  0
TEXT
  5
7D8
330
17
100
AcDbEntity
  8
A-TEXTO
100
AcDbText
 10
5.285
 20
-16.625499999999995
 30
0.0
 40
0.07
  1
TO BE ENGINEERED
  7
LAVA
 11
5.285
 21
-16.625499999999995
 31
0.0
100
AcDbText
 73
2
  0
LINE
  5
7D9
330
17
100
AcDbEntity
  8
A-TEXTO
370
5
100
AcDbLine
 10
-2.215
 20
-16.698999999999995
 30
0.0
 11
17.535
 21
-16.698999999999995
 31
0.0
  0
TEXT
  5
7DA
330
17
100
AcDbEntity
  8
A-TEXTO
100
AcDbText
 10
-2.165
 20
-16.772499999999994
 30
0.0
 40
0.07
  1
H1
  7
LAVA-B
 11
-2.165
 21
-16.772499999999994
 31
0.0
100
AcDbText
 73
2
  0
TEXT
  5
7DB
330
17
100
AcDbEntity
  8
A-TEXTO
100
AcDbText
 10
-1.4149999999999998
 20
-16.772499999999994
 30
0.0
 40
0.07
  1
Parrilla argentina
  7
LAVA
 11
-1.4149999999999998
 21
-16.772499999999994
 31
0.0
100
AcDbText
 73
2
  0
TEXT
  5
7DC
330
17
100
AcDbEntity
  8
A-TEXTO
100
AcDbText
 10
2.085
 20
-16.772499999999994
 30
0.0
 40
0.07
  1
1.50×0.90×0.90*
  7
LAVA
 11
2.085
 21
-16.772499999999994
 31
0.0
100
AcDbText
 73
2
  0
TEXT
  5
7DD
330
17
100
AcDbEntity
  8
A-TEXTO
100
AcDbText
 10
3.835
 20
-16.772499999999994
 30
0.0
 40
0.07
  1
A-EQUIPO
  7
LAVA
 11
3.835
 21
-16.772499999999994
 31
0.0
100
AcDbText
 73
2
  0
TEXT
  5
7DE
330
17
100
AcDbEntity
  8
A-TEXTO
100
AcDbText
 10
5.285
 20
-16.772499999999994
 30
0.0
 40
0.07
  1
Carbón/leña. 150 cm; fondo y brasero TBV. Pieza visual principal: de frente al salón tras el vidrio.
  7
LAVA
 11
5.285
 21
-16.772499999999994
 31
0.0
100
AcDbText
 73
2
  0
LINE
  5
7DF
330
17
100
AcDbEntity
  8
A-TEXTO
370
5
100
AcDbLine
 10
-2.215
 20
-16.845999999999993
 30
0.0
 11
17.535
 21
-16.845999999999993
 31
0.0
  0
TEXT
  5
7E0
330
17
100
AcDbEntity
  8
A-TEXTO
100
AcDbText
 10
-2.165
 20
-16.919499999999992
 30
0.0
 40
0.07
  1
H2
  7
LAVA-B
 11
-2.165
 21
-16.919499999999992
 31
0.0
100
AcDbText
 73
2
  0
TEXT
  5
7E1
330
17
100
AcDbEntity
  8
A-TEXTO
100
AcDbText
 10
-1.4149999999999998
 20
-16.919499999999992
 30
0.0
 40
0.07
  1
Cocina 4 quemadores (gas de red)
  7
LAVA
 11
-1.4149999999999998
 21
-16.919499999999992
 31
0.0
100
AcDbText
 73
2
  0
TEXT
  5
7E2
330
17
100
AcDbEntity
  8
A-TEXTO
100
AcDbText
 10
2.085
 20
-16.919499999999992
 30
0.0
 40
0.07
  1
0.80×0.80×0.90*
  7
LAVA
 11
2.085
 21
-16.919499999999992
 31
0.0
100
AcDbText
 73
2
  0
TEXT
  5
7E3
330
17
100
AcDbEntity
  8
A-TEXTO
100
AcDbText
 10
3.835
 20
-16.919499999999992
 30
0.0
 40
0.07
  1
A-EQUIPO
  7
LAVA
 11
3.835
 21
-16.919499999999992
 31
0.0
100
AcDbText
 73
2
  0
TEXT
  5
7E4
330
17
100
AcDbEntity
  8
A-TEXTO
100
AcDbText
 10
5.285
 20
-16.919499999999992
 30
0.0
 40
0.07
  1
4 quemadores extragrandes, gas de la red del centro comercial (sin cilindros en el local); frente 80 cm TBV.
  7
LAVA
 11
5.285
 21
-16.919499999999992
 31
0.0
100
AcDbText
 73
2
  0
LINE
  5
7E5
330
17
100
AcDbEntity
  8
A-TEXTO
370
5
100
AcDbLine
 10
-2.215
 20
-16.99299999999999
 30
0.0
 11
17.535
 21
-16.99299999999999
 31
0.0
  0
TEXT
  5
7E6
330
17
100
AcDbEntity
  8
A-TEXTO
100
AcDbText
 10
-2.165
 20
-17.06649999999999
 30
0.0
 40
0.07
  1
H3
  7
LAVA-B
 11
-2.165
 21
-17.06649999999999
 31
0.0
100
AcDbText
 73
2
  0
TEXT
  5
7E7
330
17
100
AcDbEntity
  8
A-TEXTO
100
AcDbText
 10
-1.4149999999999998
 20
-17.06649999999999
 30
0.0
 40
0.07
  1
Plancha
  7
LAVA
 11
-1.4149999999999998
 21
-17.06649999999999
 31
0.0
100
AcDbText
 73
2
  0
TEXT
  5
7E8
330
17
100
AcDbEntity
  8
A-TEXTO
100
AcDbText
 10
2.085
 20
-17.06649999999999
 30
0.0
 40
0.07
  1
0.70×0.80×0.90*
  7
LAVA
 11
2.085
 21
-17.06649999999999
 31
0.0
100
AcDbText
 73
2
  0
TEXT
  5
7E9
330
17
100
AcDbEntity
  8
A-TEXTO
100
AcDbText
 10
3.835
 20
-17.06649999999999
 30
0.0
 40
0.07
  1
A-EQUIPO
  7
LAVA
 11
3.835
 21
-17.06649999999999
 31
0.0
100
AcDbText
 73
2
  0
TEXT
  5
7EA
330
17
100
AcDbEntity
  8
A-TEXTO
100
AcDbText
 10
5.285
 20
-17.06649999999999
 30
0.0
 40
0.07
  1
Módulo 70 cm; fondo TBV.
  7
LAVA
 11
5.285
 21
-17.06649999999999
 31
0.0
100
AcDbText
 73
2
  0
LINE
  5
7EB
330
17
100
AcDbEntity
  8
A-TEXTO
370
5
100
AcDbLine
 10
-2.215
 20
-17.13999999999999
 30
0.0
 11
17.535
 21
-17.13999999999999
 31
0.0
  0
TEXT
  5
7EC
330
17
100
AcDbEntity
  8
A-TEXTO
100
AcDbText
 10
-2.165
 20
-17.21349999999999
 30
0.0
 40
0.07
  1
H4
  7
LAVA-B
 11
-2.165
 21
-17.21349999999999
 31
0.0
100
AcDbText
 73
2
  0
TEXT
  5
7ED
330
17
100
AcDbEntity
  8
A-TEXTO
100
AcDbText
 10
-1.4149999999999998
 20
-17.21349999999999
 30
0.0
 40
0.07
  1
Freidora 1
  7
LAVA
 11
-1.4149999999999998
 21
-17.21349999999999
 31
0.0
100
AcDbText
 73
2
  0
TEXT
  5
7EE
330
17
100
AcDbEntity
  8
A-TEXTO
100
AcDbText
 10
2.085
 20
-17.21349999999999
 30
0.0
 40
0.07
  1
0.40×0.80×0.90*
  7
LAVA
 11
2.085
 21
-17.21349999999999
 31
0.0
100
AcDbText
 73
2
  0
TEXT
  5
7EF
330
17
100
AcDbEntity
  8
A-TEXTO
100
AcDbText
 10
3.835
 20
-17.21349999999999
 30
0.0
 40
0.07
  1
A-EQUIPO
  7
LAVA
 11
3.835
 21
-17.21349999999999
 31
0.0
100
AcDbText
 73
2
  0
TEXT
  5
7F0
330
17
100
AcDbEntity
  8
A-TEXTO
100
AcDbText
 10
5.285
 20
-17.21349999999999
 30
0.0
 40
0.07
  1
Freidora independiente; huella comercial 40×80 — DIMENSION TO VERIFY.
  7
LAVA
 11
5.285
 21
-17.21349999999999
 31
0.0
100
AcDbText
 73
2
  0
LINE
  5
7F1
330
17
100
AcDbEntity
  8
A-TEXTO
370
5
100
AcDbLine
 10
-2.215
 20
-17.28699999999999
 30
0.0
 11
17.535
 21
-17.28699999999999
 31
0.0
  0
TEXT
  5
7F2
330
17
100
AcDbEntity
  8
A-TEXTO
100
AcDbText
 10
-2.165
 20
-17.360499999999988
 30
0.0
 40
0.07
  1
H5
  7
LAVA-B
 11
-2.165
 21
-17.360499999999988
 31
0.0
100
AcDbText
 73
2
  0
TEXT
  5
7F3
330
17
100
AcDbEntity
  8
A-TEXTO
100
AcDbText
 10
-1.4149999999999998
 20
-17.360499999999988
 30
0.0
 40
0.07
  1
Freidora 2
  7
LAVA
 11
-1.4149999999999998
 21
-17.360499999999988
 31
0.0
100
AcDbText
 73
2
  0
TEXT
  5
7F4
330
17
100
AcDbEntity
  8
A-TEXTO
100
AcDbText
 10
2.085
 20
-17.360499999999988
 30
0.0
 40
0.07
  1
0.40×0.80×0.90*
  7
LAVA
 11
2.085
 21
-17.360499999999988
 31
0.0
100
AcDbText
 73
2
  0
TEXT
  5
7F5
330
17
100
AcDbEntity
  8
A-TEXTO
100
AcDbText
 10
3.835
 20
-17.360499999999988
 30
0.0
 40
0.07
  1
A-EQUIPO
  7
LAVA
 11
3.835
 21
-17.360499999999988
 31
0.0
100
AcDbText
 73
2
  0
TEXT
  5
7F6
330
17
100
AcDbEntity
  8
A-TEXTO
100
AcDbText
 10
5.285
 20
-17.360499999999988
 30
0.0
 40
0.07
  1
Freidora independiente; huella comercial 40×80 — DIMENSION TO VERIFY.
  7
LAVA
 11
5.285
 21
-17.360499999999988
 31
0.0
100
AcDbText
 73
2
  0
LINE
  5
7F7
330
17
100
AcDbEntity
  8
A-TEXTO
370
5
100
AcDbLine
 10
-2.215
 20
-17.433999999999987
 30
0.0
 11
17.535
 21
-17.433999999999987
 31
0.0
  0
TEXT
  5
7F8
330
17
100
AcDbEntity
  8
A-TEXTO
100
AcDbText
 10
-2.165
 20
-17.507499999999986
 30
0.0
 40
0.07
  1
HD-1
  7
LAVA-B
 11
-2.165
 21
-17.507499999999986
 31
0.0
100
AcDbText
 73
2
  0
TEXT
  5
7F9
330
17
100
AcDbEntity
  8
A-TEXTO
100
AcDbText
 10
-1.4149999999999998
 20
-17.507499999999986
 30
0.0
 40
0.07
  1
Campana 1 · línea a gas
  7
LAVA
 11
-1.4149999999999998
 21
-17.507499999999986
 31
0.0
100
AcDbText
 73
2
  0
TEXT
  5
7FA
330
17
100
AcDbEntity
  8
A-TEXTO
100
AcDbText
 10
2.085
 20
-17.507499999999986
 30
0.0
 40
0.07
  1
2.30×1.15×0.60*
  7
LAVA
 11
2.085
 21
-17.507499999999986
 31
0.0
100
AcDbText
 73
2
  0
TEXT
  5
7FB
330
17
100
AcDbEntity
  8
A-TEXTO
100
AcDbText
 10
3.835
 20
-17.507499999999986
 30
0.0
 40
0.07
  1
A-EQUIPO-ALTO
  7
LAVA
 11
3.835
 21
-17.507499999999986
 31
0.0
100
AcDbText
 73
2
  0
TEXT
  5
7FC
330
17
100
AcDbEntity
  8
A-TEXTO
100
AcDbText
 10
5.285
 20
-17.507499999999986
 30
0.0
 40
0.07
  1
EXTRACTION / MAKE-UP AIR / FIRE SUPPRESSION TO BE ENGINEERED
  7
LAVA
 11
5.285
 21
-17.507499999999986
 31
0.0
100
AcDbText
 73
2
  0
LINE
  5
7FD
330
17
100
AcDbEntity
  8
A-TEXTO
370
5
100
AcDbLine
 10
-2.215
 20
-17.580999999999985
 30
0.0
 11
17.535
 21
-17.580999999999985
 31
0.0
  0
TEXT
  5
7FE
330
17
100
AcDbEntity
  8
A-TEXTO
100
AcDbText
 10
-2.165
 20
-17.654499999999985
 30
0.0
 40
0.07
  1
HD-2
  7
LAVA-B
 11
-2.165
 21
-17.654499999999985
 31
0.0
100
AcDbText
 73
2
  0
TEXT
  5
7FF
330
17
100
AcDbEntity
  8
A-TEXTO
100
AcDbText
 10
-1.4149999999999998
 20
-17.654499999999985
 30
0.0
 40
0.07
  1
Campana 2 · parrilla (combustible sólido)
  7
LAVA
 11
-1.4149999999999998
 21
-17.654499999999985
 31
0.0
100
AcDbText
 73
2
  0
TEXT
  5
800
330
17
100
AcDbEntity
  8
A-TEXTO
100
AcDbText
 10
2.085
 20
-17.654499999999985
 30
0.0
 40
0.07
  1
1.55×1.10×0.60*
  7
LAVA
 11
2.085
 21
-17.654499999999985
 31
0.0
100
AcDbText
 73
2
  0
TEXT
  5
801
330
17
100
AcDbEntity
  8
A-TEXTO
100
AcDbText
 10
3.835
 20
-17.654499999999985
 30
0.0
 40
0.07
  1
A-EQUIPO-ALTO
  7
LAVA
 11
3.835
 21
-17.654499999999985
 31
0.0
100
AcDbText
 73
2
  0
TEXT
  5
802
330
17
100
AcDbEntity
  8
A-TEXTO
100
AcDbText
 10
5.285
 20
-17.654499999999985
 30
0.0
 40
0.07
  1
EXTRACTION / MAKE-UP AIR / FIRE SUPPRESSION TO BE ENGINEERED
  7
LAVA
 11
5.285
 21
-17.654499999999985
 31
0.0
100
AcDbText
 73
2
  0
LINE
  5
803
330
17
100
AcDbEntity
  8
A-TEXTO
370
5
100
AcDbLine
 10
-2.215
 20
-17.727999999999984
 30
0.0
 11
17.535
 21
-17.727999999999984
 31
0.0
  0
TEXT
  5
804
330
17
100
AcDbEntity
  8
A-TEXTO
100
AcDbText
 10
-2.165
 20
-17.801499999999983
 30
0.0
 40
0.07
  1
K1
  7
LAVA-B
 11
-2.165
 21
-17.801499999999983
 31
0.0
100
AcDbText
 73
2
  0
TEXT
  5
805
330
17
100
AcDbEntity
  8
A-TEXTO
100
AcDbText
 10
-1.4149999999999998
 20
-17.801499999999983
 30
0.0
 40
0.07
  1
Mesa de trabajo inox
  7
LAVA
 11
-1.4149999999999998
 21
-17.801499999999983
 31
0.0
100
AcDbText
 73
2
  0
TEXT
  5
806
330
17
100
AcDbEntity
  8
A-TEXTO
100
AcDbText
 10
2.085
 20
-17.801499999999983
 30
0.0
 40
0.07
  1
1.40×0.70×0.90
  7
LAVA
 11
2.085
 21
-17.801499999999983
 31
0.0
100
AcDbText
 73
2
  0
TEXT
  5
807
330
17
100
AcDbEntity
  8
A-TEXTO
100
AcDbText
 10
3.835
 20
-17.801499999999983
 30
0.0
 40
0.07
  1
A-EQUIPO
  7
LAVA
 11
3.835
 21
-17.801499999999983
 31
0.0
100
AcDbText
 73
2
  0
TEXT
  5
808
330
17
100
AcDbEntity
  8
A-TEXTO
100
AcDbText
 10
5.285
 20
-17.801499999999983
 30
0.0
 40
0.07
  1
Apoyo / mise en place / bandejeo / terminación junto a la línea. 140 × 70 (ajustada para dejar 1.10 m frente a freidoras).
  7
LAVA
 11
5.285
 21
-17.801499999999983
 31
0.0
100
AcDbText
 73
2
  0
LINE
  5
809
330
17
100
AcDbEntity
  8
A-TEXTO
370
5
100
AcDbLine
 10
-2.215
 20
-17.874999999999982
 30
0.0
 11
17.535
 21
-17.874999999999982
 31
0.0
  0
TEXT
  5
80A
330
17
100
AcDbEntity
  8
A-TEXTO
100
AcDbText
 10
-2.165
 20
-17.94849999999998
 30
0.0
 40
0.07
  1
K2
  7
LAVA-B
 11
-2.165
 21
-17.94849999999998
 31
0.0
100
AcDbText
 73
2
  0
TEXT
  5
80B
330
17
100
AcDbEntity
  8
A-TEXTO
100
AcDbText
 10
-1.4149999999999998
 20
-17.94849999999998
 30
0.0
 40
0.07
  1
Horno (sobre mesa)
  7
LAVA
 11
-1.4149999999999998
 21
-17.94849999999998
 31
0.0
100
AcDbText
 73
2
  0
TEXT
  5
80C
330
17
100
AcDbEntity
  8
A-TEXTO
100
AcDbText
 10
2.085
 20
-17.94849999999998
 30
0.0
 40
0.07
  1
0.75×0.70×1.55*
  7
LAVA
 11
2.085
 21
-17.94849999999998
 31
0.0
100
AcDbText
 73
2
  0
TEXT
  5
80D
330
17
100
AcDbEntity
  8
A-TEXTO
100
AcDbText
 10
3.835
 20
-17.94849999999998
 30
0.0
 40
0.07
  1
A-EQUIPO
  7
LAVA
 11
3.835
 21
-17.94849999999998
 31
0.0
100
AcDbText
 73
2
  0
TEXT
  5
80E
330
17
100
AcDbEntity
  8
A-TEXTO
100
AcDbText
 10
5.285
 20
-17.94849999999998
 30
0.0
 40
0.07
  1
TO BE ENGINEERED
  7
LAVA
 11
5.285
 21
-17.94849999999998
 31
0.0
100
AcDbText
 73
2
  0
LINE
  5
80F
330
17
100
AcDbEntity
  8
A-TEXTO
370
5
100
AcDbLine
 10
-2.215
 20
-18.02199999999998
 30
0.0
 11
17.535
 21
-18.02199999999998
 31
0.0
  0
TEXT
  5
810
330
17
100
AcDbEntity
  8
A-TEXTO
100
AcDbText
 10
-2.165
 20
-18.09549999999998
 30
0.0
 40
0.07
  1
K3
  7
LAVA-B
 11
-2.165
 21
-18.09549999999998
 31
0.0
100
AcDbText
 73
2
  0
TEXT
  5
811
330
17
100
AcDbEntity
  8
A-TEXTO
100
AcDbText
 10
-1.4149999999999998
 20
-18.09549999999998
 30
0.0
 40
0.07
  1
Lavamanos cocina
  7
LAVA
 11
-1.4149999999999998
 21
-18.09549999999998
 31
0.0
100
AcDbText
 73
2
  0
TEXT
  5
812
330
17
100
AcDbEntity
  8
A-TEXTO
100
AcDbText
 10
2.085
 20
-18.09549999999998
 30
0.0
 40
0.07
  1
0.33×0.38×0.90
  7
LAVA
 11
2.085
 21
-18.09549999999998
 31
0.0
100
AcDbText
 73
2
  0
TEXT
  5
813
330
17
100
AcDbEntity
  8
A-TEXTO
100
AcDbText
 10
3.835
 20
-18.09549999999998
 30
0.0
 40
0.07
  1
P-SANITARIO
  7
LAVA
 11
3.835
 21
-18.09549999999998
 31
0.0
100
AcDbText
 73
2
  0
TEXT
  5
814
330
17
100
AcDbEntity
  8
A-TEXTO
100
AcDbText
 10
5.285
 20
-18.09549999999998
 30
0.0
 40
0.07
  1
Lavamanos exclusivo de la cocina (obligatorio, DE 37308-S): jabón líquido y toallas desechables, junto a la línea.
  7
LAVA
 11
5.285
 21
-18.09549999999998
 31
0.0
100
AcDbText
 73
2
  0
LINE
  5
815
330
17
100
AcDbEntity
  8
A-TEXTO
370
5
100
AcDbLine
 10
-2.215
 20
-18.16899999999998
 30
0.0
 11
17.535
 21
-18.16899999999998
 31
0.0
  0
TEXT
  5
816
330
17
100
AcDbEntity
  8
A-TEXTO
100
AcDbText
 10
-2.165
 20
-18.24249999999998
 30
0.0
 40
0.07
  1
L1
  7
LAVA-B
 11
-2.165
 21
-18.24249999999998
 31
0.0
100
AcDbText
 73
2
  0
TEXT
  5
817
330
17
100
AcDbEntity
  8
A-TEXTO
100
AcDbText
 10
-1.4149999999999998
 20
-18.24249999999998
 30
0.0
 40
0.07
  1
Casilleros del personal
  7
LAVA
 11
-1.4149999999999998
 21
-18.24249999999998
 31
0.0
100
AcDbText
 73
2
  0
TEXT
  5
818
330
17
100
AcDbEntity
  8
A-TEXTO
100
AcDbText
 10
2.085
 20
-18.24249999999998
 30
0.0
 40
0.07
  1
1.00×0.45×1.80
  7
LAVA
 11
2.085
 21
-18.24249999999998
 31
0.0
100
AcDbText
 73
2
  0
TEXT
  5
819
330
17
100
AcDbEntity
  8
A-TEXTO
100
AcDbText
 10
3.835
 20
-18.24249999999998
 30
0.0
 40
0.07
  1
A-EQUIPO
  7
LAVA
 11
3.835
 21
-18.24249999999998
 31
0.0
100
AcDbText
 73
2
  0
TEXT
  5
81A
330
17
100
AcDbEntity
  8
A-TEXTO
100
AcDbText
 10
5.285
 20
-18.24249999999998
 30
0.0
 40
0.07
  1
Mueble cerrado de 10 casilleros (100 × 45 × 180) fuera de las áreas de alimentos, junto a P-1. El personal usa los servicios sanitarios…
  7
LAVA
 11
5.285
 21
-18.24249999999998
 31
0.0
100
AcDbText
 73
2
  0
LINE
  5
81B
330
17
100
AcDbEntity
  8
A-TEXTO
370
5
100
AcDbLine
 10
-2.215
 20
-18.315999999999978
 30
0.0
 11
17.535
 21
-18.315999999999978
 31
0.0
  0
TEXT
  5
81C
330
17
100
AcDbEntity
  8
A-TEXTO
100
AcDbText
 10
-2.165
 20
-18.389499999999977
 30
0.0
 40
0.07
  1
S1
  7
LAVA-B
 11
-2.165
 21
-18.389499999999977
 31
0.0
100
AcDbText
 73
2
  0
TEXT
  5
81D
330
17
100
AcDbEntity
  8
A-TEXTO
100
AcDbText
 10
-1.4149999999999998
 20
-18.389499999999977
 30
0.0
 40
0.07
  1
Smoker vertical (ahumador)
  7
LAVA
 11
-1.4149999999999998
 21
-18.389499999999977
 31
0.0
100
AcDbText
 73
2
  0
TEXT
  5
81E
330
17
100
AcDbEntity
  8
A-TEXTO
100
AcDbText
 10
2.085
 20
-18.389499999999977
 30
0.0
 40
0.07
  1
1.40×0.75×1.90*
  7
LAVA
 11
2.085
 21
-18.389499999999977
 31
0.0
100
AcDbText
 73
2
  0
TEXT
  5
81F
330
17
100
AcDbEntity
  8
A-TEXTO
100
AcDbText
 10
3.835
 20
-18.389499999999977
 30
0.0
 40
0.07
  1
A-EQUIPO
  7
LAVA
 11
3.835
 21
-18.389499999999977
 31
0.0
100
AcDbText
 73
2
  0
TEXT
  5
820
330
17
100
AcDbEntity
  8
A-TEXTO
100
AcDbText
 10
5.285
 20
-18.389499999999977
 30
0.0
 40
0.07
  1
SOLID-FUEL SMOKER - LOCATION / FLUE / FIRE CODE TO BE VALIDATED
  7
LAVA
 11
5.285
 21
-18.389499999999977
 31
0.0
100
AcDbText
 73
2
  0
LINE
  5
821
330
17
100
AcDbEntity
  8
A-TEXTO
370
5
100
AcDbLine
 10
-2.215
 20
-18.462999999999976
 30
0.0
 11
17.535
 21
-18.462999999999976
 31
0.0
  0
TEXT
  5
822
330
17
100
AcDbEntity
  8
A-TEXTO
100
AcDbText
 10
-2.165
 20
-18.536499999999975
 30
0.0
 40
0.07
  1
S2
  7
LAVA-B
 11
-2.165
 21
-18.536499999999975
 31
0.0
100
AcDbText
 73
2
  0
TEXT
  5
823
330
17
100
AcDbEntity
  8
A-TEXTO
100
AcDbText
 10
-1.4149999999999998
 20
-18.536499999999975
 30
0.0
 40
0.07
  1
Holding caliente
  7
LAVA
 11
-1.4149999999999998
 21
-18.536499999999975
 31
0.0
100
AcDbText
 73
2
  0
TEXT
  5
824
330
17
100
AcDbEntity
  8
A-TEXTO
100
AcDbText
 10
2.085
 20
-18.536499999999975
 30
0.0
 40
0.07
  1
0.60×0.75×1.00*
  7
LAVA
 11
2.085
 21
-18.536499999999975
 31
0.0
100
AcDbText
 73
2
  0
TEXT
  5
825
330
17
100
AcDbEntity
  8
A-TEXTO
100
AcDbText
 10
3.835
 20
-18.536499999999975
 30
0.0
 40
0.07
  1
A-EQUIPO
  7
LAVA
 11
3.835
 21
-18.536499999999975
 31
0.0
100
AcDbText
 73
2
  0
TEXT
  5
826
330
17
100
AcDbEntity
  8
A-TEXTO
100
AcDbText
 10
5.285
 20
-18.536499999999975
 30
0.0
 40
0.07
  1
Gabinete de mantenimiento en caliente ≈60 × 75 TBV. Flujo smoker → holding → línea/pase.
  7
LAVA
 11
5.285
 21
-18.536499999999975
 31
0.0
100
AcDbText
 73
2
  0
LINE
  5
827
330
17
100
AcDbEntity
  8
A-TEXTO
370
5
100
AcDbLine
 10
-2.215
 20
-18.609999999999975
 30
0.0
 11
17.535
 21
-18.609999999999975
 31
0.0
  0
TEXT
  5
828
330
17
100
AcDbEntity
  8
A-TEXTO
100
AcDbText
 10
-2.165
 20
-18.683499999999974
 30
0.0
 40
0.07
  1
S3
  7
LAVA-B
 11
-2.165
 21
-18.683499999999974
 31
0.0
100
AcDbText
 73
2
  0
TEXT
  5
829
330
17
100
AcDbEntity
  8
A-TEXTO
100
AcDbText
 10
-1.4149999999999998
 20
-18.683499999999974
 30
0.0
 40
0.07
  1
Leña / carbón (rack metálico)
  7
LAVA
 11
-1.4149999999999998
 21
-18.683499999999974
 31
0.0
100
AcDbText
 73
2
  0
TEXT
  5
82A
330
17
100
AcDbEntity
  8
A-TEXTO
100
AcDbText
 10
2.085
 20
-18.683499999999974
 30
0.0
 40
0.07
  1
1.00×0.50×1.20*
  7
LAVA
 11
2.085
 21
-18.683499999999974
 31
0.0
100
AcDbText
 73
2
  0
TEXT
  5
82B
330
17
100
AcDbEntity
  8
A-TEXTO
100
AcDbText
 10
3.835
 20
-18.683499999999974
 30
0.0
 40
0.07
  1
A-EQUIPO
  7
LAVA
 11
3.835
 21
-18.683499999999974
 31
0.0
100
AcDbText
 73
2
  0
TEXT
  5
82C
330
17
100
AcDbEntity
  8
A-TEXTO
100
AcDbText
 10
5.285
 20
-18.683499999999974
 30
0.0
 40
0.07
  1
Almacén de uso diario para smoker y parrilla, separado del smoker por el holding. Distancias a combustibles TO BE VALIDATED.
  7
LAVA
 11
5.285
 21
-18.683499999999974
 31
0.0
100
AcDbText
 73
2
  0
LINE
  5
82D
330
17
100
AcDbEntity
  8
A-TEXTO
370
5
100
AcDbLine
 10
-2.215
 20
-18.756999999999973
 30
0.0
 11
17.535
 21
-18.756999999999973
 31
0.0
  0
TEXT
  5
82E
330
17
100
AcDbEntity
  8
A-TEXTO
100
AcDbText
 10
-2.165
 20
-18.830499999999972
 30
0.0
 40
0.07
  1
W1
  7
LAVA-B
 11
-2.165
 21
-18.830499999999972
 31
0.0
100
AcDbText
 73
2
  0
TEXT
  5
82F
330
17
100
AcDbEntity
  8
A-TEXTO
100
AcDbText
 10
-1.4149999999999998
 20
-18.830499999999972
 30
0.0
 40
0.07
  1
Fregadero 2 tanques
  7
LAVA
 11
-1.4149999999999998
 21
-18.830499999999972
 31
0.0
100
AcDbText
 73
2
  0
TEXT
  5
830
330
17
100
AcDbEntity
  8
A-TEXTO
100
AcDbText
 10
2.085
 20
-18.830499999999972
 30
0.0
 40
0.07
  1
2.00×0.80×0.90
  7
LAVA
 11
2.085
 21
-18.830499999999972
 31
0.0
100
AcDbText
 73
2
  0
TEXT
  5
831
330
17
100
AcDbEntity
  8
A-TEXTO
100
AcDbText
 10
3.835
 20
-18.830499999999972
 30
0.0
 40
0.07
  1
P-SANITARIO
  7
LAVA
 11
3.835
 21
-18.830499999999972
 31
0.0
100
AcDbText
 73
2
  0
TEXT
  5
832
330
17
100
AcDbEntity
  8
A-TEXTO
100
AcDbText
 10
5.285
 20
-18.830499999999972
 30
0.0
 40
0.07
  1
≈200 × 80 con escurridores. Sobre el drenaje existente de la pila de 3 tanques (WP1).
  7
LAVA
 11
5.285
 21
-18.830499999999972
 31
0.0
100
AcDbText
 73
2
  0
LINE
  5
833
330
17
100
AcDbEntity
  8
A-TEXTO
370
5
100
AcDbLine
 10
-2.215
 20
-18.90399999999997
 30
0.0
 11
17.535
 21
-18.90399999999997
 31
0.0
  0
TEXT
  5
834
330
17
100
AcDbEntity
  8
A-TEXTO
100
AcDbText
 10
-2.165
 20
-18.97749999999997
 30
0.0
 40
0.07
  1
W2
  7
LAVA-B
 11
-2.165
 21
-18.97749999999997
 31
0.0
100
AcDbText
 73
2
  0
TEXT
  5
835
330
17
100
AcDbEntity
  8
A-TEXTO
100
AcDbText
 10
-1.4149999999999998
 20
-18.97749999999997
 30
0.0
 40
0.07
  1
Lavamanos
  7
LAVA
 11
-1.4149999999999998
 21
-18.97749999999997
 31
0.0
100
AcDbText
 73
2
  0
TEXT
  5
836
330
17
100
AcDbEntity
  8
A-TEXTO
100
AcDbText
 10
2.085
 20
-18.97749999999997
 30
0.0
 40
0.07
  1
0.33×0.38×0.90
  7
LAVA
 11
2.085
 21
-18.97749999999997
 31
0.0
100
AcDbText
 73
2
  0
TEXT
  5
837
330
17
100
AcDbEntity
  8
A-TEXTO
100
AcDbText
 10
3.835
 20
-18.97749999999997
 30
0.0
 40
0.07
  1
P-SANITARIO
  7
LAVA
 11
3.835
 21
-18.97749999999997
 31
0.0
100
AcDbText
 73
2
  0
TEXT
  5
838
330
17
100
AcDbEntity
  8
A-TEXTO
100
AcDbText
 10
5.285
 20
-18.97749999999997
 30
0.0
 40
0.07
  1
33 × 38. Reutiliza la zona húmeda WP2.
  7
LAVA
 11
5.285
 21
-18.97749999999997
 31
0.0
100
AcDbText
 73
2
  0
LINE
  5
839
330
17
100
AcDbEntity
  8
A-TEXTO
370
5
100
AcDbLine
 10
-2.215
 20
-19.05099999999997
 30
0.0
 11
17.535
 21
-19.05099999999997
 31
0.0
  0
TEXT
  5
83A
330
17
100
AcDbEntity
  8
A-TEXTO
100
AcDbText
 10
-2.165
 20
-19.12449999999997
 30
0.0
 40
0.07
  1
W3
  7
LAVA-B
 11
-2.165
 21
-19.12449999999997
 31
0.0
100
AcDbText
 73
2
  0
TEXT
  5
83B
330
17
100
AcDbEntity
  8
A-TEXTO
100
AcDbText
 10
-1.4149999999999998
 20
-19.12449999999997
 30
0.0
 40
0.07
  1
Pileta / mop sink
  7
LAVA
 11
-1.4149999999999998
 21
-19.12449999999997
 31
0.0
100
AcDbText
 73
2
  0
TEXT
  5
83C
330
17
100
AcDbEntity
  8
A-TEXTO
100
AcDbText
 10
2.085
 20
-19.12449999999997
 30
0.0
 40
0.07
  1
0.50×0.60×0.45
  7
LAVA
 11
2.085
 21
-19.12449999999997
 31
0.0
100
AcDbText
 73
2
  0
TEXT
  5
83D
330
17
100
AcDbEntity
  8
A-TEXTO
100
AcDbText
 10
3.835
 20
-19.12449999999997
 30
0.0
 40
0.07
  1
P-SANITARIO
  7
LAVA
 11
3.835
 21
-19.12449999999997
 31
0.0
100
AcDbText
 73
2
  0
TEXT
  5
83E
330
17
100
AcDbEntity
  8
A-TEXTO
100
AcDbText
 10
5.285
 20
-19.12449999999997
 30
0.0
 40
0.07
  1
60 × 50 en la posición exacta de la pila palo de piso existente (WP3).
  7
LAVA
 11
5.285
 21
-19.12449999999997
 31
0.0
100
AcDbText
 73
2
  0
LINE
  5
83F
330
17
100
AcDbEntity
  8
A-TEXTO
370
5
100
AcDbLine
 10
-2.215
 20
-19.19799999999997
 30
0.0
 11
17.535
 21
-19.19799999999997
 31
0.0
  0
TEXT
  5
840
330
17
100
AcDbEntity
  8
A-TEXTO
100
AcDbText
 10
-2.165
 20
-19.271499999999968
 30
0.0
 40
0.07
  1
W4
  7
LAVA-B
 11
-2.165
 21
-19.271499999999968
 31
0.0
100
AcDbText
 73
2
  0
TEXT
  5
841
330
17
100
AcDbEntity
  8
A-TEXTO
100
AcDbText
 10
-1.4149999999999998
 20
-19.271499999999968
 30
0.0
 40
0.07
  1
Mesa de apoyo / escurrido
  7
LAVA
 11
-1.4149999999999998
 21
-19.271499999999968
 31
0.0
100
AcDbText
 73
2
  0
TEXT
  5
842
330
17
100
AcDbEntity
  8
A-TEXTO
100
AcDbText
 10
2.085
 20
-19.271499999999968
 30
0.0
 40
0.07
  1
1.87×0.60×0.90
  7
LAVA
 11
2.085
 21
-19.271499999999968
 31
0.0
100
AcDbText
 73
2
  0
TEXT
  5
843
330
17
100
AcDbEntity
  8
A-TEXTO
100
AcDbText
 10
3.835
 20
-19.271499999999968
 30
0.0
 40
0.07
  1
A-EQUIPO
  7
LAVA
 11
3.835
 21
-19.271499999999968
 31
0.0
100
AcDbText
 73
2
  0
TEXT
  5
844
330
17
100
AcDbEntity
  8
A-TEXTO
100
AcDbText
 10
5.285
 20
-19.271499999999968
 30
0.0
 40
0.07
  1
187 × 60 (mesa opcional del programa) contra la división existente P1: racks limpios / apoyo.
  7
LAVA
 11
5.285
 21
-19.271499999999968
 31
0.0
100
AcDbText
 73
2
  0
LINE
  5
845
330
17
100
AcDbEntity
  8
A-TEXTO
370
5
100
AcDbLine
 10
-2.215
 20
-19.344999999999967
 30
0.0
 11
17.535
 21
-19.344999999999967
 31
0.0
  0
TEXT
  5
846
330
17
100
AcDbEntity
  8
A-TEXTO
100
AcDbText
 10
-2.165
 20
-19.418499999999966
 30
0.0
 40
0.07
  1
W5
  7
LAVA-B
 11
-2.165
 21
-19.418499999999966
 31
0.0
100
AcDbText
 73
2
  0
TEXT
  5
847
330
17
100
AcDbEntity
  8
A-TEXTO
100
AcDbText
 10
-1.4149999999999998
 20
-19.418499999999966
 30
0.0
 40
0.07
  1
Estante loza limpia
  7
LAVA
 11
-1.4149999999999998
 21
-19.418499999999966
 31
0.0
100
AcDbText
 73
2
  0
TEXT
  5
848
330
17
100
AcDbEntity
  8
A-TEXTO
100
AcDbText
 10
2.085
 20
-19.418499999999966
 30
0.0
 40
0.07
  1
1.20×0.35×1.80
  7
LAVA
 11
2.085
 21
-19.418499999999966
 31
0.0
100
AcDbText
 73
2
  0
TEXT
  5
849
330
17
100
AcDbEntity
  8
A-TEXTO
100
AcDbText
 10
3.835
 20
-19.418499999999966
 30
0.0
 40
0.07
  1
A-EQUIPO
  7
LAVA
 11
3.835
 21
-19.418499999999966
 31
0.0
100
AcDbText
 73
2
  0
TEXT
  5
84A
330
17
100
AcDbEntity
  8
A-TEXTO
100
AcDbText
 10
5.285
 20
-19.418499999999966
 30
0.0
 40
0.07
  1
120 × 35, 4 niveles.
  7
LAVA
 11
5.285
 21
-19.418499999999966
 31
0.0
100
AcDbText
 73
2
  0
LINE
  5
84B
330
17
100
AcDbEntity
  8
A-TEXTO
370
5
100
AcDbLine
 10
-2.215
 20
-19.491999999999965
 30
0.0
 11
17.535
 21
-19.491999999999965
 31
0.0
  0
TEXT
  5
84C
330
17
100
AcDbEntity
  8
A-TEXTO
100
AcDbText
 10
-2.165
 20
-19.565499999999965
 30
0.0
 40
0.07
  1
W6
  7
LAVA-B
 11
-2.165
 21
-19.565499999999965
 31
0.0
100
AcDbText
 73
2
  0
TEXT
  5
84D
330
17
100
AcDbEntity
  8
A-TEXTO
100
AcDbText
 10
-1.4149999999999998
 20
-19.565499999999965
 30
0.0
 40
0.07
  1
Basureros con tapa (bajo escurridor sucio)
  7
LAVA
 11
-1.4149999999999998
 21
-19.565499999999965
 31
0.0
100
AcDbText
 73
2
  0
TEXT
  5
84E
330
17
100
AcDbEntity
  8
A-TEXTO
100
AcDbText
 10
2.085
 20
-19.565499999999965
 30
0.0
 40
0.07
  1
0.80×0.70×0.70
  7
LAVA
 11
2.085
 21
-19.565499999999965
 31
0.0
100
AcDbText
 73
2
  0
TEXT
  5
84F
330
17
100
AcDbEntity
  8
A-TEXTO
100
AcDbText
 10
3.835
 20
-19.565499999999965
 30
0.0
 40
0.07
  1
A-EQUIPO
  7
LAVA
 11
3.835
 21
-19.565499999999965
 31
0.0
100
AcDbText
 73
2
  0
TEXT
  5
850
330
17
100
AcDbEntity
  8
A-TEXTO
100
AcDbText
 10
5.285
 20
-19.565499999999965
 30
0.0
 40
0.07
  1
3 contenedores con tapa y pedal (orgánicos / valorizables / ordinarios) bajo el escurridor norte de W1, donde entra la loza sucia. Retiro…
  7
LAVA
 11
5.285
 21
-19.565499999999965
 31
0.0
100
AcDbText
 73
2
  0
LINE
  5
851
330
17
100
AcDbEntity
  8
A-TEXTO
370
5
100
AcDbLine
 10
-2.215
 20
-19.638999999999964
 30
0.0
 11
17.535
 21
-19.638999999999964
 31
0.0
  0
TEXT
  5
852
330
17
100
AcDbEntity
  8
A-TEXTO
100
AcDbText
 10
-2.165
 20
-19.712499999999963
 30
0.0
 40
0.07
  1
W7
  7
LAVA-B
 11
-2.165
 21
-19.712499999999963
 31
0.0
100
AcDbText
 73
2
  0
TEXT
  5
853
330
17
100
AcDbEntity
  8
A-TEXTO
100
AcDbText
 10
-1.4149999999999998
 20
-19.712499999999963
 30
0.0
 40
0.07
  1
Gabinete de químicos
  7
LAVA
 11
-1.4149999999999998
 21
-19.712499999999963
 31
0.0
100
AcDbText
 73
2
  0
TEXT
  5
854
330
17
100
AcDbEntity
  8
A-TEXTO
100
AcDbText
 10
2.085
 20
-19.712499999999963
 30
0.0
 40
0.07
  1
0.33×0.30×1.80
  7
LAVA
 11
2.085
 21
-19.712499999999963
 31
0.0
100
AcDbText
 73
2
  0
TEXT
  5
855
330
17
100
AcDbEntity
  8
A-TEXTO
100
AcDbText
 10
3.835
 20
-19.712499999999963
 30
0.0
 40
0.07
  1
A-EQUIPO
  7
LAVA
 11
3.835
 21
-19.712499999999963
 31
0.0
100
AcDbText
 73
2
  0
TEXT
  5
856
330
17
100
AcDbEntity
  8
A-TEXTO
100
AcDbText
 10
5.285
 20
-19.712499999999963
 30
0.0
 40
0.07
  1
Gabinete cerrado y rotulado para productos de limpieza, lejos de alimentos y loza limpia.
  7
LAVA
 11
5.285
 21
-19.712499999999963
 31
0.0
100
AcDbText
 73
2
  0
LINE
  5
857
330
17
100
AcDbEntity
  8
A-TEXTO
370
5
100
AcDbLine
 10
-2.215
 20
-19.785999999999962
 30
0.0
 11
17.535
 21
-19.785999999999962
 31
0.0
  0
ENDSEC
  0
SECTION
  2
OBJECTS
  0
DICTIONARY
  5
A
330
0
100
AcDbDictionary
281
1
  3
ACAD_COLOR
350
B
  3
ACAD_GROUP
350
C
  3
ACAD_LAYOUT
350
D
  3
ACAD_MATERIAL
350
E
  3
ACAD_MLEADERSTYLE
350
F
  3
ACAD_MLINESTYLE
350
10
  3
ACAD_PLOTSETTINGS
350
11
  3
ACAD_PLOTSTYLENAME
350
12
  3
ACAD_SCALELIST
350
14
  3
ACAD_TABLESTYLE
350
15
  3
ACAD_VISUALSTYLE
350
16
  3
EZDXF_META
350
2D
  0
DICTIONARY
  5
B
330
A
100
AcDbDictionary
281
1
  0
DICTIONARY
  5
C
330
A
100
AcDbDictionary
281
1
  0
DICTIONARY
  5
D
330
A
100
AcDbDictionary
281
1
  3
Model
350
1A
  3
Layout1
350
1E
  0
DICTIONARY
  5
E
330
A
100
AcDbDictionary
281
1
  3
ByBlock
350
1F
  3
ByLayer
350
20
  3
Global
350
21
  0
DICTIONARY
  5
F
330
A
100
AcDbDictionary
281
1
  3
Standard
350
2C
  0
DICTIONARY
  5
10
330
A
100
AcDbDictionary
281
1
  3
Standard
350
22
  0
DICTIONARY
  5
11
330
A
100
AcDbDictionary
281
1
  0
ACDBDICTIONARYWDFLT
  5
12
330
A
100
AcDbDictionary
281
1
  3
Normal
350
13
100
AcDbDictionaryWithDefault
340
13
  0
ACDBPLACEHOLDER
  5
13
330
12
  0
DICTIONARY
  5
14
330
A
100
AcDbDictionary
281
1
  0
DICTIONARY
  5
15
330
A
100
AcDbDictionary
281
1
  0
DICTIONARY
  5
16
330
A
100
AcDbDictionary
281
1
  0
LAYOUT
  5
1A
330
D
100
AcDbPlotSettings
  1

  4
A3
  6

 40
7.5
 41
20.0
 42
7.5
 43
20.0
 44
420.0
 45
297.0
 46
0.0
 47
0.0
 48
0.0
 49
0.0
140
0.0
141
0.0
142
1.0
143
1.0
 70
1024
 72
1
 73
0
 74
5
  7

 75
16
 76
0
 77
2
 78
300
147
1.0
148
0.0
149
0.0
100
AcDbLayout
  1
Model
 70
1
 71
0
 10
0.0
 20
0.0
 11
420.0
 21
297.0
 12
0.0
 22
0.0
 32
0.0
 14
1e+20
 24
1e+20
 34
1e+20
 15
-1e+20
 25
-1e+20
 35
-1e+20
146
0.0
 13
0.0
 23
0.0
 33
0.0
 16
1.0
 26
0.0
 36
0.0
 17
0.0
 27
1.0
 37
0.0
 76
1
330
17
  0
LAYOUT
  5
1E
330
D
100
AcDbPlotSettings
  1

  4
A3
  6

 40
7.5
 41
20.0
 42
7.5
 43
20.0
 44
420.0
 45
297.0
 46
0.0
 47
0.0
 48
0.0
 49
0.0
140
0.0
141
0.0
142
1.0
143
1.0
 70
0
 72
1
 73
0
 74
5
  7

 75
16
 76
0
 77
2
 78
300
147
1.0
148
0.0
149
0.0
100
AcDbLayout
  1
Layout1
 70
1
 71
1
 10
0.0
 20
0.0
 11
420.0
 21
297.0
 12
0.0
 22
0.0
 32
0.0
 14
1e+20
 24
1e+20
 34
1e+20
 15
-1e+20
 25
-1e+20
 35
-1e+20
146
0.0
 13
0.0
 23
0.0
 33
0.0
 16
1.0
 26
0.0
 36
0.0
 17
0.0
 27
1.0
 37
0.0
 76
1
330
1B
  0
MATERIAL
  5
1F
102
{ACAD_REACTORS
330
E
102
}
330
E
100
AcDbMaterial
  1
ByBlock
  2

 70
0
 40
1.0
 71
1
 41
1.0
 91
-1023410177
 42
1.0
 72
1
  3

 73
1
 74
1
 75
1
 44
0.5
 73
0
 45
1.0
 46
1.0
 77
1
  4

 78
1
 79
1
170
1
 48
1.0
171
1
  6

172
1
173
1
174
1
140
1.0
141
1.0
175
1
  7

176
1
177
1
178
1
143
1.0
179
1
  8

270
1
271
1
272
1
145
1.0
146
1.0
273
1
  9

274
1
275
1
276
1
 42
1.0
 72
1
  3

 73
1
 74
1
 75
1
 94
63
  0
MATERIAL
  5
20
102
{ACAD_REACTORS
330
E
102
}
330
E
100
AcDbMaterial
  1
ByLayer
  2

 70
0
 40
1.0
 71
1
 41
1.0
 91
-1023410177
 42
1.0
 72
1
  3

 73
1
 74
1
 75
1
 44
0.5
 73
0
 45
1.0
 46
1.0
 77
1
  4

 78
1
 79
1
170
1
 48
1.0
171
1
  6

172
1
173
1
174
1
140
1.0
141
1.0
175
1
  7

176
1
177
1
178
1
143
1.0
179
1
  8

270
1
271
1
272
1
145
1.0
146
1.0
273
1
  9

274
1
275
1
276
1
 42
1.0
 72
1
  3

 73
1
 74
1
 75
1
 94
63
  0
MATERIAL
  5
21
102
{ACAD_REACTORS
330
E
102
}
330
E
100
AcDbMaterial
  1
Global
  2

 70
0
 40
1.0
 71
1
 41
1.0
 91
-1023410177
 42
1.0
 72
1
  3

 73
1
 74
1
 75
1
 44
0.5
 73
0
 45
1.0
 46
1.0
 77
1
  4

 78
1
 79
1
170
1
 48
1.0
171
1
  6

172
1
173
1
174
1
140
1.0
141
1.0
175
1
  7

176
1
177
1
178
1
143
1.0
179
1
  8

270
1
271
1
272
1
145
1.0
146
1.0
273
1
  9

274
1
275
1
276
1
 42
1.0
 72
1
  3

 73
1
 74
1
 75
1
 94
63
  0
MLINESTYLE
  5
22
102
{ACAD_REACTORS
330
10
102
}
330
10
100
AcDbMlineStyle
  2
Standard
 70
0
  3

 62
256
 51
90.0
 52
90.0
 71
2
 49
0.5
 62
256
  6
BYLAYER
 49
-0.5
 62
256
  6
BYLAYER
  0
MLEADERSTYLE
  5
2C
102
{ACAD_REACTORS
330
F
102
}
330
F
100
AcDbMLeaderStyle
179
2
170
2
171
1
172
0
 90
2
 40
0.0
 41
0.0
173
1
 91
-1056964608
 92
-2
290
1
 42
2.0
291
1
 43
8.0
  3
Standard
 44
4.0
300

342
29
174
1
175
1
176
0
178
1
 93
-1056964608
 45
4.0
292
0
297
0
 46
4.0
 94
-1056964608
 47
1.0
 49
1.0
140
1.0
294
1
141
0.0
177
0
142
1.0
295
0
296
0
143
3.75
271
0
272
9
273
9
  0
DICTIONARY
  5
2D
330
A
100
AcDbDictionary
280
1
281
1
  3
CREATED_BY_EZDXF
350
2E
  3
WRITTEN_BY_EZDXF
350
85B
  0
DICTIONARYVAR
  5
2E
330
2D
100
DictionaryVariables
280
0
  1
1.4.4 @ 2026-09-25T23:30:44.656301+00:00
  0
DICTIONARYVAR
  5
85B
330
2D
100
DictionaryVariables
280
0
  1
1.4.4 @ 2026-09-25T23:30:53.847913+00:00
  0
ENDSEC
  0
EOF
